species,n_grid_year_detections,n_blocks_detected,n_grids_detected,first_year,last_year,candidate_rank
Passer montanus,5963,5,1088,2000,2024,1
Motacilla alba,5678,5,1057,2000,2024,2
Hirundo rustica,4514,5,963,2000,2024,3
Parus minor,4104,5,727,2000,2024,4
Pica serica,3717,5,747,2000,2024,5
Streptopelia orientalis,3593,5,836,2000,2024,6
Phoenicurus auroreus,3466,5,718,2000,2024,7
Spilopelia chinensis,3450,5,607,2000,2024,8
Falco tinnunculus,3402,5,919,2000,2024,9
Pycnonotus sinensis,3395,5,536,2000,2024,10
Egretta garzetta,3320,5,619,2000,2024,11
Tachybaptus ruficollis,3251,5,687,2000,2024,12
Upupa epops,3250,5,813,2000,2024,13
Ardea cinerea,3118,5,783,2000,2024,14
Alcedo atthis,2997,5,642,2000,2024,15
Lanius schach,2974,5,491,2000,2024,16
Anas platyrhynchos,2958,5,792,2000,2024,17
Phasianus colchicus,2918,5,723,2000,2024,18
Motacilla cinerea,2846,5,736,2000,2024,19
Chloris sinica,2811,5,643,2000,2024,20
Cecropis daurica,2793,5,642,2000,2024,21
Ardeola bacchus,2739,5,539,2000,2024,22
Anthus hodgsoni,2653,5,627,2000,2024,23
Ardea alba,2577,5,662,2000,2024,24
Gallinula chloropus,2568,5,609,2000,2024,25
Tadorna ferruginea,2555,5,720,2000,2024,26
Cuculus canorus,2488,5,755,2000,2024,27
Turdus mandarinus,2459,5,464,2000,2024,28
Phalacrocorax carbo,2411,5,677,2000,2024,29
Acridotheres cristatellus,2409,5,414,2000,2024,30
Corvus macrorhynchos,2403,5,638,2000,2024,31
Anas zonorhyncha,2371,5,589,2000,2024,32
Fulica atra,2357,5,676,2000,2024,33
Milvus migrans,2356,5,654,2000,2024,34
Phoenicurus fuliginosus,2356,5,472,2000,2024,35
Podiceps cristatus,2274,5,640,2000,2024,36
Copsychus saularis,2266,5,364,2000,2024,37
Actitis hypoleucos,2261,5,681,2000,2024,38
Zosterops simplex,2256,5,455,2000,2024,39
Sinosuthora webbiana,2255,5,456,2000,2024,40
Lanius cristatus,2224,5,644,2000,2024,41
Nycticorax nycticorax,2200,5,510,2000,2024,42
Dicrurus macrocercus,2178,5,481,2000,2024,43
Spodiopsar cineraceus,2151,5,568,2000,2024,44
Cyanopica cyanus,2143,5,475,2000,2024,45
Phylloscopus inornatus,2110,5,543,2000,2024,46
Phylloscopus proregulus,2092,5,570,2000,2024,47
Emberiza pusilla,2051,5,564,2000,2024,48
Corvus corone,2047,5,645,2000,2024,49
Chroicocephalus ridibundus,2034,5,582,2000,2024,50
Dendrocopos major,2027,5,537,2000,2024,51
Aegithalos concinnus,2023,5,378,2000,2024,52
Buteo japonicus,2013,5,641,2000,2024,53
Tringa ochropus,1977,5,621,2000,2024,54
Bubulcus coromandus,1974,5,474,2000,2024,55
Tarsiger cyanurus,1939,5,528,2000,2024,56
Spizixos semitorques,1900,5,338,2000,2024,57
Columba livia,1896,5,542,2000,2024,58
Accipiter nisus,1881,5,622,2000,2024,59
Anas carolinensis,1827,5,563,2000,2024,60
Charadrius dubius,1811,5,581,2000,2024,61
Himantopus himantopus,1807,5,561,2000,2024,62
Prinia inornata,1798,5,370,2000,2024,63
Emberiza spodocephala,1794,5,523,2000,2024,64
Picus canus,1781,5,516,2000,2024,65
Phylloscopus fuscatus,1767,5,509,2000,2024,66
Buteo hemilasius,1690,5,554,2000,2024,67
Spodiopsar sericeus,1673,5,358,2002,2024,68
Garrulus glandarius,1662,5,438,2000,2024,69
Sterna hirundo,1660,5,536,2000,2024,70
Columba rupestris,1647,5,499,2000,2024,71
Pomatorhinus ruficollis,1628,5,329,2000,2024,72
Mergus merganser,1607,5,520,2000,2024,73
Fringilla montifringilla,1599,5,517,2000,2024,74
Passer cinnamomeus,1598,5,434,2000,2024,75
Myophonus caeruleus,1596,5,373,2000,2024,76
Pyrrhocorax pyrrhocorax,1595,5,424,2000,2024,77
Saxicola stejnegeri,1582,5,464,2000,2024,78
Horornis fortipes,1581,5,347,2001,2024,79
Pardaliparus venustulus,1579,5,377,2000,2024,80
Streptopelia decaocto,1576,5,502,2000,2024,81
Pycnonotus xanthorrhous,1565,5,323,2000,2024,82
Eophona migratoria,1558,5,376,2000,2024,83
Emberiza elegans,1529,5,401,2000,2024,84
Mareca strepera,1506,5,510,2000,2024,85
Pterorhinus sannio,1505,5,303,2000,2024,86
Lonchura striata,1503,5,321,2000,2024,87
Tringa nebularia,1467,5,430,2000,2024,88
Motacilla tschutschensis,1460,5,517,2000,2024,89
Hypsipetes leucocephalus,1428,5,300,2000,2024,90
Urocissa erythroryncha,1411,5,398,2002,2024,91
Delichon dasypus,1397,5,391,2000,2024,92
Carpodacus erythrinus,1394,5,444,2000,2024,93
Tringa totanus,1392,5,443,2000,2024,94
Motacilla citreola,1386,5,509,2000,2024,95
Falco peregrinus,1359,5,457,2000,2024,96
Aythya ferina,1354,5,449,2000,2024,97
Vanellus cinereus,1354,5,431,2000,2024,98
Vanellus vanellus,1352,5,463,2000,2024,99
Tringa glareola,1345,5,467,2000,2024,100
Falco subbuteo,1326,5,493,2000,2024,101
Ixos mcclellandii,1326,5,296,2000,2024,102
Gallinago gallinago,1324,5,438,2000,2024,103
Lonchura punctulata,1314,5,294,2001,2024,104
Apus pacificus,1304,5,432,2000,2024,105
Apus nipalensis,1299,5,327,2000,2024,106
Eudynamys scolopaceus,1294,5,374,2000,2024,107
Chlidonias hybrida,1273,5,449,2000,2024,108
Oriolus chinensis,1251,5,401,2000,2024,109
Periparus ater,1247,5,357,2000,2024,110
Amaurornis phoenicurus,1236,5,337,2000,2024,111
Charadrius alexandrinus,1234,5,362,2000,2024,112
Apus apus,1233,5,400,2000,2024,113
Falco amurensis,1232,5,424,2000,2024,114
Spatula clypeata,1212,5,440,2000,2024,115
Aegithalos glaucogularis,1196,5,323,2000,2024,116
Abroscopus albogularis,1192,5,280,2001,2024,117
Cuculus micropterus,1191,5,418,2000,2024,118
Turdus eunomus,1184,5,363,2000,2024,119
Lanius tephronotus,1177,5,275,2000,2024,120
Emberiza cioides,1173,5,403,2000,2024,121
Phoenicurus ochruros,1167,5,327,2000,2024,122
Circus cyaneus,1164,5,462,2000,2024,123
Aythya fuligula,1155,5,413,2000,2024,124
Accipiter trivirgatus,1152,5,312,2000,2024,125
Mareca penelope,1145,5,396,2000,2024,126
Pernis ptilorhynchus,1145,5,404,2000,2024,127
Anthus richardi,1144,5,405,2000,2024,128
Leiothrix lutea,1143,5,260,2000,2024,129
Ficedula albicilla,1138,5,409,2000,2024,130
Anthus spinoletta,1134,5,434,2001,2024,131
Emberiza godlewskii,1134,5,304,2000,2024,132
Alauda gulgula,1129,5,335,2000,2024,133
Aythya nyroca,1128,5,396,2000,2024,134
Gyps himalayensis,1126,5,274,2000,2024,135
Anas acuta,1112,5,412,2000,2024,136
Ixobrychus sinensis,1112,5,343,2000,2024,137
Parus monticolus,1107,5,216,2000,2024,138
Alauda arvensis,1104,5,401,2000,2024,139
Dicrurus hottentottus,1102,5,305,2000,2024,140
Acrocephalus orientalis,1098,5,381,2000,2024,141
Enicurus leschenaulti,1089,5,274,2000,2024,142
Bambusicola thoracicus,1067,5,231,2001,2024,143
Elanus caeruleus,1063,5,284,2000,2024,144
Picumnus innominatus,1056,5,283,2001,2024,145
Recurvirostra avosetta,1054,5,350,2000,2024,146
Eremophila alpestris,1053,5,329,2000,2024,147
Turdus naumanni,1053,5,361,2001,2024,148
Monticola solitarius,1047,5,324,2000,2024,149
Hemixos castanonotus,1044,5,214,2000,2024,150
Anser anser,1040,5,368,2000,2024,151
Dicrurus leucophaeus,1039,5,288,2000,2024,152
Saxicola maurus,1036,5,384,2000,2024,153
Pycnonotus jocosus,1020,5,194,2000,2024,154
Mareca falcata,1016,5,359,2001,2024,155
Aix galericulata,1015,5,360,2000,2024,156
Tringa erythropus,1009,5,330,2000,2024,157
Stachyridopsis ruficeps,995,5,233,2000,2023,158
Riparia riparia,989,5,427,2000,2024,159
Phoenicurus frontalis,986,5,243,2000,2024,160
Tadorna tadorna,982,5,343,2000,2024,161
Corvus corax,973,5,336,2000,2024,162
Culicicapa ceylonensis,970,5,256,2000,2024,163
Yungipicus canicapillus,965,5,278,2000,2023,164
Muscicapa sibirica,962,5,340,2000,2024,165
Cinclus pallasii,951,5,263,2000,2024,166
Platalea leucorodia,949,5,338,2000,2024,167
Dendrocitta formosae,946,5,227,2000,2024,168
Chaimarrornis leucocephalus,940,5,237,2000,2023,169
Butorides striata,938,5,316,2000,2024,170
Trochalopteron elliotii,937,5,185,2000,2024,171
Turdus hortulorum,931,5,283,2002,2024,172
Troglodytes troglodytes,928,5,298,2000,2024,173
Cisticola juncidis,919,5,274,2000,2024,174
Gracupica nigricollis,919,5,200,2000,2024,175
Pycnonotus aurigaster,913,5,186,2001,2024,176
Phylloscopus humei,905,5,273,2000,2024,177
Circus spilonotus,899,5,326,2000,2024,178
Pericrocotus solaris,897,5,234,2000,2024,179
Cuculus sparverioides,889,5,259,2000,2023,180
Aquila chrysaetos,887,5,321,2000,2024,181
Ptyonoprogne rupestris,881,5,299,2000,2024,182
Anthus rubescens,873,5,300,2001,2024,183
Picoides canicapillus,871,4,345,2006,2024,184
Lanius sphenocercus,869,5,324,2001,2024,185
Psilopogon virens,868,5,233,2000,2024,186
Ceryle rudis,861,5,224,2000,2024,187
Halcyon smyrnensis,860,5,207,2000,2024,188
Regulus regulus,855,5,262,2000,2024,189
Sitta europaea,851,5,275,2000,2024,190
Garrulax canorus,845,5,274,2002,2024,191
Riparia diluta,841,5,306,2000,2024,192
Saxicola ferreus,831,5,242,2000,2024,193
Accipiter soloensis,830,5,257,2002,2024,194
Accipiter virgatus,830,5,292,2000,2024,195
Aethopyga christinae,829,5,202,2000,2024,196
Eumyias thalassinus,829,5,216,2000,2024,197
Prinia flaviventris,827,5,181,2002,2024,198
Athene noctua,824,5,292,2000,2024,199
Anthus roseatus,823,5,269,2000,2024,200
Phoenicurus hodgsoni,823,5,235,2000,2024,201
Accipiter gentilis,822,5,324,2000,2024,202
Anser indicus,820,5,276,2000,2024,203
Emberiza tristrami,817,5,253,2000,2024,204
Netta rufina,816,5,308,2000,2024,205
Corvus frugilegus,813,5,332,2001,2024,206
Orthotomus sutorius,813,5,157,2000,2024,207
Ciconia nigra,806,5,350,2001,2024,208
Phylloscopus borealis,803,5,308,2002,2024,209
Pericrocotus ethologus,802,5,203,2000,2024,210
Spatula querquedula,796,5,342,2000,2024,211
Ardea intermedia,793,4,338,2007,2024,212
Nucifraga caryocatactes,786,5,205,2000,2024,213
Ardea purpurea,784,5,275,2000,2024,214
Cyanoderma ruficeps,784,4,256,2005,2024,215
Streptopelia tranquebarica,783,5,294,2000,2024,216
Emberiza rustica,780,5,274,2001,2024,217
Limosa limosa,778,5,277,2000,2024,218
Spinus spinus,776,5,291,2002,2024,219
Chlidonias leucopterus,775,5,305,2000,2024,220
Ficedula zanthopygia,770,5,265,2000,2024,221
Glaucidium cuculoides,770,5,240,2000,2024,222
Pterorhinus perspicillatus,769,4,228,2005,2024,223
Egretta intermedia,763,5,226,2000,2023,224
Calidris temminckii,761,5,304,2001,2024,225
Phylloscopus claudiae,761,5,222,2000,2024,226
Emberiza chrysophrys,758,5,254,2000,2024,227
Emberiza pallasi,758,5,275,2000,2024,228
Larus brunnicephalus,758,5,278,2000,2024,229
Spilornis cheela,757,5,230,2000,2024,230
Centropus sinensis,756,5,168,2000,2024,231
Bucephala clangula,755,5,285,2000,2024,232
Tringa stagnatilis,752,5,265,2000,2024,233
Charadrius placidus,751,5,302,2000,2024,234
Glaucidium brodiei,751,5,225,2001,2024,235
Megaceryle lugubris,751,5,220,2000,2024,236
Larus ichthyaetus,749,5,275,2000,2024,237
Sturnus vulgaris,747,5,311,2000,2024,238
Anser cygnoides,746,5,245,2000,2024,239
Pseudopodoces humilis,743,5,180,2000,2024,240
Zosterops erythropleurus,731,5,252,2000,2024,241
Hierococcyx sparverioides,725,5,302,2003,2024,242
Phylloscopus trochiloides,724,5,218,2000,2024,243
Larus argentatus,721,5,220,2000,2023,244
Gypaetus barbatus,720,5,216,2000,2024,245
Turdus rubrocanus,719,5,165,2000,2024,246
Enicurus schistaceus,718,5,178,2000,2024,247
Linaria flavirostris,717,5,206,2000,2024,248
Caprimulgus jotaka,716,5,274,2000,2024,249
Eurystomus orientalis,713,5,215,2000,2024,250
Pericrocotus cantonensis,713,5,241,2002,2024,251
Podiceps nigricollis,712,5,270,2000,2024,252
Cuculus poliocephalus,710,5,252,2000,2024,253
Pandion haliaetus,707,5,278,2000,2024,254
Prunella strophiata,705,5,153,2000,2024,255
Poecile montanus,703,5,237,2000,2024,256
Passer domesticus,701,5,301,2000,2024,257
Muscicapa latirostris,699,5,237,2000,2023,258
Garrulax perspicillatus,697,5,156,2001,2023,259
Butastur indicus,692,5,257,2000,2024,260
Anser fabalis,687,5,277,2001,2024,261
Halcyon pileata,682,5,267,2000,2024,262
Enicurus scouleri,678,5,180,2000,2024,263
Pericrocotus speciosus,678,5,171,2000,2024,264
Cygnus cygnus,676,5,251,2002,2024,265
Acrocephalus bistrigiceps,672,5,259,2000,2024,266
Alcippe hueti,672,5,141,2000,2024,267
Phoenicurus erythrogastrus,670,5,234,2000,2024,268
Alcippe davidi,669,5,199,2001,2024,269
Dicaeum ignipectus,668,5,187,2000,2024,270
Emberiza fucata,668,5,266,2000,2024,271
Jynx torquilla,668,5,279,2000,2024,272
Larus vegae,668,4,300,2005,2024,273
Luscinia svecica,667,5,268,2000,2024,274
Dendronanthus indicus,664,5,240,2000,2024,275
Muscicapa dauurica,661,5,304,2003,2024,276
Prunella fulvescens,652,5,207,2000,2024,277
Remiz consobrinus,651,5,214,2000,2024,278
Phylloscopus pulcher,648,5,144,2000,2024,279
Turdus ruficollis,646,5,282,2000,2024,280
Coloeus dauuricus,644,5,207,2000,2023,281
Phylloscopus armandii,643,5,178,2000,2024,282
Phylloscopus coronatus,643,5,232,2000,2024,283
Calidris alpina,638,5,190,2000,2024,284
Cygnus columbianus,638,5,225,2000,2024,285
Numenius arquata,637,5,215,2000,2024,286
Otus sunia,635,5,239,2000,2024,287
Mergellus albellus,633,5,231,2001,2024,288
Pluvialis fulva,633,5,230,2000,2024,289
Oenanthe isabellina,632,5,230,2000,2024,290
Pyrgilauda ruficollis,629,5,157,2000,2024,291
Corvus pectoralis,628,5,202,2000,2024,292
Circus melanoleucos,623,5,266,2000,2024,293
Pnoepyga pusilla,622,5,182,2000,2024,294
Botaurus stellaris,620,5,246,2001,2024,295
Galerida cristata,620,5,263,2002,2024,296
Grus grus,613,5,239,2001,2024,297
Zoothera aurea,610,5,214,2000,2024,298
Phoenicurus leucocephalus,607,4,256,2009,2024,299
Pica bottanensis,605,5,177,2000,2024,300
Accipiter gularis,603,5,232,2000,2024,301
Centropus bengalensis,596,5,220,2001,2024,302
Sternula albifrons,589,5,230,2000,2024,303
Coturnix japonica,586,5,211,2000,2024,304
Blythipicus pyrrhotis,585,5,155,2002,2024,305
Aethopyga gouldiae,584,5,149,2000,2024,306
Grus nigricollis,584,5,163,2000,2024,307
Anthus cervinus,583,5,216,2000,2024,308
Phoenicurus schisticeps,582,5,132,2000,2024,309
Pyrrhula erythaca,572,5,122,2000,2024,310
Periparus rubidiventris,571,5,114,2000,2024,311
Alaudala cheleensis,570,5,225,2000,2024,312
Lanius tigrinus,569,5,224,2000,2024,313
Poecile palustris,564,5,217,2000,2024,314
Prunella rubeculoides,564,5,151,2000,2024,315
Onychostruthus taczanowskii,558,5,157,2000,2024,316
Oenanthe deserti,556,5,244,2000,2024,317
Phylloscopus yunnanensis,550,5,153,2000,2024,318
Phylloscopus affinis,549,5,157,2000,2024,319
Phylloscopus magnirostris,545,5,145,2000,2024,320
Corvus dauuricus,540,4,290,2005,2024,321
Calidris ruficollis,529,5,181,2000,2024,322
Erpornis zantholeuca,528,5,133,2000,2024,323
Paradoxornis gularis,528,5,145,2002,2024,324
Turdus obscurus,528,5,190,2000,2024,325
Ciconia boyciana,527,5,191,2000,2024,326
Monticola rufiventris,526,5,157,2000,2024,327
Muscicapa griseisticta,522,5,183,2001,2024,328
Turdus cardis,521,5,197,2003,2024,329
Turdus kessleri,521,5,111,2000,2024,330
Turdus pallidus,519,5,153,2001,2024,331
Cuculus saturatus,518,5,210,2001,2024,332
Oenanthe pleschanka,517,5,208,2000,2024,333
Otocichla mupinensis,515,5,155,2000,2024,334
Aquila nipalensis,514,5,234,2001,2024,335
Anser albifrons,510,5,202,2000,2024,336
Calidris subminuta,506,5,210,2000,2024,337
Lophura nycthemera,505,5,130,2000,2024,338
Ixobrychus cinnamomeus,502,5,200,2000,2024,339
Phylloscopus schwarzi,499,5,223,2000,2024,340
Coccothraustes coccothraustes,498,5,221,2002,2024,341
Carpodacus dubius,495,5,113,2000,2024,342
Cinclus cinclus,493,5,148,2000,2024,343
Pericrocotus divaricatus,493,5,210,2000,2024,344
Carpodacus pulcherrimus,492,5,124,2000,2024,345
Glareola maldivarum,490,5,185,2000,2024,346
Mycerobas carnipes,489,5,129,2000,2024,347
Luscinia calliope,488,5,172,2000,2023,348
Aviceda leuphotes,486,5,174,2002,2024,349
Lanius bucephalus,484,5,210,2000,2024,350
Phylloscopus plumbeitarsus,483,5,201,2000,2024,351
Phylloscopus subaffinis,477,5,167,2000,2024,352
Anser serrirostris,474,5,191,2001,2024,353
Pluvialis squatarola,474,5,151,2000,2024,354
Lophophanes dichrous,472,5,95,2000,2024,355
Otus lettia,472,5,176,2000,2024,356
Tichodroma muraria,472,5,176,2000,2024,357
Yuhina diademata,468,5,99,2000,2023,358
Yuhina torqueola,468,5,129,2000,2023,359
Phylloscopus forresti,467,5,106,2000,2024,360
Rhopophilus pekinensis,463,5,165,2001,2024,361
Staphida torqueola,463,5,174,2002,2024,362
Ficedula erithacus,460,5,127,2000,2024,363
Lanius isabellinus,459,5,207,2000,2024,364
Leucosticte nemoricola,459,5,153,2000,2024,365
Garrulax davidi,456,5,107,2000,2023,366
Emberiza leucocephalos,452,5,179,2000,2024,367
Gelochelidon nilotica,452,5,182,2000,2024,368
Horornis canturians,452,4,233,2007,2024,369
Hydrophasianus chirurgus,450,5,175,2002,2024,370
Calidris ferruginea,447,5,192,2000,2024,371
Cyanoptila cyanomelana,447,5,160,2000,2024,372
Numenius phaeopus,447,5,144,2000,2024,373
Ficedula mugimaki,446,5,153,2000,2024,374
Oenanthe oenanthe,446,5,173,2003,2024,375
Larvivora sibilans,445,5,147,2000,2024,376
Pomatorhinus gravivox,441,5,113,2000,2023,377
Lalage melaschistos,439,4,197,2005,2024,378
Sitta villosa,439,5,132,2000,2024,379
Hirundapus caudacutus,438,5,171,2000,2024,380
Emberiza rutila,435,5,177,2000,2024,381
Sibirionetta formosa,435,5,192,2003,2024,382
Leptopoecile sophiae,434,5,118,2000,2024,383
Rhipidura albicollis,431,5,85,2000,2024,384
Aegypius monachus,429,5,192,2000,2024,385
Phylloscopus ricketti,428,5,164,2000,2024,386
Tarsiger rufilatus,427,5,103,2000,2024,387
Larus crassirostris,425,5,106,2000,2024,388
Pica pica,424,5,185,2000,2024,389
Pyrrhocorax graculus,424,5,159,2000,2024,390
Turdus atrogularis,424,5,215,2000,2024,391
Aythya baeri,421,5,173,2002,2024,392
Buteo refectus,421,5,132,2001,2024,393
Zapornia akool,421,5,155,2004,2024,394
Apus salimalii,419,5,107,2000,2024,395
Yuhina nigrimenta,419,5,116,2000,2024,396
Aerodramus brevirostris,416,5,146,2000,2024,397
Minla cyanouroptera,416,5,98,2000,2023,398
Terpsiphone incei,416,5,189,2003,2024,399
Delichon urbicum,415,5,186,2002,2024,400
Seicercus castaniceps,415,5,119,2000,2023,401
Dendrocopos hyperythrus,410,5,149,2000,2024,402
Petronia petronia,410,5,129,2000,2024,403
Coracina melaschistos,408,5,138,2000,2023,404
Sitta nagaensis,408,5,87,2000,2024,405
Charadrius leschenaultii,407,5,156,2000,2024,406
Carpodacus sibiricus,406,5,180,2002,2024,407
Loxia curvirostra,405,5,176,2000,2024,408
Rallus indicus,405,5,172,2001,2024,409
Zosterops palpebrosus,404,5,100,2000,2024,410
Carpodacus rubicilloides,403,5,118,2001,2024,411
Falco cherrug,402,4,229,2003,2024,412
Carpodacus waltoni,399,5,115,2000,2024,413
Larus canus,397,5,162,2000,2024,414
Clamator coromandus,395,5,164,2000,2024,415
Hieraaetus pennatus,394,5,170,2001,2024,416
Chloropsis hardwickii,393,5,101,2002,2024,417
Bombycilla garrulus,391,5,204,2000,2024,418
Bubo bubo,390,5,196,2000,2024,419
Phylloscopus tenellipes,389,5,159,2000,2024,420
Heterophasia desgodinsi,387,5,100,2000,2024,421
Phylloscopus reguloides,387,5,106,2000,2024,422
Cacomantis merulinus,386,5,130,2001,2024,423
Calliope calliope,386,4,197,2007,2024,424
Ficedula strophiata,386,5,107,2000,2024,425
Emberiza schoeniclus,385,5,167,2001,2024,426
Scolopax rusticola,384,5,177,2001,2024,427
Horornis diphone,383,5,134,2000,2024,428
Garrulax pectoralis,382,5,96,2000,2023,429
Hydroprogne caspia,382,5,147,2000,2024,430
Bombycilla japonica,381,5,162,2000,2024,431
Calidris acuminata,381,5,141,2000,2024,432
Acridotheres tristis,380,5,148,2002,2024,433
Horornis acanthizoides,380,5,116,2000,2024,434
Rostratula benghalensis,380,4,164,2005,2024,435
Carpodacus vinaceus,377,5,97,2000,2024,436
Parus major,373,5,136,2001,2024,437
Leucosticte brandti,371,5,130,2000,2024,438
Dendrocopos leucotos,366,5,146,2001,2024,439
Eophona personata,366,5,153,2000,2024,440
Myiomela leucura,365,5,113,2000,2024,441
Pteruthius aeralatus,363,5,88,2001,2024,442
Urosphena squameiceps,360,5,134,2000,2024,443
Psilopogon faber,359,5,113,2000,2024,444
Xenus cinereus,359,5,131,2000,2024,445
Aegithalos caudatus,356,5,168,2004,2024,446
Pterorhinus davidi,356,4,146,2009,2024,447
Amaurornis akool,354,5,105,2001,2023,448
Montifringilla adamsi,354,5,111,2001,2024,449
Haliaeetus albicilla,353,5,158,2002,2024,450
Panurus biarmicus,353,5,134,2001,2024,451
Buteo rufinus,352,5,168,2000,2024,452
Babax lanceolatus,347,5,100,2000,2023,453
Prunella collaris,347,5,134,2000,2024,454
Mergus squamatus,345,5,136,2003,2024,455
Prinia superciliaris,345,5,103,2000,2024,456
Perdix hodgsoniae,344,5,108,2000,2024,457
Pericrocotus brevirostris,340,5,93,2000,2024,458
Prunella montanella,340,5,146,2001,2024,459
Certhia familiaris,339,5,142,2002,2024,460
Parus spilonotus,337,5,84,2000,2023,461
Emberiza aureola,336,4,189,2006,2024,462
Seicercus valentini,335,5,79,2000,2023,463
Chloropsis lazulina,334,5,137,2002,2024,464
Ithaginis cruentus,334,5,77,2000,2024,465
Cyanistes cyanus,330,5,121,2000,2024,466
Columba leuconota,329,5,111,2000,2024,467
Nisaetus nipalensis,329,5,109,2000,2024,468
Chloris ambigua,324,5,80,2000,2024,469
Grus virgo,323,5,138,2002,2024,470
Ictinaetus malayensis,323,5,86,2002,2023,471
Alectoris chukar,322,5,166,2001,2024,472
Ibidorhyncha struthersii,322,5,128,2000,2024,473
Lanius phoenicuroides,320,5,111,2003,2024,474
Turdus merula,320,5,120,2003,2024,475
Phylloscopus goodsoni,316,5,111,2001,2024,476
Chrysolophus pictus,313,5,101,2000,2024,477
Pterorhinus pectoralis,313,5,125,2002,2024,478
Agropsar sturninus,309,5,160,2000,2024,479
Sylviparus modestus,309,5,73,2000,2024,480
Falco columbarius,307,5,165,2000,2024,481
Aegithalos iouschistos,304,5,65,2000,2024,482
Ictinaetus malaiensis,304,3,128,2005,2024,483
Poecile weigoldicus,304,5,72,2000,2024,484
Certhia hodgsoni,302,5,70,2000,2024,485
Phylloscopus maculipennis,302,5,76,2001,2024,486
Fulvetta cinereiceps,301,5,70,2000,2024,487
Terpsiphone paradisi,301,5,118,2000,2023,488
Asio otus,300,5,149,2000,2024,489
Falco naumanni,299,5,127,2001,2024,490
Hodgsonius phoenicuroides,297,5,91,2000,2023,491
Trochalopteron affine,297,5,68,2000,2024,492
Asio flammeus,295,5,142,2001,2024,493
Turdus dissimilis,295,5,80,2000,2024,494
Muscicapa ferruginea,294,5,96,2000,2024,495
Niltava sundara,293,5,83,2000,2024,496
Lioparus chrysotis,290,5,69,2000,2024,497
Arenaria interpres,288,5,113,2000,2024,498
Erythrogenys gravivox,287,3,136,2011,2024,499
Emberiza siemsseni,285,5,83,2000,2024,500
Harpactes erythrocephalus,284,5,73,2002,2024,501
Ficedula tricolor,283,5,93,2000,2024,502
Minla ignotincta,282,5,73,2002,2024,503
Phylloscopus castaniceps,282,4,125,2007,2024,504
Carpodacus rubicilla,281,5,122,2000,2024,505
Pteruthius xanthochlorus,281,5,95,2000,2024,506
Dryobates cathpharius,280,5,76,2000,2024,507
Phylloscopus ogilviegranti,280,5,97,2001,2024,508
Sinosuthora alphonsiana,279,5,66,2000,2024,509
Anthus godlewskii,278,5,141,2000,2024,510
Mergus serrator,278,5,107,2000,2024,511
Niltava davidi,274,5,92,2001,2024,512
Numenius madagascariensis,273,5,93,2000,2024,513
Sturnia sinensis,273,5,88,2000,2024,514
Merops viridis,272,5,105,2002,2024,515
Garrulax maximus,269,5,59,2000,2023,516
Fringilla coelebs,268,5,108,2001,2024,517
Garrulax monileger,268,5,78,2003,2024,518
Hypothymis azurea,268,5,72,2001,2024,519
Melanocorypha maxima,267,5,86,2000,2024,520
Prunella immaculata,267,5,67,2000,2024,521
Turdus boulboul,265,5,95,2003,2024,522
Aythya marila,263,5,121,2004,2024,523
Fulvetta ruficapilla,263,5,74,2000,2024,524
Perdix dauurica,263,5,104,2000,2024,525
Calandrella acutirostris,262,5,92,2000,2024,526
Turdus viscivorus,261,5,78,2003,2024,527
Emberiza yessoensis,260,5,109,2000,2024,528
Poecile superciliosus,259,5,65,2000,2024,529
Seicercus tephrocephalus,259,5,72,2000,2023,530
Dicaeum minullum,257,5,101,2001,2024,531
Yuhina gularis,257,5,59,2000,2024,532
Locustella lanceolata,256,5,109,2000,2024,533
Platalea minor,256,5,90,2000,2024,534
Cyornis hainanus,255,5,80,2002,2024,535
Enicurus maculatus,255,5,67,2002,2024,536
Grus vipio,255,5,92,2001,2024,537
Limosa lapponica,252,5,92,2000,2024,538
Brachypteryx leucophris,251,5,82,2002,2024,539
Calidris pugnax,251,5,123,2002,2024,540
Carduelis carduelis,251,5,82,2000,2024,541
Ixobrychus eurhythmus,251,5,130,2002,2024,542
Pucrasia macrolopha,250,5,90,2000,2024,543
Surniculus lugubris,249,5,123,2002,2024,544
Syrrhaptes paradoxus,249,5,118,2000,2024,545
Emberiza lathami,247,5,98,2003,2024,546
Muscicapa muttui,247,5,109,2002,2024,547
Fulvetta vinipectus,246,5,53,2000,2024,548
Parayuhina diademata,246,4,89,2007,2024,549
Strix nivicolum,245,5,103,2001,2024,550
Gallinago stenura,244,5,139,2002,2024,551
Phyllergates cuculatus,244,5,64,2002,2023,552
Prinia hodgsonii,242,5,69,2000,2024,553
Columba hodgsonii,241,5,61,2000,2024,554
Tetraogallus tibetanus,240,5,85,2000,2024,555
Coracias garrulus,239,5,71,2001,2024,556
Montifringilla henrici,237,5,74,2000,2024,557
Larus fuscus,236,5,95,2001,2024,558
Luscinia cyane,236,5,77,2000,2023,559
Psilopogon asiaticus,236,5,52,2001,2024,560
Actinodura cyanouroptera,233,3,96,2012,2024,561
Alcippe dubia,233,5,63,2000,2023,562
Geokichla citrina,233,5,85,2002,2024,563
Passer ammodendri,232,5,109,2001,2024,564
Poecile hypermelaenus,232,5,85,2002,2024,565
Aegithalos fuliginosus,231,5,58,2002,2024,566
Charadrius mongolus,231,4,113,2007,2024,567
Pterorhinus lanceolatus,231,3,94,2012,2024,568
Monticola gularis,230,5,89,2000,2024,569
Iduna aedon,229,5,109,2000,2023,570
Cyornis whitei,226,5,67,2002,2024,571
Horornis flavolivaceus,226,5,71,2000,2024,572
Prinia striata,226,5,123,2002,2024,573
Tarsiger chrysaeus,226,5,60,2000,2024,574
Niltava macgrigoriae,225,5,74,2001,2024,575
Paradoxornis guttaticollis,225,5,91,2000,2024,576
Chalcophaps indica,224,5,71,2003,2024,577
Calidris alba,222,5,83,2000,2024,578
Larus relictus,221,5,83,2000,2024,579
Calidris tenuirostris,219,5,72,2000,2024,580
Chelidorhynx hypoxantha,219,5,54,2000,2023,581
Haematopus ostralegus,218,5,83,2000,2024,582
Alcippe brunnea,217,5,73,2000,2023,583
Calidris falcinellus,217,5,90,2000,2024,584
Pyrgilauda blanfordi,216,5,78,2000,2024,585
Dryocopus martius,215,5,84,2000,2024,586
Tragopan temminckii,215,5,56,2000,2024,587
Carpodacus roseus,214,5,104,2000,2024,588
Cettia castaneocoronata,214,5,60,2000,2024,589
Monticola saxatilis,214,5,91,2000,2024,590
Phylloscopus kansuensis,214,5,65,2000,2024,591
Grus monacha,213,5,80,2001,2024,592
Leptopoecile elegans,213,5,55,2000,2024,593
Chloris chloris,212,5,69,2003,2024,594
Locustella certhiola,212,5,108,2000,2023,595
Sylvia curruca,212,5,98,2000,2023,596
Pomatorhinus swinhoei,211,5,63,2000,2023,597
Rhodospiza obsoleta,211,5,102,2000,2024,598
Dicrurus aeneus,210,5,49,2001,2024,599
Ninox japonica,210,5,87,2000,2024,600
Otus spilocephalus,210,5,78,2000,2024,601
Phylloscopus occisinensis,209,3,87,2007,2024,602
Tringa brevipes,209,5,78,2001,2024,603
Cuculus optatus,207,5,109,2000,2024,604
Emberiza yunnanensis,206,3,114,2010,2024,605
Limnodromus semipalmatus,205,5,96,2000,2024,606
Gallinago megala,204,5,121,2003,2024,607
Geokichla sibirica,204,5,93,2000,2024,608
Locustella luteoventris,204,5,74,2002,2024,609
Buteo lagopus,203,5,105,2000,2024,610
Bucanetes mongolicus,201,5,95,2000,2024,611
Calandrella brachydactyla,201,5,94,2001,2024,612
Cygnus olor,201,4,94,2007,2024,613
Nettapus coromandelianus,201,4,99,2007,2024,614
Calidris minuta,200,5,110,2000,2024,615
Crossoptilon crossoptilon,199,5,46,2000,2024,616
Egretta eulophotes,199,4,68,2007,2024,617
Aethopyga saturata,198,5,44,2001,2024,618
Phylloscopus valentini,198,4,85,2009,2024,619
Erythrogenys swinhoei,197,4,87,2007,2024,620
Certhia himalayana,196,5,59,2000,2024,621
Dicaeum cruentatum,195,5,50,2000,2024,622
Elachura formosa,195,4,57,2007,2024,623
Yuhina occipitalis,195,5,49,2000,2024,624
Arundinax aedon,194,3,132,2010,2024,625
Locustella mandelli,194,5,80,2002,2024,626
Fulvetta striaticollis,191,5,46,2000,2024,627
Larus cachinnans,191,4,72,2007,2024,628
Machlolophus spilonotus,191,4,66,2006,2024,629
Clanga clanga,190,3,114,2011,2024,630
Micropternus brachyurus,190,5,56,2002,2024,631
Aquila fasciata,189,5,97,2002,2024,632
Spizixos canifrons,189,5,35,2000,2024,633
Ficedula narcissina,188,5,77,2004,2024,634
Cephalopyrus flammiceps,187,5,57,2000,2024,635
Merops apiaster,187,5,57,2001,2024,636
Motacilla flava,187,5,69,2001,2024,637
Paradoxornis heudei,187,4,82,2007,2024,638
Podoces hendersoni,187,5,88,2000,2024,639
Arachnothera magna,186,5,38,2001,2024,640
Alcippe fratercula,185,5,40,2000,2024,641
Anthus campestris,185,5,61,2001,2024,642
Hypsipetes amaurotis,185,4,74,2006,2024,643
Aquila heliaca,184,5,102,2002,2024,644
Buteo buteo,183,5,79,2002,2024,645
Linaria cannabina,183,5,62,2001,2024,646
Pycnonotus cafer,183,5,37,2002,2024,647
Grus japonensis,182,5,63,2000,2024,648
Ixobrychus flavicollis,182,4,85,2007,2024,649
Otis tarda,182,5,72,2002,2024,650
Calidris canutus,181,5,69,2000,2024,651
Schoeniparus brunneus,181,3,98,2011,2024,652
Artamus fuscus,180,5,59,2002,2024,653
Chrysolophus amherstiae,180,5,47,2000,2024,654
Ficedula hyperythra,180,5,61,2000,2024,655
Rhopodytes tristis,180,5,47,2001,2023,656
Anser erythropus,179,5,78,2002,2024,657
Phalaropus lobatus,179,5,102,2000,2024,658
Tarsiger indicus,179,5,56,2000,2024,659
Locustella thoracica,177,5,49,2000,2024,660
Numenius minutus,177,5,78,2002,2024,661
Alophoixus pallidus,176,5,31,2001,2024,662
Luscinia megarhynchos,175,5,52,2001,2024,663
Pastor roseus,175,5,69,2001,2024,664
Procarduelis nipalensis,175,5,51,2000,2024,665
Sitta przewalskii,175,5,42,2000,2024,666
Accipiter badius,174,5,71,2002,2024,667
Aethopyga siparaja,174,5,46,2002,2024,668
Columba oenas,174,5,69,2004,2024,669
Ianthocincla maxima,173,3,64,2012,2024,670
Lanius giganteus,173,5,66,2000,2024,671
Carpodacus davidianus,171,5,63,2002,2024,672
Chroicocephalus saundersi,170,5,53,2000,2023,673
Locustella davidi,170,5,67,2002,2024,674
Phylloscopus collybita,170,4,81,2007,2024,675
Pyrrhula nipalensis,170,5,63,2001,2024,676
Minla strigula,168,5,44,2000,2023,677
Hemipus picatus,166,5,37,2001,2024,678
Acanthis flammea,165,4,97,2009,2024,679
Crossoptilon auritum,165,5,41,2000,2024,680
Larvivora cyane,164,4,95,2009,2024,681
Cypsiurus balasiensis,163,5,37,2001,2024,682
Pycnonotus flaviventris,162,5,30,2001,2023,683
Francolinus pintadeanus,161,5,70,2000,2024,684
Helopsaltes certhiola,161,3,101,2010,2024,685
Spinus thibetanus,161,5,45,2000,2024,686
Yuhina flavicollis,161,5,40,2001,2024,687
Zoothera dixoni,161,5,46,2000,2024,688
Carpodacus trifasciatus,160,5,39,2000,2024,689
Dendrocopos darjellensis,158,5,37,2000,2024,690
Luscinia phaenicuroides,158,4,70,2009,2024,691
Mycerobas affinis,158,5,39,2002,2024,692
Anthus trivialis,157,4,63,2008,2024,693
Podiceps auritus,157,5,83,2003,2024,694
Saundersilarus saundersi,157,3,76,2013,2024,695
Calcarius lapponicus,156,5,80,2003,2024,696
Charadrius atrifrons,156,3,93,2010,2024,697
Gallicrex cinerea,155,5,92,2002,2024,698
Macropygia unchall,155,5,51,2002,2024,699
Prinia rufescens,155,5,56,2002,2024,700
Treron sphenurus,155,5,45,2000,2024,701
Muscicapa striata,154,5,52,2001,2024,702
Cyornis glaucicomans,153,5,57,2000,2024,703
Ficedula elisae,153,5,50,2000,2024,704
Pericrocotus roseus,153,5,49,2001,2024,705
Arborophila gingica,151,5,44,2002,2024,706
Pyrrhula pyrrhula,151,4,82,2005,2024,707
Charadrius veredus,150,4,77,2005,2024,708
Strix leptogrammica,150,4,58,2006,2024,709
Copsychus malabaricus,149,5,38,2001,2024,710
Tephrodornis virgatus,149,5,45,2003,2024,711
Carpodacus puniceus,148,5,65,2000,2024,712
Lanius collurioides,148,5,50,2002,2024,713
Phylloscopus tephrocephalus,148,3,79,2014,2024,714
Abroscopus superciliaris,147,5,36,2001,2024,715
Aviceda jerdoni,147,4,70,2006,2024,716
Dryobates minor,147,4,71,2005,2024,717
Melanocorypha mongolica,147,3,86,2013,2024,718
Picoides tridactylus,147,5,54,2000,2024,719
Seicercus omeiensis,147,5,39,2000,2023,720
Sitta frontalis,147,5,33,2001,2024,721
Acrocephalus arundinaceus,146,5,48,2001,2024,722
Merops philippinus,146,5,46,2002,2024,723
Turdus maximus,146,5,59,2000,2024,724
Curruca curruca,144,3,84,2011,2024,725
Oriolus traillii,144,5,34,2002,2024,726
Suthora verreauxi,144,5,38,2002,2024,727
Dendrocopos leucopterus,143,5,58,2001,2024,728
Garrulax albogularis,143,5,52,2001,2023,729
Neosuthora davidiana,143,5,45,2004,2024,730
Melanochlora sultanea,142,5,31,2003,2024,731
Phylloscopus intensior,142,5,44,2002,2024,732
Zapornia fusca,142,5,95,2002,2024,733
Garrulax ocellatus,141,5,42,2000,2023,734
Serinus pusillus,141,5,62,2002,2024,735
Alectoris magna,139,5,36,2001,2024,736
Seicercus soror,139,5,56,2002,2023,737
Sinosuthora conspicillata,139,5,41,2000,2024,738
Acrocephalus agricola,138,5,57,2001,2024,739
Calliope tschebaiewi,137,5,48,2000,2024,740
Seicercus affinis,137,5,58,2002,2023,741
Saxicola caprata,136,5,37,2000,2024,742
Trochalopteron henrici,136,5,40,2000,2024,743
Phoenicurus erythronotus,135,5,65,2003,2024,744
Grus leucogeranus,133,5,44,2000,2023,745
Dupetor flavicollis,132,5,57,2001,2023,746
Cecropis striolata,131,5,47,2002,2024,747
Cettia brunnifrons,131,5,44,2000,2024,748
Ficedula westermanni,131,5,40,2002,2024,749
Pnoepyga albiventer,131,5,28,2000,2024,750
Pelecanus crispus,130,5,64,2001,2024,751
Aquila clanga,129,5,65,2000,2023,752
Anthus rufulus,127,5,60,2000,2024,753
Circaetus gallicus,126,5,65,2001,2024,754
Phoenicurus alaschanicus,126,5,42,2000,2024,755
Pterorhinus chinensis,126,4,45,2005,2024,756
Anthus gustavi,125,5,59,2001,2024,757
Curruca communis,125,3,55,2011,2024,758
Leucogeranus leucogeranus,125,4,58,2004,2024,759
Pterorhinus berthemyi,125,4,53,2009,2024,760
Tesia cyaniventer,125,5,34,2001,2024,761
Coracina macei,123,5,48,2000,2024,762
Gallus gallus,123,5,44,2003,2024,763
Urocynchramus pylzowi,123,5,42,2000,2024,764
Niltava grandis,122,5,31,2002,2024,765
Sasia ochracea,122,4,36,2006,2024,766
Conostoma aemodium,121,5,24,2000,2024,767
Syrmaticus ellioti,121,5,44,2002,2024,768
Lanius excubitor,119,5,62,2001,2024,769
Phyllergates cucullatus,119,3,45,2012,2024,770
Phylloscopus emeiensis,119,5,35,2002,2024,771
Carpodacus subhimachalus,118,5,42,2000,2024,772
Certhia tianquanensis,118,5,26,2000,2024,773
Emberiza bruniceps,118,5,48,2001,2024,774
Phylloscopus soror,118,3,60,2007,2024,775
Abroscopus schisticeps,117,5,30,2001,2024,776
Aethopyga nipalensis,117,5,33,2002,2024,777
Ixobrychus minutus,117,4,41,2007,2024,778
Cygnus atratus,116,4,56,2009,2023,779
Porzana fusca,116,5,61,2000,2023,780
Stachyris nigriceps,115,5,21,2003,2024,781
Lanius collurio,114,5,43,2001,2024,782
Luscinia brunnea,113,5,35,2000,2023,783
Psarisomus dalhousiae,113,5,20,2002,2024,784
Terpsiphone atrocaudata,113,3,46,2012,2024,785
Ianthocincla lunulata,112,5,32,2000,2024,786
Lanius borealis,112,4,66,2007,2024,787
Acrocephalus dumetorum,111,4,45,2007,2024,788
Staphida castaniceps,111,5,34,2002,2024,789
Trochalopteron milnei,111,5,25,2002,2024,790
Ianthocincla cineracea,110,3,60,2009,2024,791
Ianthocincla ocellata,110,2,38,2015,2024,792
Dicaeum melanozanthum,109,5,42,2003,2024,793
Phoenicurus phoenicurus,109,4,48,2008,2024,794
Riparia chinensis,109,5,28,2001,2024,795
Streptopelia turtur,109,5,45,2001,2024,796
Turdus feae,109,5,28,2000,2024,797
Nyctyornis athertoni,108,5,23,2003,2024,798
Phylloscopus intermedius,108,3,52,2013,2024,799
Psilopogon franklinii,108,5,27,2002,2024,800
Fulvetta manipurensis,107,5,32,2000,2024,801
Grandala coelicolor,107,5,42,2000,2024,802
Carpodacus verreauxii,106,5,35,2002,2024,803
Emberiza cia,106,5,55,2001,2024,804
Poecile davidi,106,5,26,2000,2024,805
Rallus aquaticus,106,4,60,2007,2024,806
Sylvia communis,106,5,40,2001,2023,807
Carpodacus edwardsii,105,5,30,2002,2024,808
Circus aeruginosus,105,5,63,2001,2024,809
Carpodacus lepidus,103,3,59,2012,2024,810
Emberiza buchanani,103,5,44,2001,2024,811
Hemixos flavala,103,4,18,2005,2024,812
Pterorhinus albogularis,103,3,42,2012,2024,813
Sitta yunnanensis,103,5,33,2000,2024,814
Sturnia malabarica,103,5,36,2002,2024,815
Treron sieboldii,103,4,48,2005,2024,816
Locustella chengi,102,5,32,2004,2024,817
Rhinomyias brunneatus,102,5,41,2002,2023,818
Lanius minor,101,5,38,2001,2024,819
Cyanoptila cumatilis,100,4,42,2007,2024,820
Trochalopteron formosum,100,5,18,2000,2024,821
Turdus albocinctus,100,5,29,2001,2024,822
Iduna caligata,99,5,40,2001,2024,823
Remiz coronatus,99,5,44,2001,2024,824
Sitta himalayensis,99,5,33,2002,2024,825
Tetrastes sewerzowi,99,5,24,2000,2024,826
Zoothera dauma,99,5,44,2001,2024,827
Zoothera mollissima,99,5,32,2002,2024,828
Tragopan caboti,98,5,27,2002,2024,829
Turnix tanki,98,5,59,2000,2024,830
Chrysococcyx maculatus,97,4,44,2006,2024,831
Prunella atrogularis,97,4,47,2007,2024,832
Pteruthius melanotis,97,5,25,2002,2024,833
Stachyridopsis chrysaea,97,5,18,2002,2023,834
Aethopyga ignicauda,95,5,27,2000,2024,835
Chrysophlegma flavinucha,95,5,20,2003,2024,836
Urocissa flavirostris,95,5,28,2001,2024,837
Actinodura egertoni,94,5,13,2002,2024,838
Cinnyris jugularis,94,4,29,2005,2024,839
Pitta nympha,94,3,50,2012,2024,840
Pycnonotus flavescens,94,5,18,2002,2024,841
Tyto longimembris,94,5,46,2000,2024,842
Cisticola exilis,93,4,46,2009,2024,843
Macronus gularis,93,5,16,2002,2023,844
Tringa guttifer,93,4,45,2005,2024,845
Corvus monedula,92,2,47,2015,2024,846
Cyornis brunneatus,92,3,50,2012,2024,847
Passer hispaniolensis,92,5,49,2001,2024,848
Charadrius dealbatus,91,2,56,2015,2024,849
Oriolus oriolus,91,4,37,2001,2024,850
Gallinago solitaria,90,5,49,2004,2024,851
Picus chlorolophus,90,5,18,2003,2024,852
Pyrgilauda davidiana,90,5,23,2000,2024,853
Spilopelia senegalensis,90,5,41,2000,2024,854
Turdus pilaris,90,4,32,2008,2024,855
Alcippe castaneceps,89,5,27,2001,2023,856
Curruca minula,89,2,59,2015,2024,857
Emberiza hortulana,89,4,33,2006,2024,858
Chlidonias niger,88,5,36,2001,2024,859
Haliaeetus leucoryphus,88,5,47,2000,2024,860
Zapornia pusilla,88,3,52,2014,2024,861
Caprimulgus europaeus,87,5,40,2001,2024,862
Cyornis unicolor,87,5,34,2002,2024,863
Cettia major,86,5,27,2000,2024,864
Dicrurus paradiseus,86,5,18,2002,2024,865
Acrocephalus concinens,85,4,55,2006,2024,866
Carpodacus roborowskii,85,5,27,2000,2024,867
Timalia pileata,85,4,27,2007,2024,868
Psilopogon haemacephalus,84,5,15,2002,2024,869
Pycnonotus striatus,84,5,15,2002,2023,870
Tetraophasis obscurus,84,5,21,2000,2024,871
Dicrurus remifer,83,4,16,2005,2024,872
Suthora fulvifrons,83,5,21,2000,2024,873
Tetraophasis szechenyii,83,5,22,2000,2024,874
Dicrurus annectens,82,5,27,2002,2024,875
Nipponia nippon,82,5,23,2002,2024,876
Pellorneum ruficeps,82,5,14,2002,2023,877
Brachypteryx montana,81,5,25,2002,2023,878
Cholornis unicolor,81,5,21,2000,2024,879
Phylloscopus chloronotus,81,5,33,2001,2024,880
Phylloscopus fuligiventer,81,5,28,2002,2024,881
Tetrastes bonasia,81,5,41,2000,2024,882
Thalasseus bergii,81,3,34,2012,2024,883
Gallirallus striatus,80,5,47,2003,2023,884
Otus scops,80,4,29,2006,2024,885
Phaenicophaeus tristis,80,4,28,2006,2024,886
