species,v2_n_detections,v2_n_grids,v2_n_blocks,v1_n_detections,v1_n_grids,v1_n_blocks,delta_n_detections,pct_change_detections
Anous minutus,NA,NA,NA,1,1,1,NA,NA
Egretta novaehollandiae,NA,NA,NA,1,1,1,NA,NA
Egretta picata,NA,NA,NA,3,3,1,NA,NA
Leucophaeus atricilla,NA,NA,NA,1,1,1,NA,NA
Leucophaeus pipixcan,NA,NA,NA,3,3,3,NA,NA
Phoebastria albatrus,NA,NA,NA,1,1,1,NA,NA
Phoebastria nigripes,NA,NA,NA,1,1,1,NA,NA
Stercorarius maccormicki,NA,NA,NA,1,1,1,NA,NA
Passer montanus,5963,1088,5,6145,1104,5,-182,-2.9617575264442637
Motacilla alba,5678,1057,5,5853,1077,5,-175,-2.9899196992995045
Hirundo rustica,4514,963,5,4682,986,5,-168,-3.588210166595472
Parus minor,4104,727,5,4220,738,5,-116,-2.748815165876777
Pica serica,3717,747,5,3845,760,5,-128,-3.328998699609883
Streptopelia orientalis,3593,836,5,3711,852,5,-118,-3.1797359202371327
Phoenicurus auroreus,3466,718,5,3599,733,5,-133,-3.6954709641567103
Spilopelia chinensis,3450,607,5,3582,615,5,-132,-3.6850921273031827
Falco tinnunculus,3402,919,5,3565,932,5,-163,-4.572230014025245
Pycnonotus sinensis,3395,536,5,3539,544,5,-144,-4.068946029951964
Egretta garzetta,3320,619,5,3484,628,5,-164,-4.70723306544202
Tachybaptus ruficollis,3251,687,5,3374,692,5,-123,-3.6455245998814463
Upupa epops,3250,813,5,3369,822,5,-119,-3.5322054021964973
Ardea cinerea,3118,783,5,3308,796,5,-190,-5.743651753325272
Alcedo atthis,2997,642,5,3133,654,5,-136,-4.340887328439195
Lanius schach,2974,491,5,3105,501,5,-131,-4.219001610305958
Anas platyrhynchos,2958,792,5,3090,810,5,-132,-4.271844660194175
Phasianus colchicus,2918,723,5,3017,732,5,-99,-3.281405369572423
Motacilla cinerea,2846,736,5,2974,754,5,-128,-4.303967720242098
Chloris sinica,2811,643,5,2898,652,5,-87,-3.002070393374741
Cecropis daurica,2793,642,5,2938,662,5,-145,-4.935330156569095
Ardeola bacchus,2739,539,5,2866,549,5,-127,-4.431263084438242
Anthus hodgsoni,2653,627,5,2760,634,5,-107,-3.8768115942028984
Ardea alba,2577,662,5,2751,672,5,-174,-6.324972737186478
Gallinula chloropus,2568,609,5,2685,615,5,-117,-4.35754189944134
Tadorna ferruginea,2555,720,5,2643,733,5,-88,-3.3295497540673478
Cuculus canorus,2488,755,5,2588,767,5,-100,-3.8639876352395675
Turdus mandarinus,2459,464,5,2549,469,5,-90,-3.5307963907414672
Phalacrocorax carbo,2411,677,5,2566,695,5,-155,-6.040530007794232
Acridotheres cristatellus,2409,414,5,2516,424,5,-107,-4.252782193958665
Corvus macrorhynchos,2403,638,5,2472,653,5,-69,-2.79126213592233
Anas zonorhyncha,2371,589,5,2527,603,5,-156,-6.173328056984567
Fulica atra,2357,676,5,2471,687,5,-114,-4.613516794819911
Milvus migrans,2356,654,5,2471,672,5,-115,-4.653986240388507
Phoenicurus fuliginosus,2356,472,5,2378,476,5,-22,-0.9251471825063078
Podiceps cristatus,2274,640,5,2415,652,5,-141,-5.838509316770186
Copsychus saularis,2266,364,5,2329,370,5,-63,-2.7050236152855303
Actitis hypoleucos,2261,681,5,2436,697,5,-175,-7.183908045977011
Zosterops simplex,2256,455,5,2368,461,5,-112,-4.72972972972973
Sinosuthora webbiana,2255,456,5,2328,461,5,-73,-3.1357388316151202
Lanius cristatus,2224,644,5,2382,666,5,-158,-6.633081444164568
Nycticorax nycticorax,2200,510,5,2321,517,5,-121,-5.213270142180095
Dicrurus macrocercus,2178,481,5,2322,493,5,-144,-6.2015503875969
Spodiopsar cineraceus,2151,568,5,2278,579,5,-127,-5.575065847234416
Cyanopica cyanus,2143,475,5,2232,492,5,-89,-3.9874551971326166
Phylloscopus inornatus,2110,543,5,2237,552,5,-127,-5.677246312025034
Phylloscopus proregulus,2092,570,5,2195,584,5,-103,-4.69248291571754
Emberiza pusilla,2051,564,5,2162,580,5,-111,-5.13413506012951
Corvus corone,2047,645,5,2090,659,5,-43,-2.0574162679425836
Chroicocephalus ridibundus,2034,582,5,2226,596,5,-192,-8.625336927223719
Dendrocopos major,2027,537,5,2077,545,5,-50,-2.407318247472316
Aegithalos concinnus,2023,378,5,2068,384,5,-45,-2.1760154738878144
Buteo japonicus,2013,641,5,2145,655,5,-132,-6.153846153846154
Tringa ochropus,1977,621,5,2099,633,5,-122,-5.8122915674130535
Bubulcus coromandus,1974,474,5,2106,485,5,-132,-6.267806267806268
Tarsiger cyanurus,1939,528,5,2033,538,5,-94,-4.623708804722086
Spizixos semitorques,1900,338,5,1911,340,5,-11,-0.5756148613291471
Columba livia,1896,542,5,1990,553,5,-94,-4.723618090452261
Accipiter nisus,1881,622,5,1969,637,5,-88,-4.4692737430167595
Anas carolinensis,1827,563,5,1965,570,5,-138,-7.022900763358779
Charadrius dubius,1811,581,5,1972,593,5,-161,-8.164300202839756
Himantopus himantopus,1807,561,5,1965,574,5,-158,-8.040712468193384
Prinia inornata,1798,370,5,1904,375,5,-106,-5.567226890756302
Emberiza spodocephala,1794,523,5,1896,538,5,-102,-5.379746835443038
Picus canus,1781,516,5,1817,519,5,-36,-1.9812878370941112
Phylloscopus fuscatus,1767,509,5,1901,517,5,-134,-7.048921620199895
Buteo hemilasius,1690,554,5,1736,572,5,-46,-2.6497695852534564
Spodiopsar sericeus,1673,358,5,1777,366,5,-104,-5.8525604952166574
Garrulus glandarius,1662,438,5,1690,443,5,-28,-1.6568047337278107
Sterna hirundo,1660,536,5,1858,560,5,-198,-10.656620021528525
Columba rupestris,1647,499,5,1661,500,5,-14,-0.8428657435279951
Pomatorhinus ruficollis,1628,329,5,1636,331,5,-8,-0.4889975550122249
Mergus merganser,1607,520,5,1677,527,5,-70,-4.174120453190221
Fringilla montifringilla,1599,517,5,1689,531,5,-90,-5.328596802841918
Passer cinnamomeus,1598,434,5,1627,442,5,-29,-1.782421634910879
Myophonus caeruleus,1596,373,5,1631,377,5,-35,-2.1459227467811157
Pyrrhocorax pyrrhocorax,1595,424,5,1597,424,5,-2,-0.12523481527864747
Saxicola stejnegeri,1582,464,5,1744,477,5,-162,-9.288990825688073
Horornis fortipes,1581,347,5,1637,353,5,-56,-3.420891875381796
Pardaliparus venustulus,1579,377,5,1629,383,5,-50,-3.0693677102516883
Streptopelia decaocto,1576,502,5,1614,511,5,-38,-2.354399008674102
Pycnonotus xanthorrhous,1565,323,5,1589,327,5,-24,-1.5103838892385149
Eophona migratoria,1558,376,5,1618,381,5,-60,-3.708281829419036
Emberiza elegans,1529,401,5,1615,411,5,-86,-5.325077399380805
Mareca strepera,1506,510,5,1627,523,5,-121,-7.4370006146281495
Pterorhinus sannio,1505,303,5,1515,305,5,-10,-0.6600660066006601
Lonchura striata,1503,321,5,1544,323,5,-41,-2.655440414507772
Tringa nebularia,1467,430,5,1659,441,5,-192,-11.573236889692586
Motacilla tschutschensis,1460,517,5,1594,528,5,-134,-8.406524466750314
Hypsipetes leucocephalus,1428,300,5,1474,305,5,-46,-3.1207598371777476
Urocissa erythroryncha,1411,398,5,1433,403,5,-22,-1.5352407536636428
Delichon dasypus,1397,391,5,1440,398,5,-43,-2.986111111111111
Carpodacus erythrinus,1394,444,5,1465,463,5,-71,-4.84641638225256
Tringa totanus,1392,443,5,1572,452,5,-180,-11.450381679389313
Motacilla citreola,1386,509,5,1448,523,5,-62,-4.281767955801105
Falco peregrinus,1359,457,5,1523,473,5,-164,-10.76822061720289
Aythya ferina,1354,449,5,1461,456,5,-107,-7.323750855578371
Vanellus cinereus,1354,431,5,1444,437,5,-90,-6.232686980609419
Vanellus vanellus,1352,463,5,1439,474,5,-87,-6.045865184155664
Tringa glareola,1345,467,5,1486,475,5,-141,-9.488559892328398
Falco subbuteo,1326,493,5,1433,505,5,-107,-7.46685275645499
Ixos mcclellandii,1326,296,5,1339,300,5,-13,-0.970873786407767
Gallinago gallinago,1324,438,5,1429,447,5,-105,-7.3477956613016095
Lonchura punctulata,1314,294,5,1385,297,5,-71,-5.126353790613718
Apus pacificus,1304,432,5,1438,455,5,-134,-9.318497913769123
Apus nipalensis,1299,327,5,1379,338,5,-80,-5.8013052936910805
Eudynamys scolopaceus,1294,374,5,1352,380,5,-58,-4.289940828402367
Chlidonias hybrida,1273,449,5,1419,460,5,-146,-10.288935870331219
Oriolus chinensis,1251,401,5,1362,410,5,-111,-8.14977973568282
Periparus ater,1247,357,5,1279,364,5,-32,-2.501954652071931
Amaurornis phoenicurus,1236,337,5,1319,343,5,-83,-6.292645943896892
Charadrius alexandrinus,1234,362,5,1452,375,5,-218,-15.013774104683195
Apus apus,1233,400,5,1252,404,5,-19,-1.5175718849840256
Falco amurensis,1232,424,5,1322,437,5,-90,-6.8078668683812404
Spatula clypeata,1212,440,5,1340,446,5,-128,-9.552238805970148
Aegithalos glaucogularis,1196,323,5,1221,329,5,-25,-2.0475020475020473
Abroscopus albogularis,1192,280,5,1216,281,5,-24,-1.9736842105263157
Cuculus micropterus,1191,418,5,1257,426,5,-66,-5.250596658711217
Turdus eunomus,1184,363,5,1271,377,5,-87,-6.845003933910307
Lanius tephronotus,1177,275,5,1189,278,5,-12,-1.0092514718250631
Emberiza cioides,1173,403,5,1230,410,5,-57,-4.634146341463414
Phoenicurus ochruros,1167,327,5,1179,333,5,-12,-1.0178117048346056
Circus cyaneus,1164,462,5,1267,478,5,-103,-8.12943962115233
Aythya fuligula,1155,413,5,1257,424,5,-102,-8.1145584725537
Accipiter trivirgatus,1152,312,5,1194,316,5,-42,-3.5175879396984926
Mareca penelope,1145,396,5,1273,404,5,-128,-10.054988216810683
Pernis ptilorhynchus,1145,404,5,1229,418,5,-84,-6.8348250610252235
Anthus richardi,1144,405,5,1290,413,5,-146,-11.317829457364342
Leiothrix lutea,1143,260,5,1155,262,5,-12,-1.0389610389610389
Ficedula albicilla,1138,409,5,1244,423,5,-106,-8.520900321543408
Anthus spinoletta,1134,434,5,1180,447,5,-46,-3.8983050847457625
Emberiza godlewskii,1134,304,5,1136,304,5,-2,-0.176056338028169
Alauda gulgula,1129,335,5,1223,341,5,-94,-7.686017988552739
Aythya nyroca,1128,396,5,1180,412,5,-52,-4.406779661016949
Gyps himalayensis,1126,274,5,1131,274,5,-5,-0.4420866489832007
Anas acuta,1112,412,5,1235,423,5,-123,-9.959514170040485
Ixobrychus sinensis,1112,343,5,1225,351,5,-113,-9.224489795918368
Parus monticolus,1107,216,5,1117,218,5,-10,-0.8952551477170994
Alauda arvensis,1104,401,5,1199,414,5,-95,-7.923269391159299
Dicrurus hottentottus,1102,305,5,1175,313,5,-73,-6.212765957446808
Acrocephalus orientalis,1098,381,5,1245,392,5,-147,-11.80722891566265
Enicurus leschenaulti,1089,274,5,1095,276,5,-6,-0.547945205479452
Bambusicola thoracicus,1067,231,5,1072,232,5,-5,-0.4664179104477612
Elanus caeruleus,1063,284,5,1149,290,5,-86,-7.484769364664926
Picumnus innominatus,1056,283,5,1067,285,5,-11,-1.0309278350515463
Recurvirostra avosetta,1054,350,5,1204,359,5,-150,-12.458471760797343
Eremophila alpestris,1053,329,5,1057,331,5,-4,-0.3784295175023652
Turdus naumanni,1053,361,5,1119,373,5,-66,-5.898123324396783
Monticola solitarius,1047,324,5,1212,343,5,-165,-13.613861386138614
Hemixos castanonotus,1044,214,5,1072,218,5,-28,-2.611940298507463
Anser anser,1040,368,5,1093,388,5,-53,-4.84903934126258
Dicrurus leucophaeus,1039,288,5,1115,300,5,-76,-6.816143497757848
Saxicola maurus,1036,384,5,1055,393,5,-19,-1.8009478672985781
Pycnonotus jocosus,1020,194,5,1052,197,5,-32,-3.041825095057034
Mareca falcata,1016,359,5,1137,373,5,-121,-10.642040457343887
Aix galericulata,1015,360,5,1065,368,5,-50,-4.694835680751174
Tringa erythropus,1009,330,5,1167,340,5,-158,-13.538988860325622
Stachyridopsis ruficeps,995,233,5,NA,NA,NA,NA,NA
Riparia riparia,989,427,5,1099,443,5,-110,-10.009099181073703
Phoenicurus frontalis,986,243,5,997,247,5,-11,-1.103309929789368
Tadorna tadorna,982,343,5,1124,356,5,-142,-12.633451957295375
Corvus corax,973,336,5,975,337,5,-2,-0.20512820512820512
Culicicapa ceylonensis,970,256,5,1006,266,5,-36,-3.5785288270377733
Yungipicus canicapillus,965,278,5,NA,NA,NA,NA,NA
Muscicapa sibirica,962,340,5,1070,352,5,-108,-10.093457943925234
Cinclus pallasii,951,263,5,963,265,5,-12,-1.2461059190031152
Platalea leucorodia,949,338,5,1100,348,5,-151,-13.727272727272727
Dendrocitta formosae,946,227,5,972,231,5,-26,-2.674897119341564
Chaimarrornis leucocephalus,940,237,5,NA,NA,NA,NA,NA
Butorides striata,938,316,5,1063,334,5,-125,-11.75917215428034
Trochalopteron elliotii,937,185,5,938,186,5,-1,-0.10660980810234541
Turdus hortulorum,931,283,5,1000,289,5,-69,-6.9
Troglodytes troglodytes,928,298,5,943,302,5,-15,-1.5906680805938493
Cisticola juncidis,919,274,5,1044,282,5,-125,-11.973180076628353
Gracupica nigricollis,919,200,5,983,205,5,-64,-6.510681586978637
Pycnonotus aurigaster,913,186,5,959,191,5,-46,-4.796663190823775
Phylloscopus humei,905,273,5,922,278,5,-17,-1.8438177874186552
Circus spilonotus,899,326,5,1034,339,5,-135,-13.056092843326885
Pericrocotus solaris,897,234,5,911,238,5,-14,-1.5367727771679474
Cuculus sparverioides,889,259,5,NA,NA,NA,NA,NA
Aquila chrysaetos,887,321,5,892,322,5,-5,-0.5605381165919282
Ptyonoprogne rupestris,881,299,5,884,301,5,-3,-0.3393665158371041
Anthus rubescens,873,300,5,966,314,5,-93,-9.627329192546584
Picoides canicapillus,871,345,4,880,346,4,-9,-1.0227272727272727
Lanius sphenocercus,869,324,5,979,339,5,-110,-11.235955056179776
Psilopogon virens,868,233,5,881,238,5,-13,-1.4755959137343928
Ceryle rudis,861,224,5,928,230,5,-67,-7.219827586206897
Halcyon smyrnensis,860,207,5,914,213,5,-54,-5.908096280087527
Regulus regulus,855,262,5,900,269,5,-45,-5
Sitta europaea,851,275,5,868,284,5,-17,-1.9585253456221199
Garrulax canorus,845,274,5,857,277,5,-12,-1.4002333722287048
Riparia diluta,841,306,5,882,317,5,-41,-4.648526077097506
Saxicola ferreus,831,242,5,854,250,5,-23,-2.693208430913349
Accipiter soloensis,830,257,5,894,267,5,-64,-7.158836689038031
Accipiter virgatus,830,292,5,878,301,5,-48,-5.466970387243736
Aethopyga christinae,829,202,5,851,204,5,-22,-2.5851938895417157
Eumyias thalassinus,829,216,5,875,230,5,-46,-5.257142857142857
Prinia flaviventris,827,181,5,877,184,5,-50,-5.701254275940707
Athene noctua,824,292,5,835,294,5,-11,-1.3173652694610778
Anthus roseatus,823,269,5,835,273,5,-12,-1.437125748502994
Phoenicurus hodgsoni,823,235,5,830,236,5,-7,-0.8433734939759037
Accipiter gentilis,822,324,5,878,338,5,-56,-6.378132118451025
Anser indicus,820,276,5,828,279,5,-8,-0.966183574879227
Emberiza tristrami,817,253,5,892,262,5,-75,-8.408071748878923
Netta rufina,816,308,5,826,314,5,-10,-1.2106537530266344
Corvus frugilegus,813,332,5,838,340,5,-25,-2.983293556085919
Orthotomus sutorius,813,157,5,851,160,5,-38,-4.465334900117509
Ciconia nigra,806,350,5,838,361,5,-32,-3.818615751789976
Phylloscopus borealis,803,308,5,919,319,5,-116,-12.622415669205658
Pericrocotus ethologus,802,203,5,809,205,5,-7,-0.865265760197775
Spatula querquedula,796,342,5,922,351,5,-126,-13.66594360086768
Ardea intermedia,793,338,4,880,351,4,-87,-9.886363636363637
Nucifraga caryocatactes,786,205,5,791,206,5,-5,-0.6321112515802781
Ardea purpurea,784,275,5,912,287,5,-128,-14.035087719298245
Cyanoderma ruficeps,784,256,4,788,257,4,-4,-0.5076142131979695
Streptopelia tranquebarica,783,294,5,876,302,5,-93,-10.616438356164384
Emberiza rustica,780,274,5,847,282,5,-67,-7.910271546635183
Limosa limosa,778,277,5,952,287,5,-174,-18.277310924369747
Spinus spinus,776,291,5,831,298,5,-55,-6.618531889290012
Chlidonias leucopterus,775,305,5,936,323,5,-161,-17.200854700854702
Ficedula zanthopygia,770,265,5,848,275,5,-78,-9.19811320754717
Glaucidium cuculoides,770,240,5,782,243,5,-12,-1.5345268542199488
Pterorhinus perspicillatus,769,228,4,792,234,4,-23,-2.904040404040404
Egretta intermedia,763,226,5,NA,NA,NA,NA,NA
Calidris temminckii,761,304,5,877,316,5,-116,-13.22690992018244
Phylloscopus claudiae,761,222,5,787,230,5,-26,-3.3036848792884372
Emberiza chrysophrys,758,254,5,833,260,5,-75,-9.003601440576231
Emberiza pallasi,758,275,5,870,285,5,-112,-12.873563218390805
Larus brunnicephalus,758,278,5,779,289,5,-21,-2.6957637997432604
Spilornis cheela,757,230,5,783,231,5,-26,-3.3205619412515963
Centropus sinensis,756,168,5,803,174,5,-47,-5.853051058530511
Bucephala clangula,755,285,5,829,304,5,-74,-8.926417370325694
Tringa stagnatilis,752,265,5,926,274,5,-174,-18.79049676025918
Charadrius placidus,751,302,5,798,313,5,-47,-5.889724310776942
Glaucidium brodiei,751,225,5,762,228,5,-11,-1.4435695538057742
Megaceryle lugubris,751,220,5,764,222,5,-13,-1.7015706806282722
Larus ichthyaetus,749,275,5,795,289,5,-46,-5.786163522012578
Sturnus vulgaris,747,311,5,793,319,5,-46,-5.800756620428752
Anser cygnoides,746,245,5,829,256,5,-83,-10.012062726176115
Pseudopodoces humilis,743,180,5,744,180,5,-1,-0.13440860215053763
Zosterops erythropleurus,731,252,5,797,268,5,-66,-8.281053952321205
Hierococcyx sparverioides,725,302,5,749,308,5,-24,-3.2042723631508676
Phylloscopus trochiloides,724,218,5,732,219,5,-8,-1.092896174863388
Larus argentatus,721,220,5,892,237,5,-171,-19.170403587443946
Gypaetus barbatus,720,216,5,721,217,5,-1,-0.13869625520110956
Turdus rubrocanus,719,165,5,722,167,5,-3,-0.4155124653739612
Enicurus schistaceus,718,178,5,723,179,5,-5,-0.6915629322268326
Linaria flavirostris,717,206,5,717,206,5,0,0
Caprimulgus jotaka,716,274,5,786,290,5,-70,-8.9058524173028
Eurystomus orientalis,713,215,5,797,227,5,-84,-10.53952321204517
Pericrocotus cantonensis,713,241,5,745,246,5,-32,-4.295302013422819
Podiceps nigricollis,712,270,5,810,280,5,-98,-12.098765432098766
Cuculus poliocephalus,710,252,5,757,261,5,-47,-6.208718626155878
Pandion haliaetus,707,278,5,858,291,5,-151,-17.5990675990676
Prunella strophiata,705,153,5,708,155,5,-3,-0.423728813559322
Poecile montanus,703,237,5,722,242,5,-19,-2.6315789473684212
Passer domesticus,701,301,5,712,309,5,-11,-1.5449438202247192
Muscicapa latirostris,699,237,5,NA,NA,NA,NA,NA
Garrulax perspicillatus,697,156,5,NA,NA,NA,NA,NA
Butastur indicus,692,257,5,760,270,5,-68,-8.947368421052632
Anser fabalis,687,277,5,769,293,5,-82,-10.663198959687906
Halcyon pileata,682,267,5,789,277,5,-107,-13.561470215462611
Enicurus scouleri,678,180,5,685,181,5,-7,-1.0218978102189782
Pericrocotus speciosus,678,171,5,695,173,5,-17,-2.446043165467626
Cygnus cygnus,676,251,5,713,263,5,-37,-5.189340813464236
Acrocephalus bistrigiceps,672,259,5,778,274,5,-106,-13.624678663239074
Alcippe hueti,672,141,5,677,141,5,-5,-0.7385524372230429
Phoenicurus erythrogastrus,670,234,5,674,235,5,-4,-0.5934718100890207
Alcippe davidi,669,199,5,670,200,5,-1,-0.14925373134328357
Dicaeum ignipectus,668,187,5,679,188,5,-11,-1.6200294550810015
Emberiza fucata,668,266,5,768,275,5,-100,-13.020833333333334
Jynx torquilla,668,279,5,773,294,5,-105,-13.583441138421733
Larus vegae,668,300,4,751,316,4,-83,-11.051930758988016
Luscinia svecica,667,268,5,728,275,5,-61,-8.37912087912088
Dendronanthus indicus,664,240,5,715,249,5,-51,-7.1328671328671325
Muscicapa dauurica,661,304,5,720,314,5,-59,-8.194444444444445
Prunella fulvescens,652,207,5,653,207,5,-1,-0.15313935681470137
Remiz consobrinus,651,214,5,759,226,5,-108,-14.229249011857707
Phylloscopus pulcher,648,144,5,656,147,5,-8,-1.2195121951219512
Turdus ruficollis,646,282,5,671,293,5,-25,-3.7257824143070044
Coloeus dauuricus,644,207,5,NA,NA,NA,NA,NA
Phylloscopus armandii,643,178,5,652,179,5,-9,-1.3803680981595092
Phylloscopus coronatus,643,232,5,722,239,5,-79,-10.941828254847646
Calidris alpina,638,190,5,833,199,5,-195,-23.4093637454982
Cygnus columbianus,638,225,5,711,233,5,-73,-10.267229254571026
Numenius arquata,637,215,5,848,225,5,-211,-24.882075471698112
Otus sunia,635,239,5,695,246,5,-60,-8.633093525179856
Mergellus albellus,633,231,5,703,245,5,-70,-9.95732574679943
Pluvialis fulva,633,230,5,799,244,5,-166,-20.775969962453065
Oenanthe isabellina,632,230,5,636,232,5,-4,-0.6289308176100629
Pyrgilauda ruficollis,629,157,5,629,157,5,0,0
Corvus pectoralis,628,202,5,648,209,5,-20,-3.0864197530864197
Circus melanoleucos,623,266,5,696,274,5,-73,-10.488505747126437
Pnoepyga pusilla,622,182,5,631,185,5,-9,-1.4263074484944533
Botaurus stellaris,620,246,5,704,258,5,-84,-11.931818181818182
Galerida cristata,620,263,5,624,264,5,-4,-0.6410256410256411
Grus grus,613,239,5,661,249,5,-48,-7.2617246596066565
Zoothera aurea,610,214,5,678,219,5,-68,-10.029498525073747
Phoenicurus leucocephalus,607,256,4,610,257,4,-3,-0.4918032786885246
Pica bottanensis,605,177,5,606,177,5,-1,-0.16501650165016502
Accipiter gularis,603,232,5,689,241,5,-86,-12.481857764876633
Centropus bengalensis,596,220,5,685,230,5,-89,-12.992700729927007
Sternula albifrons,589,230,5,780,247,5,-191,-24.487179487179485
Coturnix japonica,586,211,5,678,222,5,-92,-13.569321533923304
Blythipicus pyrrhotis,585,155,5,589,156,5,-4,-0.6791171477079796
Aethopyga gouldiae,584,149,5,590,152,5,-6,-1.0169491525423728
Grus nigricollis,584,163,5,584,163,5,0,0
Anthus cervinus,583,216,5,692,225,5,-109,-15.751445086705202
Phoenicurus schisticeps,582,132,5,585,132,5,-3,-0.5128205128205128
Pyrrhula erythaca,572,122,5,575,122,5,-3,-0.5217391304347826
Periparus rubidiventris,571,114,5,577,115,5,-6,-1.0398613518197575
Alaudala cheleensis,570,225,5,596,232,5,-26,-4.3624161073825505
Lanius tigrinus,569,224,5,626,233,5,-57,-9.105431309904153
Poecile palustris,564,217,5,595,226,5,-31,-5.2100840336134455
Prunella rubeculoides,564,151,5,565,151,5,-1,-0.17699115044247787
Onychostruthus taczanowskii,558,157,5,558,157,5,0,0
Oenanthe deserti,556,244,5,565,248,5,-9,-1.592920353982301
Phylloscopus yunnanensis,550,153,5,561,157,5,-11,-1.9607843137254901
Phylloscopus affinis,549,157,5,565,163,5,-16,-2.831858407079646
Phylloscopus magnirostris,545,145,5,554,149,5,-9,-1.6245487364620939
Corvus dauuricus,540,290,4,544,292,4,-4,-0.7352941176470589
Calidris ruficollis,529,181,5,735,195,5,-206,-28.027210884353742
Erpornis zantholeuca,528,133,5,538,135,5,-10,-1.858736059479554
Paradoxornis gularis,528,145,5,535,146,5,-7,-1.308411214953271
Turdus obscurus,528,190,5,603,199,5,-75,-12.437810945273633
Ciconia boyciana,527,191,5,599,203,5,-72,-12.020033388981636
Monticola rufiventris,526,157,5,545,162,5,-19,-3.4862385321100917
Muscicapa griseisticta,522,183,5,618,189,5,-96,-15.533980582524272
Turdus cardis,521,197,5,584,205,5,-63,-10.787671232876713
Turdus kessleri,521,111,5,522,112,5,-1,-0.19157088122605365
Turdus pallidus,519,153,5,578,159,5,-59,-10.207612456747405
Cuculus saturatus,518,210,5,547,225,5,-29,-5.301645338208409
Oenanthe pleschanka,517,208,5,518,209,5,-1,-0.19305019305019305
Otocichla mupinensis,515,155,5,536,160,5,-21,-3.917910447761194
Aquila nipalensis,514,234,5,516,236,5,-2,-0.3875968992248062
Anser albifrons,510,202,5,585,211,5,-75,-12.820512820512821
Calidris subminuta,506,210,5,629,220,5,-123,-19.554848966613672
Lophura nycthemera,505,130,5,509,131,5,-4,-0.7858546168958742
Ixobrychus cinnamomeus,502,200,5,568,212,5,-66,-11.619718309859154
Phylloscopus schwarzi,499,223,5,574,239,5,-75,-13.066202090592334
Coccothraustes coccothraustes,498,221,5,527,229,5,-29,-5.502846299810247
Carpodacus dubius,495,113,5,495,113,5,0,0
Cinclus cinclus,493,148,5,495,150,5,-2,-0.40404040404040403
Pericrocotus divaricatus,493,210,5,575,223,5,-82,-14.26086956521739
Carpodacus pulcherrimus,492,124,5,493,124,5,-1,-0.2028397565922921
Glareola maldivarum,490,185,5,607,199,5,-117,-19.27512355848435
Mycerobas carnipes,489,129,5,493,129,5,-4,-0.8113590263691683
Luscinia calliope,488,172,5,NA,NA,NA,NA,NA
Aviceda leuphotes,486,174,5,503,179,5,-17,-3.3797216699801194
Lanius bucephalus,484,210,5,550,219,5,-66,-12
Phylloscopus plumbeitarsus,483,201,5,563,215,5,-80,-14.209591474245116
Phylloscopus subaffinis,477,167,5,481,170,5,-4,-0.8316008316008316
Anser serrirostris,474,191,5,545,203,5,-71,-13.027522935779816
Pluvialis squatarola,474,151,5,681,161,5,-207,-30.39647577092511
Lophophanes dichrous,472,95,5,476,97,5,-4,-0.8403361344537815
Otus lettia,472,176,5,492,183,5,-20,-4.065040650406504
Tichodroma muraria,472,176,5,475,176,5,-3,-0.631578947368421
Yuhina diademata,468,99,5,NA,NA,NA,NA,NA
Yuhina torqueola,468,129,5,NA,NA,NA,NA,NA
Phylloscopus forresti,467,106,5,469,106,5,-2,-0.42643923240938164
Rhopophilus pekinensis,463,165,5,466,166,5,-3,-0.6437768240343348
Staphida torqueola,463,174,5,467,176,5,-4,-0.8565310492505354
Ficedula erithacus,460,127,5,463,129,5,-3,-0.6479481641468683
Lanius isabellinus,459,207,5,460,207,5,-1,-0.21739130434782608
Leucosticte nemoricola,459,153,5,461,153,5,-2,-0.43383947939262474
Garrulax davidi,456,107,5,NA,NA,NA,NA,NA
Emberiza leucocephalos,452,179,5,462,184,5,-10,-2.1645021645021645
Gelochelidon nilotica,452,182,5,629,196,5,-177,-28.139904610492845
Horornis canturians,452,233,4,502,241,4,-50,-9.9601593625498
Hydrophasianus chirurgus,450,175,5,501,181,5,-51,-10.179640718562874
Calidris ferruginea,447,192,5,597,207,5,-150,-25.12562814070352
Cyanoptila cyanomelana,447,160,5,533,171,5,-86,-16.135084427767353
Numenius phaeopus,447,144,5,639,156,5,-192,-30.046948356807512
Ficedula mugimaki,446,153,5,524,163,5,-78,-14.885496183206106
Oenanthe oenanthe,446,173,5,451,176,5,-5,-1.1086474501108647
Larvivora sibilans,445,147,5,513,157,5,-68,-13.255360623781677
Pomatorhinus gravivox,441,113,5,NA,NA,NA,NA,NA
Lalage melaschistos,439,197,4,476,208,4,-37,-7.773109243697479
Sitta villosa,439,132,5,447,135,5,-8,-1.7897091722595078
Hirundapus caudacutus,438,171,5,491,186,5,-53,-10.79429735234216
Emberiza rutila,435,177,5,516,185,5,-81,-15.69767441860465
Sibirionetta formosa,435,192,5,488,204,5,-53,-10.860655737704919
Leptopoecile sophiae,434,118,5,434,118,5,0,0
Rhipidura albicollis,431,85,5,441,86,5,-10,-2.2675736961451247
Aegypius monachus,429,192,5,440,197,5,-11,-2.5
Phylloscopus ricketti,428,164,5,452,171,5,-24,-5.3097345132743365
Tarsiger rufilatus,427,103,5,432,103,5,-5,-1.1574074074074074
Larus crassirostris,425,106,5,647,125,5,-222,-34.31221020092736
Pica pica,424,185,5,429,187,5,-5,-1.1655011655011656
Pyrrhocorax graculus,424,159,5,426,159,5,-2,-0.4694835680751174
Turdus atrogularis,424,215,5,429,217,5,-5,-1.1655011655011656
Aythya baeri,421,173,5,466,189,5,-45,-9.656652360515022
Buteo refectus,421,132,5,428,134,5,-7,-1.6355140186915889
Zapornia akool,421,155,5,434,160,5,-13,-2.9953917050691246
Apus salimalii,419,107,5,422,107,5,-3,-0.7109004739336493
Yuhina nigrimenta,419,116,5,420,116,5,-1,-0.23809523809523808
Aerodramus brevirostris,416,146,5,491,162,5,-75,-15.274949083503055
Minla cyanouroptera,416,98,5,NA,NA,NA,NA,NA
Terpsiphone incei,416,189,5,440,197,5,-24,-5.454545454545454
Delichon urbicum,415,186,5,434,197,5,-19,-4.377880184331797
Seicercus castaniceps,415,119,5,NA,NA,NA,NA,NA
Dendrocopos hyperythrus,410,149,5,433,156,5,-23,-5.311778290993072
Petronia petronia,410,129,5,410,129,5,0,0
Coracina melaschistos,408,138,5,NA,NA,NA,NA,NA
Sitta nagaensis,408,87,5,413,88,5,-5,-1.2106537530266344
Charadrius leschenaultii,407,156,5,600,172,5,-193,-32.166666666666664
Carpodacus sibiricus,406,180,5,416,185,5,-10,-2.4038461538461537
Loxia curvirostra,405,176,5,413,180,5,-8,-1.937046004842615
Rallus indicus,405,172,5,441,180,5,-36,-8.16326530612245
Zosterops palpebrosus,404,100,5,418,104,5,-14,-3.349282296650718
Carpodacus rubicilloides,403,118,5,403,118,5,0,0
Falco cherrug,402,229,4,409,236,4,-7,-1.7114914425427872
Carpodacus waltoni,399,115,5,399,115,5,0,0
Larus canus,397,162,5,501,180,5,-104,-20.758483033932137
Clamator coromandus,395,164,5,415,170,5,-20,-4.819277108433735
Hieraaetus pennatus,394,170,5,405,174,5,-11,-2.7160493827160495
Chloropsis hardwickii,393,101,5,400,104,5,-7,-1.75
Bombycilla garrulus,391,204,5,408,207,5,-17,-4.166666666666667
Bubo bubo,390,196,5,399,201,5,-9,-2.255639097744361
Phylloscopus tenellipes,389,159,5,471,169,5,-82,-17.409766454352443
Heterophasia desgodinsi,387,100,5,391,101,5,-4,-1.0230179028132993
Phylloscopus reguloides,387,106,5,401,109,5,-14,-3.491271820448878
Cacomantis merulinus,386,130,5,404,134,5,-18,-4.455445544554456
Calliope calliope,386,197,4,445,217,4,-59,-13.258426966292134
Ficedula strophiata,386,107,5,398,111,5,-12,-3.0150753768844223
Emberiza schoeniclus,385,167,5,439,176,5,-54,-12.300683371298405
Scolopax rusticola,384,177,5,434,186,5,-50,-11.52073732718894
Horornis diphone,383,134,5,471,142,5,-88,-18.683651804670912
Garrulax pectoralis,382,96,5,NA,NA,NA,NA,NA
Hydroprogne caspia,382,147,5,555,160,5,-173,-31.17117117117117
Bombycilla japonica,381,162,5,406,167,5,-25,-6.157635467980295
Calidris acuminata,381,141,5,512,149,5,-131,-25.5859375
Acridotheres tristis,380,148,5,423,157,5,-43,-10.16548463356974
Horornis acanthizoides,380,116,5,383,119,5,-3,-0.783289817232376
Rostratula benghalensis,380,164,4,411,170,5,-31,-7.542579075425791
Carpodacus vinaceus,377,97,5,377,97,5,0,0
Parus major,373,136,5,377,139,5,-4,-1.0610079575596818
Leucosticte brandti,371,130,5,373,131,5,-2,-0.5361930294906166
Dendrocopos leucotos,366,146,5,373,151,5,-7,-1.876675603217158
Eophona personata,366,153,5,390,158,5,-24,-6.153846153846154
Myiomela leucura,365,113,5,374,116,5,-9,-2.406417112299465
Pteruthius aeralatus,363,88,5,372,90,5,-9,-2.4193548387096775
Urosphena squameiceps,360,134,5,424,144,5,-64,-15.09433962264151
Psilopogon faber,359,113,5,364,115,5,-5,-1.3736263736263736
Xenus cinereus,359,131,5,555,144,5,-196,-35.31531531531532
Aegithalos caudatus,356,168,5,375,179,5,-19,-5.066666666666666
Pterorhinus davidi,356,146,4,356,146,4,0,0
Amaurornis akool,354,105,5,NA,NA,NA,NA,NA
Montifringilla adamsi,354,111,5,355,111,5,-1,-0.28169014084507044
Haliaeetus albicilla,353,158,5,368,164,5,-15,-4.076086956521739
Panurus biarmicus,353,134,5,356,134,5,-3,-0.8426966292134831
Buteo rufinus,352,168,5,352,168,5,0,0
Babax lanceolatus,347,100,5,NA,NA,NA,NA,NA
Prunella collaris,347,134,5,356,138,5,-9,-2.5280898876404496
Mergus squamatus,345,136,5,358,142,5,-13,-3.631284916201117
Prinia superciliaris,345,103,5,350,105,5,-5,-1.4285714285714286
Perdix hodgsoniae,344,108,5,344,108,5,0,0
Pericrocotus brevirostris,340,93,5,352,95,5,-12,-3.409090909090909
Prunella montanella,340,146,5,347,150,5,-7,-2.0172910662824206
Certhia familiaris,339,142,5,354,150,5,-15,-4.237288135593221
Parus spilonotus,337,84,5,NA,NA,NA,NA,NA
Emberiza aureola,336,189,4,377,200,4,-41,-10.875331564986737
Seicercus valentini,335,79,5,NA,NA,NA,NA,NA
Chloropsis lazulina,334,137,5,337,139,5,-3,-0.8902077151335311
Ithaginis cruentus,334,77,5,336,77,5,-2,-0.5952380952380952
Cyanistes cyanus,330,121,5,330,121,5,0,0
Columba leuconota,329,111,5,330,111,5,-1,-0.30303030303030304
Nisaetus nipalensis,329,109,5,338,110,5,-9,-2.662721893491124
Chloris ambigua,324,80,5,325,80,5,-1,-0.3076923076923077
Grus virgo,323,138,5,326,140,5,-3,-0.9202453987730062
Ictinaetus malayensis,323,86,5,NA,NA,NA,NA,NA
Alectoris chukar,322,166,5,323,167,5,-1,-0.30959752321981426
Ibidorhyncha struthersii,322,128,5,331,128,5,-9,-2.719033232628399
Lanius phoenicuroides,320,111,5,320,111,5,0,0
Turdus merula,320,120,5,321,121,5,-1,-0.3115264797507788
Phylloscopus goodsoni,316,111,5,339,117,5,-23,-6.784660766961652
Chrysolophus pictus,313,101,5,313,101,5,0,0
Pterorhinus pectoralis,313,125,5,323,129,5,-10,-3.0959752321981426
Agropsar sturninus,309,160,5,371,167,5,-62,-16.711590296495956
Sylviparus modestus,309,73,5,317,73,5,-8,-2.5236593059936907
Falco columbarius,307,165,5,377,175,5,-70,-18.56763925729443
Aegithalos iouschistos,304,65,5,313,67,5,-9,-2.8753993610223643
Ictinaetus malaiensis,304,128,3,314,134,4,-10,-3.1847133757961785
Poecile weigoldicus,304,72,5,305,73,5,-1,-0.32786885245901637
Certhia hodgsoni,302,70,5,306,72,5,-4,-1.3071895424836601
Phylloscopus maculipennis,302,76,5,313,77,5,-11,-3.5143769968051117
Fulvetta cinereiceps,301,70,5,301,70,5,0,0
Terpsiphone paradisi,301,118,5,337,124,5,-36,-10.682492581602373
Asio otus,300,149,5,323,157,5,-23,-7.120743034055727
Falco naumanni,299,127,5,301,129,5,-2,-0.6644518272425249
Hodgsonius phoenicuroides,297,91,5,NA,NA,NA,NA,NA
Trochalopteron affine,297,68,5,305,69,5,-8,-2.622950819672131
Asio flammeus,295,142,5,352,159,5,-57,-16.193181818181817
Turdus dissimilis,295,80,5,295,80,5,0,0
Muscicapa ferruginea,294,96,5,307,104,5,-13,-4.234527687296417
Niltava sundara,293,83,5,303,86,5,-10,-3.3003300330033003
Lioparus chrysotis,290,69,5,295,71,5,-5,-1.694915254237288
Arenaria interpres,288,113,5,481,130,5,-193,-40.12474012474012
Erythrogenys gravivox,287,136,3,287,136,3,0,0
Emberiza siemsseni,285,83,5,285,83,5,0,0
Harpactes erythrocephalus,284,73,5,292,73,5,-8,-2.73972602739726
Ficedula tricolor,283,93,5,288,95,5,-5,-1.7361111111111112
Minla ignotincta,282,73,5,289,74,5,-7,-2.422145328719723
Phylloscopus castaniceps,282,125,4,288,128,4,-6,-2.0833333333333335
Carpodacus rubicilla,281,122,5,281,122,5,0,0
Pteruthius xanthochlorus,281,95,5,287,96,5,-6,-2.0905923344947737
Dryobates cathpharius,280,76,5,284,76,5,-4,-1.408450704225352
Phylloscopus ogilviegranti,280,97,5,285,98,5,-5,-1.7543859649122806
Sinosuthora alphonsiana,279,66,5,280,67,5,-1,-0.35714285714285715
Anthus godlewskii,278,141,5,300,150,5,-22,-7.333333333333333
Mergus serrator,278,107,5,371,122,5,-93,-25.067385444743934
Niltava davidi,274,92,5,280,92,5,-6,-2.142857142857143
Numenius madagascariensis,273,93,5,444,108,5,-171,-38.513513513513516
Sturnia sinensis,273,88,5,343,94,5,-70,-20.408163265306122
Merops viridis,272,105,5,302,108,5,-30,-9.933774834437086
Garrulax maximus,269,59,5,NA,NA,NA,NA,NA
Fringilla coelebs,268,108,5,271,111,5,-3,-1.1070110701107012
Garrulax monileger,268,78,5,272,79,5,-4,-1.4705882352941178
Hypothymis azurea,268,72,5,297,76,5,-29,-9.764309764309765
Melanocorypha maxima,267,86,5,267,86,5,0,0
Prunella immaculata,267,67,5,269,67,5,-2,-0.7434944237918215
Turdus boulboul,265,95,5,270,97,5,-5,-1.8518518518518519
Aythya marila,263,121,5,355,138,5,-92,-25.91549295774648
Fulvetta ruficapilla,263,74,5,264,74,5,-1,-0.3787878787878788
Perdix dauurica,263,104,5,264,105,5,-1,-0.3787878787878788
Calandrella acutirostris,262,92,5,262,92,5,0,0
Turdus viscivorus,261,78,5,261,78,5,0,0
Emberiza yessoensis,260,109,5,316,119,5,-56,-17.72151898734177
Poecile superciliosus,259,65,5,259,65,5,0,0
Seicercus tephrocephalus,259,72,5,NA,NA,NA,NA,NA
Dicaeum minullum,257,101,5,261,101,5,-4,-1.5325670498084292
Yuhina gularis,257,59,5,266,61,5,-9,-3.3834586466165413
Locustella lanceolata,256,109,5,302,117,5,-46,-15.2317880794702
Platalea minor,256,90,5,409,101,5,-153,-37.40831295843521
Cyornis hainanus,255,80,5,264,83,5,-9,-3.409090909090909
Enicurus maculatus,255,67,5,264,69,5,-9,-3.409090909090909
Grus vipio,255,92,5,269,94,5,-14,-5.204460966542751
Limosa lapponica,252,92,5,436,106,5,-184,-42.20183486238532
Brachypteryx leucophris,251,82,5,257,83,5,-6,-2.3346303501945527
Calidris pugnax,251,123,5,322,131,5,-71,-22.049689440993788
Carduelis carduelis,251,82,5,251,82,5,0,0
Ixobrychus eurhythmus,251,130,5,288,139,5,-37,-12.847222222222221
Pucrasia macrolopha,250,90,5,250,90,5,0,0
Surniculus lugubris,249,123,5,257,125,5,-8,-3.11284046692607
Syrrhaptes paradoxus,249,118,5,249,118,5,0,0
Emberiza lathami,247,98,5,256,102,5,-9,-3.515625
Muscicapa muttui,247,109,5,262,114,5,-15,-5.7251908396946565
Fulvetta vinipectus,246,53,5,254,55,5,-8,-3.1496062992125986
Parayuhina diademata,246,89,4,246,89,4,0,0
Strix nivicolum,245,103,5,246,104,5,-1,-0.4065040650406504
Gallinago stenura,244,139,5,278,143,5,-34,-12.23021582733813
Phyllergates cuculatus,244,64,5,NA,NA,NA,NA,NA
Prinia hodgsonii,242,69,5,246,69,5,-4,-1.6260162601626016
Columba hodgsonii,241,61,5,243,61,5,-2,-0.823045267489712
Tetraogallus tibetanus,240,85,5,240,85,5,0,0
Coracias garrulus,239,71,5,239,71,5,0,0
Montifringilla henrici,237,74,5,237,74,5,0,0
Larus fuscus,236,95,5,373,106,5,-137,-36.729222520107236
Luscinia cyane,236,77,5,NA,NA,NA,NA,NA
Psilopogon asiaticus,236,52,5,241,53,5,-5,-2.074688796680498
Actinodura cyanouroptera,233,96,3,234,97,3,-1,-0.42735042735042733
Alcippe dubia,233,63,5,NA,NA,NA,NA,NA
Geokichla citrina,233,85,5,248,89,5,-15,-6.048387096774194
Passer ammodendri,232,109,5,232,109,5,0,0
Poecile hypermelaenus,232,85,5,232,85,5,0,0
Aegithalos fuliginosus,231,58,5,231,58,5,0,0
Charadrius mongolus,231,113,4,329,131,4,-98,-29.78723404255319
Pterorhinus lanceolatus,231,94,3,231,94,3,0,0
Monticola gularis,230,89,5,294,97,5,-64,-21.768707482993197
Iduna aedon,229,109,5,NA,NA,NA,NA,NA
Cyornis whitei,226,67,5,231,68,5,-5,-2.1645021645021645
Horornis flavolivaceus,226,71,5,228,72,5,-2,-0.8771929824561403
Prinia striata,226,123,5,242,126,5,-16,-6.6115702479338845
Tarsiger chrysaeus,226,60,5,231,61,5,-5,-2.1645021645021645
Niltava macgrigoriae,225,74,5,235,75,5,-10,-4.25531914893617
Paradoxornis guttaticollis,225,91,5,228,92,5,-3,-1.3157894736842106
Chalcophaps indica,224,71,5,229,71,5,-5,-2.183406113537118
Calidris alba,222,83,5,392,101,5,-170,-43.36734693877551
Larus relictus,221,83,5,321,96,5,-100,-31.152647975077883
Calidris tenuirostris,219,72,5,381,83,5,-162,-42.51968503937008
Chelidorhynx hypoxantha,219,54,5,NA,NA,NA,NA,NA
Haematopus ostralegus,218,83,5,368,94,5,-150,-40.76086956521739
Alcippe brunnea,217,73,5,NA,NA,NA,NA,NA
Calidris falcinellus,217,90,5,380,107,5,-163,-42.89473684210526
Pyrgilauda blanfordi,216,78,5,217,78,5,-1,-0.4608294930875576
Dryocopus martius,215,84,5,216,85,5,-1,-0.46296296296296297
Tragopan temminckii,215,56,5,217,56,5,-2,-0.9216589861751152
Carpodacus roseus,214,104,5,226,113,5,-12,-5.3097345132743365
Cettia castaneocoronata,214,60,5,221,62,5,-7,-3.167420814479638
Monticola saxatilis,214,91,5,214,91,5,0,0
Phylloscopus kansuensis,214,65,5,214,65,5,0,0
Grus monacha,213,80,5,252,87,5,-39,-15.476190476190476
Leptopoecile elegans,213,55,5,213,55,5,0,0
Chloris chloris,212,69,5,212,69,5,0,0
Locustella certhiola,212,108,5,NA,NA,NA,NA,NA
Sylvia curruca,212,98,5,NA,NA,NA,NA,NA
Pomatorhinus swinhoei,211,63,5,NA,NA,NA,NA,NA
Rhodospiza obsoleta,211,102,5,211,102,5,0,0
Dicrurus aeneus,210,49,5,219,51,5,-9,-4.109589041095891
Ninox japonica,210,87,5,252,94,5,-42,-16.666666666666668
Otus spilocephalus,210,78,5,211,78,5,-1,-0.47393364928909953
Phylloscopus occisinensis,209,87,3,218,95,3,-9,-4.128440366972477
Tringa brevipes,209,78,5,368,97,5,-159,-43.20652173913044
Cuculus optatus,207,109,5,254,120,5,-47,-18.503937007874015
Emberiza yunnanensis,206,114,3,206,114,3,0,0
Limnodromus semipalmatus,205,96,5,313,118,5,-108,-34.50479233226837
Gallinago megala,204,121,5,233,128,5,-29,-12.446351931330472
Geokichla sibirica,204,93,5,272,106,5,-68,-25
Locustella luteoventris,204,74,5,206,76,5,-2,-0.970873786407767
Buteo lagopus,203,105,5,215,111,5,-12,-5.5813953488372094
Bucanetes mongolicus,201,95,5,201,95,5,0,0
Calandrella brachydactyla,201,94,5,209,101,5,-8,-3.827751196172249
Cygnus olor,201,94,4,216,103,4,-15,-6.944444444444445
Nettapus coromandelianus,201,99,4,216,105,4,-15,-6.944444444444445
Calidris minuta,200,110,5,279,127,5,-79,-28.315412186379927
Crossoptilon crossoptilon,199,46,5,199,46,5,0,0
Egretta eulophotes,199,68,4,371,87,5,-172,-46.3611859838275
Aethopyga saturata,198,44,5,201,44,5,-3,-1.492537313432836
Phylloscopus valentini,198,85,4,202,88,4,-4,-1.9801980198019802
Erythrogenys swinhoei,197,87,4,197,87,4,0,0
Certhia himalayana,196,59,5,197,59,5,-1,-0.5076142131979695
Dicaeum cruentatum,195,50,5,206,50,5,-11,-5.339805825242719
Elachura formosa,195,57,4,198,58,4,-3,-1.5151515151515151
Yuhina occipitalis,195,49,5,201,50,5,-6,-2.985074626865672
Arundinax aedon,194,132,3,217,146,3,-23,-10.599078341013826
Locustella mandelli,194,80,5,198,82,5,-4,-2.0202020202020203
Fulvetta striaticollis,191,46,5,191,46,5,0,0
Larus cachinnans,191,72,4,197,78,4,-6,-3.045685279187817
Machlolophus spilonotus,191,66,4,191,66,4,0,0
Clanga clanga,190,114,3,208,118,4,-18,-8.653846153846153
Micropternus brachyurus,190,56,5,198,57,5,-8,-4.040404040404041
Aquila fasciata,189,97,5,202,104,5,-13,-6.435643564356436
Spizixos canifrons,189,35,5,190,35,5,-1,-0.5263157894736842
Ficedula narcissina,188,77,5,254,86,5,-66,-25.984251968503937
Cephalopyrus flammiceps,187,57,5,188,57,5,-1,-0.5319148936170213
Merops apiaster,187,57,5,187,57,5,0,0
Motacilla flava,187,69,5,191,73,5,-4,-2.094240837696335
Paradoxornis heudei,187,82,4,217,86,4,-30,-13.824884792626728
Podoces hendersoni,187,88,5,187,88,5,0,0
Arachnothera magna,186,38,5,189,38,5,-3,-1.5873015873015872
Alcippe fratercula,185,40,5,190,40,5,-5,-2.6315789473684212
Anthus campestris,185,61,5,185,61,5,0,0
Hypsipetes amaurotis,185,74,4,234,85,5,-49,-20.94017094017094
Aquila heliaca,184,102,5,196,104,5,-12,-6.122448979591836
Buteo buteo,183,79,5,183,79,5,0,0
Linaria cannabina,183,62,5,183,62,5,0,0
Pycnonotus cafer,183,37,5,187,38,5,-4,-2.1390374331550803
Grus japonensis,182,63,5,203,66,5,-21,-10.344827586206897
Ixobrychus flavicollis,182,85,4,190,91,4,-8,-4.2105263157894735
Otis tarda,182,72,5,186,75,5,-4,-2.150537634408602
Calidris canutus,181,69,5,338,84,5,-157,-46.44970414201183
Schoeniparus brunneus,181,98,3,182,99,3,-1,-0.5494505494505495
Artamus fuscus,180,59,5,194,61,5,-14,-7.216494845360825
Chrysolophus amherstiae,180,47,5,181,47,5,-1,-0.5524861878453039
Ficedula hyperythra,180,61,5,184,63,5,-4,-2.1739130434782608
Rhopodytes tristis,180,47,5,NA,NA,NA,NA,NA
Anser erythropus,179,78,5,217,90,5,-38,-17.51152073732719
Phalaropus lobatus,179,102,5,273,120,5,-94,-34.43223443223443
Tarsiger indicus,179,56,5,185,59,5,-6,-3.2432432432432434
Locustella thoracica,177,49,5,178,50,5,-1,-0.5617977528089888
Numenius minutus,177,78,5,259,94,5,-82,-31.66023166023166
Alophoixus pallidus,176,31,5,187,33,5,-11,-5.882352941176471
Luscinia megarhynchos,175,52,5,175,52,5,0,0
Pastor roseus,175,69,5,179,73,5,-4,-2.2346368715083798
Procarduelis nipalensis,175,51,5,178,51,5,-3,-1.6853932584269662
Sitta przewalskii,175,42,5,176,43,5,-1,-0.5681818181818182
Accipiter badius,174,71,5,196,72,5,-22,-11.224489795918368
Aethopyga siparaja,174,46,5,180,46,5,-6,-3.3333333333333335
Columba oenas,174,69,5,174,69,5,0,0
Ianthocincla maxima,173,64,3,173,64,3,0,0
Lanius giganteus,173,66,5,175,68,5,-2,-1.1428571428571428
Carpodacus davidianus,171,63,5,171,63,5,0,0
Chroicocephalus saundersi,170,53,5,NA,NA,NA,NA,NA
Locustella davidi,170,67,5,178,69,5,-8,-4.49438202247191
Phylloscopus collybita,170,81,4,174,85,4,-4,-2.2988505747126435
Pyrrhula nipalensis,170,63,5,172,65,5,-2,-1.1627906976744187
Minla strigula,168,44,5,NA,NA,NA,NA,NA
Hemipus picatus,166,37,5,170,38,5,-4,-2.3529411764705883
Acanthis flammea,165,97,4,173,103,4,-8,-4.624277456647399
Crossoptilon auritum,165,41,5,165,41,5,0,0
Larvivora cyane,164,95,4,199,107,4,-35,-17.587939698492463
Cypsiurus balasiensis,163,37,5,177,39,5,-14,-7.909604519774011
Pycnonotus flaviventris,162,30,5,NA,NA,NA,NA,NA
Francolinus pintadeanus,161,70,5,179,71,5,-18,-10.05586592178771
Helopsaltes certhiola,161,101,3,171,107,3,-10,-5.847953216374269
Spinus thibetanus,161,45,5,161,45,5,0,0
Yuhina flavicollis,161,40,5,173,42,5,-12,-6.936416184971098
Zoothera dixoni,161,46,5,164,47,5,-3,-1.829268292682927
Carpodacus trifasciatus,160,39,5,160,39,5,0,0
Dendrocopos darjellensis,158,37,5,164,40,5,-6,-3.658536585365854
Luscinia phaenicuroides,158,70,4,158,70,4,0,0
Mycerobas affinis,158,39,5,161,41,5,-3,-1.8633540372670807
Anthus trivialis,157,63,4,159,65,4,-2,-1.2578616352201257
Podiceps auritus,157,83,5,195,90,5,-38,-19.487179487179485
Saundersilarus saundersi,157,76,3,241,88,3,-84,-34.85477178423236
Calcarius lapponicus,156,80,5,172,83,5,-16,-9.30232558139535
Charadrius atrifrons,156,93,3,176,101,3,-20,-11.363636363636363
Gallicrex cinerea,155,92,5,177,100,5,-22,-12.429378531073446
Macropygia unchall,155,51,5,159,52,5,-4,-2.5157232704402515
Prinia rufescens,155,56,5,165,57,5,-10,-6.0606060606060606
Treron sphenurus,155,45,5,162,46,5,-7,-4.320987654320987
Muscicapa striata,154,52,5,155,53,5,-1,-0.6451612903225806
Cyornis glaucicomans,153,57,5,156,58,5,-3,-1.9230769230769231
Ficedula elisae,153,50,5,170,56,5,-17,-10
Pericrocotus roseus,153,49,5,154,50,5,-1,-0.6493506493506493
Arborophila gingica,151,44,5,151,44,5,0,0
Pyrrhula pyrrhula,151,82,4,155,86,4,-4,-2.5806451612903225
Charadrius veredus,150,77,4,203,88,4,-53,-26.108374384236452
Strix leptogrammica,150,58,4,152,58,4,-2,-1.3157894736842106
Copsychus malabaricus,149,38,5,155,39,5,-6,-3.870967741935484
Tephrodornis virgatus,149,45,5,155,46,5,-6,-3.870967741935484
Carpodacus puniceus,148,65,5,148,65,5,0,0
Lanius collurioides,148,50,5,155,51,5,-7,-4.516129032258065
Phylloscopus tephrocephalus,148,79,3,152,82,3,-4,-2.6315789473684212
Abroscopus superciliaris,147,36,5,150,37,5,-3,-2
Aviceda jerdoni,147,70,4,159,71,4,-12,-7.547169811320755
Dryobates minor,147,71,4,149,73,4,-2,-1.342281879194631
Melanocorypha mongolica,147,86,3,148,87,3,-1,-0.6756756756756757
Picoides tridactylus,147,54,5,147,54,5,0,0
Seicercus omeiensis,147,39,5,NA,NA,NA,NA,NA
Sitta frontalis,147,33,5,152,33,5,-5,-3.289473684210526
Acrocephalus arundinaceus,146,48,5,147,49,5,-1,-0.6802721088435374
Merops philippinus,146,46,5,178,51,5,-32,-17.97752808988764
Turdus maximus,146,59,5,149,60,5,-3,-2.0134228187919465
Curruca curruca,144,84,3,144,84,3,0,0
Oriolus traillii,144,34,5,147,35,5,-3,-2.0408163265306123
Suthora verreauxi,144,38,5,145,39,5,-1,-0.6896551724137931
Dendrocopos leucopterus,143,58,5,143,58,5,0,0
Garrulax albogularis,143,52,5,NA,NA,NA,NA,NA
Neosuthora davidiana,143,45,5,143,45,5,0,0
Melanochlora sultanea,142,31,5,145,31,5,-3,-2.0689655172413794
Phylloscopus intensior,142,44,5,148,45,5,-6,-4.054054054054054
Zapornia fusca,142,95,5,151,104,5,-9,-5.960264900662252
Garrulax ocellatus,141,42,5,NA,NA,NA,NA,NA
Serinus pusillus,141,62,5,141,62,5,0,0
Alectoris magna,139,36,5,139,36,5,0,0
Seicercus soror,139,56,5,NA,NA,NA,NA,NA
Sinosuthora conspicillata,139,41,5,139,41,5,0,0
Acrocephalus agricola,138,57,5,139,58,5,-1,-0.7194244604316546
Calliope tschebaiewi,137,48,5,139,48,5,-2,-1.4388489208633093
Seicercus affinis,137,58,5,NA,NA,NA,NA,NA
Saxicola caprata,136,37,5,144,37,5,-8,-5.555555555555555
Trochalopteron henrici,136,40,5,136,40,5,0,0
Phoenicurus erythronotus,135,65,5,136,66,5,-1,-0.7352941176470589
Grus leucogeranus,133,44,5,NA,NA,NA,NA,NA
Dupetor flavicollis,132,57,5,NA,NA,NA,NA,NA
Cecropis striolata,131,47,5,139,48,5,-8,-5.755395683453237
Cettia brunnifrons,131,44,5,137,46,5,-6,-4.37956204379562
Ficedula westermanni,131,40,5,139,41,5,-8,-5.755395683453237
Pnoepyga albiventer,131,28,5,134,28,5,-3,-2.2388059701492535
Pelecanus crispus,130,64,5,196,73,5,-66,-33.673469387755105
Aquila clanga,129,65,5,NA,NA,NA,NA,NA
Anthus rufulus,127,60,5,137,63,5,-10,-7.299270072992701
Circaetus gallicus,126,65,5,130,66,5,-4,-3.076923076923077
Phoenicurus alaschanicus,126,42,5,126,42,5,0,0
Pterorhinus chinensis,126,45,4,131,45,4,-5,-3.816793893129771
Anthus gustavi,125,59,5,201,72,5,-76,-37.81094527363184
Curruca communis,125,55,3,125,55,3,0,0
Leucogeranus leucogeranus,125,58,4,143,70,4,-18,-12.587412587412587
Pterorhinus berthemyi,125,53,4,125,53,4,0,0
Tesia cyaniventer,125,34,5,129,36,5,-4,-3.10077519379845
Coracina macei,123,48,5,125,48,5,-2,-1.6
Gallus gallus,123,44,5,134,44,5,-11,-8.208955223880597
Urocynchramus pylzowi,123,42,5,123,42,5,0,0
Niltava grandis,122,31,5,122,31,5,0,0
Sasia ochracea,122,36,4,126,36,4,-4,-3.1746031746031744
Conostoma aemodium,121,24,5,123,24,5,-2,-1.6260162601626016
Syrmaticus ellioti,121,44,5,121,44,5,0,0
Lanius excubitor,119,62,5,119,62,5,0,0
Phyllergates cucullatus,119,45,3,121,46,3,-2,-1.6528925619834711
Phylloscopus emeiensis,119,35,5,120,36,5,-1,-0.8333333333333334
Carpodacus subhimachalus,118,42,5,121,44,5,-3,-2.479338842975207
Certhia tianquanensis,118,26,5,118,26,5,0,0
Emberiza bruniceps,118,48,5,119,48,5,-1,-0.8403361344537815
Phylloscopus soror,118,60,3,124,62,3,-6,-4.838709677419355
Abroscopus schisticeps,117,30,5,125,31,5,-8,-6.4
Aethopyga nipalensis,117,33,5,128,36,5,-11,-8.59375
Ixobrychus minutus,117,41,4,117,41,4,0,0
Cygnus atratus,116,56,4,NA,NA,NA,NA,NA
Porzana fusca,116,61,5,NA,NA,NA,NA,NA
Stachyris nigriceps,115,21,5,117,21,5,-2,-1.7094017094017093
Lanius collurio,114,43,5,115,44,5,-1,-0.8695652173913043
Luscinia brunnea,113,35,5,NA,NA,NA,NA,NA
Psarisomus dalhousiae,113,20,5,117,20,5,-4,-3.4188034188034186
Terpsiphone atrocaudata,113,46,3,173,56,3,-60,-34.68208092485549
Ianthocincla lunulata,112,32,5,112,32,5,0,0
Lanius borealis,112,66,4,116,68,4,-4,-3.4482758620689653
Acrocephalus dumetorum,111,45,4,111,45,4,0,0
Staphida castaniceps,111,34,5,115,34,5,-4,-3.4782608695652173
Trochalopteron milnei,111,25,5,113,25,5,-2,-1.7699115044247788
Ianthocincla cineracea,110,60,3,110,60,3,0,0
Ianthocincla ocellata,110,38,2,111,38,2,-1,-0.9009009009009009
Dicaeum melanozanthum,109,42,5,115,45,5,-6,-5.217391304347826
Phoenicurus phoenicurus,109,48,4,109,48,4,0,0
Riparia chinensis,109,28,5,117,30,5,-8,-6.837606837606837
Streptopelia turtur,109,45,5,109,45,5,0,0
Turdus feae,109,28,5,112,28,5,-3,-2.6785714285714284
Nyctyornis athertoni,108,23,5,115,24,5,-7,-6.086956521739131
Phylloscopus intermedius,108,52,3,111,55,3,-3,-2.7027027027027026
Psilopogon franklinii,108,27,5,113,28,5,-5,-4.424778761061947
Fulvetta manipurensis,107,32,5,114,33,5,-7,-6.140350877192983
Grandala coelicolor,107,42,5,107,42,5,0,0
Carpodacus verreauxii,106,35,5,109,36,5,-3,-2.7522935779816513
Emberiza cia,106,55,5,107,55,5,-1,-0.9345794392523364
Poecile davidi,106,26,5,106,26,5,0,0
Rallus aquaticus,106,60,4,111,64,4,-5,-4.504504504504505
Sylvia communis,106,40,5,NA,NA,NA,NA,NA
Carpodacus edwardsii,105,30,5,107,31,5,-2,-1.8691588785046729
Circus aeruginosus,105,63,5,105,63,5,0,0
Carpodacus lepidus,103,59,3,103,59,3,0,0
Emberiza buchanani,103,44,5,103,44,5,0,0
Hemixos flavala,103,18,4,108,18,4,-5,-4.62962962962963
Pterorhinus albogularis,103,42,3,107,42,3,-4,-3.7383177570093458
Sitta yunnanensis,103,33,5,104,34,5,-1,-0.9615384615384616
Sturnia malabarica,103,36,5,109,37,5,-6,-5.504587155963303
Treron sieboldii,103,48,4,113,54,4,-10,-8.849557522123893
Locustella chengi,102,32,5,102,32,5,0,0
Rhinomyias brunneatus,102,41,5,NA,NA,NA,NA,NA
Lanius minor,101,38,5,101,38,5,0,0
Cyanoptila cumatilis,100,42,4,103,43,4,-3,-2.912621359223301
Trochalopteron formosum,100,18,5,100,18,5,0,0
Turdus albocinctus,100,29,5,102,30,5,-2,-1.9607843137254901
Iduna caligata,99,40,5,101,42,5,-2,-1.9801980198019802
Remiz coronatus,99,44,5,99,44,5,0,0
Sitta himalayensis,99,33,5,106,34,5,-7,-6.60377358490566
Tetrastes sewerzowi,99,24,5,99,24,5,0,0
Zoothera dauma,99,44,5,102,46,5,-3,-2.9411764705882355
Zoothera mollissima,99,32,5,99,32,5,0,0
Tragopan caboti,98,27,5,98,27,5,0,0
Turnix tanki,98,59,5,117,64,5,-19,-16.23931623931624
Chrysococcyx maculatus,97,44,4,101,44,4,-4,-3.9603960396039604
Prunella atrogularis,97,47,4,97,47,4,0,0
Pteruthius melanotis,97,25,5,102,26,5,-5,-4.901960784313726
Stachyridopsis chrysaea,97,18,5,NA,NA,NA,NA,NA
Aethopyga ignicauda,95,27,5,100,30,5,-5,-5
Chrysophlegma flavinucha,95,20,5,99,21,5,-4,-4.040404040404041
Urocissa flavirostris,95,28,5,102,30,5,-7,-6.862745098039215
Actinodura egertoni,94,13,5,99,15,5,-5,-5.05050505050505
Cinnyris jugularis,94,29,4,99,29,4,-5,-5.05050505050505
Pitta nympha,94,50,3,107,56,3,-13,-12.149532710280374
Pycnonotus flavescens,94,18,5,98,18,5,-4,-4.081632653061225
Tyto longimembris,94,46,5,107,48,5,-13,-12.149532710280374
Cisticola exilis,93,46,4,102,49,4,-9,-8.823529411764707
Macronus gularis,93,16,5,NA,NA,NA,NA,NA
Tringa guttifer,93,45,4,184,57,4,-91,-49.45652173913044
Corvus monedula,92,47,2,92,47,2,0,0
Cyornis brunneatus,92,50,3,97,52,3,-5,-5.154639175257732
Passer hispaniolensis,92,49,5,92,49,5,0,0
Charadrius dealbatus,91,56,2,134,66,3,-43,-32.08955223880597
Oriolus oriolus,91,37,4,91,37,4,0,0
Gallinago solitaria,90,49,5,92,51,5,-2,-2.1739130434782608
Picus chlorolophus,90,18,5,96,18,5,-6,-6.25
Pyrgilauda davidiana,90,23,5,90,23,5,0,0
Spilopelia senegalensis,90,41,5,90,41,5,0,0
Turdus pilaris,90,32,4,90,32,4,0,0
Alcippe castaneceps,89,27,5,NA,NA,NA,NA,NA
Curruca minula,89,59,2,89,59,2,0,0
Emberiza hortulana,89,33,4,90,34,4,-1,-1.1111111111111112
Chlidonias niger,88,36,5,88,36,5,0,0
Haliaeetus leucoryphus,88,47,5,88,47,5,0,0
Zapornia pusilla,88,52,3,97,58,3,-9,-9.278350515463918
Caprimulgus europaeus,87,40,5,87,40,5,0,0
Cyornis unicolor,87,34,5,92,36,5,-5,-5.434782608695652
Cettia major,86,27,5,90,29,5,-4,-4.444444444444445
Dicrurus paradiseus,86,18,5,90,18,5,-4,-4.444444444444445
Acrocephalus concinens,85,55,4,88,58,4,-3,-3.409090909090909
Carpodacus roborowskii,85,27,5,85,27,5,0,0
Timalia pileata,85,27,4,87,27,4,-2,-2.2988505747126435
Psilopogon haemacephalus,84,15,5,89,15,5,-5,-5.617977528089888
Pycnonotus striatus,84,15,5,NA,NA,NA,NA,NA
Tetraophasis obscurus,84,21,5,84,21,5,0,0
Dicrurus remifer,83,16,4,88,17,4,-5,-5.681818181818182
Suthora fulvifrons,83,21,5,85,22,5,-2,-2.3529411764705883
Tetraophasis szechenyii,83,22,5,83,22,5,0,0
Dicrurus annectens,82,27,5,88,28,5,-6,-6.818181818181818
Nipponia nippon,82,23,5,83,23,5,-1,-1.2048192771084338
Pellorneum ruficeps,82,14,5,85,14,5,-3,-3.5294117647058822
Brachypteryx montana,81,25,5,NA,NA,NA,NA,NA
Cholornis unicolor,81,21,5,85,22,5,-4,-4.705882352941177
Phylloscopus chloronotus,81,33,5,84,34,5,-3,-3.5714285714285716
Phylloscopus fuligiventer,81,28,5,81,28,5,0,0
Tetrastes bonasia,81,41,5,83,43,5,-2,-2.4096385542168677
Thalasseus bergii,81,34,3,180,49,5,-99,-55
Gallirallus striatus,80,47,5,NA,NA,NA,NA,NA
Otus scops,80,29,4,80,29,4,0,0
Phaenicophaeus tristis,80,28,4,82,28,4,-2,-2.4390243902439024
Aegithina tiphia,79,14,5,83,14,5,-4,-4.819277108433735
Caprimulgus affinis,79,33,4,91,37,4,-12,-13.186813186813186
Carpodacus thura,79,28,5,80,28,5,-1,-1.25
Emberiza citrinella,79,35,3,79,35,3,0,0
Ficedula parva,79,45,4,106,50,5,-27,-25.471698113207548
Mycerobas melanozanthos,79,35,5,82,35,5,-3,-3.658536585365854
Rallina eurizonoides,79,51,3,84,52,3,-5,-5.9523809523809526
Heterophasia pulchella,78,19,5,84,19,5,-6,-7.142857142857143
Plegadis falcinellus,78,63,4,93,70,4,-15,-16.129032258064516
Curruca nisoria,77,43,3,77,43,3,0,0
Locustella tacsanowskia,77,42,5,82,44,5,-5,-6.097560975609756
Serilophus lunatus,77,14,5,82,14,5,-5,-6.097560975609756
Anastomus oscitans,76,28,4,77,29,4,-1,-1.2987012987012987
Iduna rama,76,38,4,76,38,4,0,0
Porphyrio porphyrio,76,18,5,94,21,5,-18,-19.148936170212767
Sterna sumatrana,76,32,3,148,47,5,-72,-48.648648648648646
Turdus chrysolaus,76,42,4,127,52,5,-51,-40.15748031496063
Moupinia poecilotis,75,24,5,76,24,5,-1,-1.3157894736842106
Rissa tridactyla,75,46,4,80,49,4,-5,-6.25
Sylvia nisoria,75,30,5,NA,NA,NA,NA,NA
Aegithalos bonvaloti,74,39,3,74,39,3,0,0
Pterocles orientalis,74,30,5,74,30,5,0,0
Clangula hyemalis,73,44,4,100,59,5,-27,-27
Cuculus nisicolor,73,45,5,NA,NA,NA,NA,NA
Delichon nipalense,73,25,5,84,26,5,-11,-13.095238095238095
Ducula badia,73,19,5,77,19,5,-4,-5.194805194805195
Iole propinqua,73,15,5,76,15,5,-3,-3.9473684210526314
Ketupa flavipes,73,28,5,73,28,5,0,0
Schoeniparus dubius,73,40,3,73,40,3,0,0
Sitta cinnamoventris,73,25,5,77,28,5,-4,-5.194805194805195
Chrysomma sinense,72,16,4,74,16,4,-2,-2.7027027027027026
Stachyris strialata,72,19,5,76,19,5,-4,-5.2631578947368425
Anas poecilorhyncha,71,19,5,73,19,5,-2,-2.73972602739726
Brachypteryx sinensis,71,35,5,71,35,5,0,0
Calidris pygmaea,71,22,4,143,35,5,-72,-50.34965034965035
Phylloscopus omeiensis,71,36,2,71,36,2,0,0
Porzana pusilla,71,32,5,NA,NA,NA,NA,NA
Carpodacus stoliczkae,70,19,5,70,19,5,0,0
Egretta sacra,70,24,5,134,41,5,-64,-47.76119402985075
Seicercus poliogenys,70,21,4,NA,NA,NA,NA,NA
Sinosuthora brunnea,70,15,5,74,16,5,-4,-5.405405405405405
Columba palumbus,69,28,4,69,28,4,0,0
Coturnix coturnix,69,30,5,69,30,5,0,0
Napothera brevicaudata,69,17,4,NA,NA,NA,NA,NA
Syrrhaptes tibetanus,69,38,5,69,38,5,0,0
Tesia olivea,69,17,4,72,18,4,-3,-4.166666666666667
Cettia cetti,68,26,4,68,26,4,0,0
Phoenicurus coeruleocephala,68,31,4,68,31,4,0,0
Picoides kizuki,68,37,4,73,41,4,-5,-6.8493150684931505
Alophoixus flaveolus,67,14,5,72,14,5,-5,-6.944444444444445
Ficedula superciliaris,67,28,5,71,29,5,-4,-5.633802816901408
Melanitta stejnegeri,67,43,5,127,61,5,-60,-47.24409448818898
Prinia crinigera,67,24,5,69,25,5,-2,-2.898550724637681
Chloropsis moluccensis,66,10,5,NA,NA,NA,NA,NA
Heterophasia picaoides,66,10,5,69,10,5,-3,-4.3478260869565215
Tarsiger albocoeruleus,66,41,4,67,41,4,-1,-1.492537313432836
Perisoreus internigrans,65,16,5,65,16,5,0,0
Turnix suscitator,65,40,5,73,42,5,-8,-10.95890410958904
Garrulax sukatschewi,64,14,5,NA,NA,NA,NA,NA
Leiothrix argentauris,64,24,3,67,25,3,-3,-4.477611940298507
Lewinia striata,64,33,2,79,40,2,-15,-18.9873417721519
Pellorneum tickelli,64,15,5,66,15,5,-2,-3.0303030303030303
Phylloscopus borealoides,64,31,3,103,41,3,-39,-37.86407766990291
Urocissa whiteheadi,64,13,5,66,15,5,-2,-3.0303030303030303
Alcippe poioicephala,63,14,5,65,14,5,-2,-3.076923076923077
Anthus sylvanus,63,43,5,65,45,5,-2,-3.076923076923077
Emberiza koslowi,63,15,5,63,15,5,0,0
Otus semitorques,63,41,4,67,42,4,-4,-5.970149253731344
Strix uralensis,63,35,4,66,37,4,-3,-4.545454545454546
Dendrocygna javanica,62,27,4,76,30,4,-14,-18.42105263157895
Phylloscopus examinandus,62,30,3,90,37,3,-28,-31.11111111111111
Erithacus akahige,61,25,5,NA,NA,NA,NA,NA
Megalurus palustris,61,20,5,68,20,5,-7,-10.294117647058824
Phalacrocorax capillatus,61,33,3,134,52,4,-73,-54.47761194029851
Prunella himalayana,61,28,4,62,28,4,-1,-1.6129032258064515
Calandrella dukhunensis,60,49,4,63,51,4,-3,-4.761904761904762
Larus schistisagus,60,35,5,109,55,5,-49,-44.95412844036697
Phylloscopus griseolus,60,38,4,60,38,4,0,0
Podoces biddulphi,60,28,5,60,28,5,0,0
Coloeus monedula,59,24,5,NA,NA,NA,NA,NA
Cuculus hyperythrus,59,25,5,NA,NA,NA,NA,NA
Liocichla ripponi,59,10,5,60,10,5,-1,-1.6666666666666667
Trochalopteron erythrocephalum,59,16,5,63,16,5,-4,-6.349206349206349
Certhia nipalensis,58,17,4,62,18,4,-4,-6.451612903225806
Ficedula sapphira,58,24,5,67,24,5,-9,-13.432835820895523
Garrulax maesi,58,25,5,59,26,5,-1,-1.694915254237288
Gorsachius magnificus,58,31,5,58,31,5,0,0
Heterophasia annectans,58,12,5,NA,NA,NA,NA,NA
Oriolus kundoo,58,31,3,58,31,3,0,0
Oriolus tenuirostris,58,17,4,61,17,4,-3,-4.918032786885246
Gorsachius melanolophus,57,28,2,61,31,2,-4,-6.557377049180328
Lyrurus tetrix,57,26,3,58,27,3,-1,-1.7241379310344827
Acrocephalus scirpaceus,56,24,5,56,24,5,0,0
Apus cooki,56,33,3,58,34,3,-2,-3.4482758620689653
Gecinulus grantia,56,20,4,59,20,4,-3,-5.084745762711864
Luscinia pectardens,56,16,5,NA,NA,NA,NA,NA
Acrocephalus stentoreus,55,17,4,55,17,4,0,0
Agraphospiza rubescens,55,28,5,55,28,5,0,0
Anthus pratensis,55,33,4,56,34,4,-1,-1.7857142857142858
Heterophasia gracilis,55,9,4,57,9,4,-2,-3.508771929824561
Yungipicus kizuki,55,22,4,NA,NA,NA,NA,NA
Dendrocopos atratus,54,11,4,58,12,4,-4,-6.896551724137931
Carpodacus sipahi,53,21,5,59,22,5,-6,-10.169491525423728
Crossoptilon harmani,53,18,5,53,18,5,0,0
Heterophasia capistrata,53,16,5,56,16,5,-3,-5.357142857142857
Orthotomus atrogularis,53,15,4,55,15,4,-2,-3.6363636363636362
Pomatorhinus ochraceiceps,53,10,5,56,10,5,-3,-5.357142857142857
Pteruthius intermedius,53,20,5,55,20,5,-2,-3.6363636363636362
Arachnothera longirostra,52,16,5,59,16,5,-7,-11.864406779661017
Bambusicola fytchii,52,20,5,59,21,5,-7,-11.864406779661017
Locustella pryeri,52,26,5,NA,NA,NA,NA,NA
Onychoprion anaethetus,52,25,4,138,38,5,-86,-62.31884057971015
Oxyura leucocephala,52,23,4,52,23,4,0,0
Porphyrio poliocephalus,52,18,2,61,20,2,-9,-14.754098360655737
Syrmaticus reevesii,52,19,4,52,19,4,0,0
Emberiza calandra,51,28,4,51,28,4,0,0
Hierococcyx nisicolor,51,37,2,53,37,2,-2,-3.7735849056603774
Limnodromus scolopaceus,51,35,4,97,43,4,-46,-47.422680412371136
Arborophila rufogularis,50,17,4,53,17,4,-3,-5.660377358490566
Podiceps grisegena,50,39,4,52,40,4,-2,-3.8461538461538463
Treron curvirostra,50,18,5,56,18,5,-6,-10.714285714285714
Gracula religiosa,49,20,5,53,21,5,-4,-7.547169811320755
Microhierax melanoleucos,49,11,5,49,11,5,0,0
Montifringilla nivalis,49,31,3,49,31,3,0,0
Ninox scutulata,49,25,5,51,26,5,-2,-3.9215686274509802
Porzana bicolor,49,19,4,NA,NA,NA,NA,NA
Trochalopteron chrysopterum,49,10,5,53,11,5,-4,-7.547169811320755
Arborophila torqueola,48,17,5,50,17,5,-2,-4
Babax koslowi,48,7,5,NA,NA,NA,NA,NA
Emberiza jankowskii,48,20,5,48,20,5,0,0
Emberiza sulphurata,48,21,4,91,28,4,-43,-47.252747252747255
Garrulax leucolophus,48,15,4,52,15,4,-4,-7.6923076923076925
Lerwa lerwa,48,14,5,48,14,5,0,0
Locustella luscinioides,48,19,5,48,19,5,0,0
Babax waddelli,47,14,5,NA,NA,NA,NA,NA
Carpodacus rhodochlamys,47,30,3,47,30,3,0,0
Falco vespertinus,47,20,3,47,20,3,0,0
Phylloscopus xanthoschistos,47,14,5,52,14,5,-5,-9.615384615384615
Suthora nipalensis,47,12,5,52,13,5,-5,-9.615384615384615
Chelidorhynx hypoxanthus,46,20,2,49,21,3,-3,-6.122448979591836
Cissa hypoleuca,46,9,5,47,10,5,-1,-2.127659574468085
Crossoptilon mantchuricum,46,9,5,46,9,5,0,0
Hierococcyx hyperythrus,46,33,3,62,41,3,-16,-25.806451612903224
Psittiparus bakeri,46,9,4,52,9,4,-6,-11.538461538461538
Trochalopteron squamatum,46,11,4,46,11,4,0,0
Bubo scandiacus,45,16,3,46,17,3,-1,-2.1739130434782608
Burhinus oedicnemus,45,19,4,45,19,4,0,0
Cacomantis sonneratii,45,14,4,51,15,4,-6,-11.764705882352942
Cholornis paradoxa,45,14,5,NA,NA,NA,NA,NA
Gavia arctica,45,31,4,71,39,5,-26,-36.61971830985915
Acridotheres grandis,44,20,5,58,21,5,-14,-24.137931034482758
Erithacus rubecula,44,24,4,44,24,4,0,0
Lophura leucomelanos,44,11,4,46,11,4,-2,-4.3478260869565215
Merops orientalis,44,16,4,54,17,4,-10,-18.51851851851852
Phylloscopus cantator,44,14,4,46,14,4,-2,-4.3478260869565215
Alcippe nipalensis,43,9,3,48,10,4,-5,-10.416666666666666
Chloropsis aurifrons,43,12,5,48,12,5,-5,-10.416666666666666
Cinnyris asiaticus,43,11,4,49,11,4,-6,-12.244897959183673
Larus hyperboreus,43,20,3,58,28,5,-15,-25.862068965517242
Larvivora brunnea,43,27,3,46,28,3,-3,-6.521739130434782
Lophophorus lhuysii,43,14,5,43,14,5,0,0
Parus cinereus,43,7,5,NA,NA,NA,NA,NA
Sterna dougallii,43,20,4,105,35,5,-62,-59.04761904761905
Tetraogallus himalayensis,43,25,3,44,26,4,-1,-2.272727272727273
Emberiza personata,42,32,4,56,38,4,-14,-25
Glareola pratincola,42,18,4,42,18,4,0,0
Hydrocoloeus minutus,42,29,4,49,34,5,-7,-14.285714285714286
Larus genei,42,26,4,50,31,4,-8,-16
Lophophorus impejanus,42,10,4,44,10,4,-2,-4.545454545454546
Pinicola enucleator,42,24,4,42,24,4,0,0
Pomatorhinus hypoleucos,42,11,5,NA,NA,NA,NA,NA
Psilopogon duvaucelii,42,11,5,43,11,5,-1,-2.3255813953488373
Pterorhinus waddelli,42,18,3,42,18,3,0,0
Trochalopteron subunicolor,42,12,4,44,13,4,-2,-4.545454545454546
Acrocephalus tangorum,41,28,5,49,29,5,-8,-16.3265306122449
Anser caerulescens,41,18,3,43,20,3,-2,-4.651162790697675
Anthipes monileger,41,12,4,43,13,4,-2,-4.651162790697675
Chloris spinoides,41,12,5,43,12,5,-2,-4.651162790697675
Emberiza melanocephala,41,30,3,48,34,3,-7,-14.583333333333334
Phoenicopterus roseus,41,26,2,57,32,3,-16,-28.07017543859649
Poecile varius,41,18,4,NA,NA,NA,NA,NA
Pteruthius rufiventer,41,12,5,41,12,5,0,0
Rubigula flaviventris,41,12,4,41,12,4,0,0
Carpodacus rodopeplus,40,15,5,41,15,5,-1,-2.4390243902439024
Enicurus immaculatus,40,14,5,44,14,5,-4,-9.090909090909092
Garrulax striatus,40,11,5,NA,NA,NA,NA,NA
Pelecanus onocrotalus,40,26,4,49,27,4,-9,-18.367346938775512
Pellorneum albiventre,40,12,4,41,12,4,-1,-2.4390243902439024
Rhopophilus albosuperciliaris,40,30,2,40,30,2,0,0
Vanellus duvaucelii,40,9,4,47,9,4,-7,-14.893617021276595
Certhia manipurensis,39,8,5,39,8,5,0,0
Circus pygargus,39,18,4,39,18,4,0,0
Cutia nipalensis,39,11,5,41,11,5,-2,-4.878048780487805
Helopsaltes pryeri,39,21,3,57,29,3,-18,-31.57894736842105
Plectrophenax nivalis,39,16,3,41,18,4,-2,-4.878048780487805
Urosphena pallidipes,39,19,4,NA,NA,NA,NA,NA
Actinodura waldeni,38,10,4,41,11,4,-3,-7.317073170731708
Caprimulgus macrurus,38,17,5,40,18,5,-2,-5
Chalcoparia singalensis,38,13,5,44,13,5,-6,-13.636363636363637
Coracias affinis,38,19,4,40,19,4,-2,-5
Helopsaltes fasciolatus,38,30,3,59,42,4,-21,-35.59322033898305
Larvivora akahige,38,19,3,50,23,3,-12,-24
Sinosuthora zappeyi,38,9,5,38,9,5,0,0
Acanthis hornemanni,37,24,3,38,25,3,-1,-2.6315789473684212
Acridotheres albocinctus,37,5,4,46,5,5,-9,-19.565217391304348
Actinodura souliei,37,13,5,39,14,5,-2,-5.128205128205129
Chleuasicus atrosuperciliaris,37,6,5,41,6,5,-4,-9.75609756097561
Gampsorhynchus rufulus,37,6,5,41,6,5,-4,-9.75609756097561
Leucosticte arctoa,37,14,3,37,14,3,0,0
Psittacula finschii,37,15,5,42,16,5,-5,-11.904761904761905
Trochalopteron variegatum,37,7,5,NA,NA,NA,NA,NA
Charadrius hiaticula,36,25,4,68,35,5,-32,-47.05882352941177
Indicator xanthonotus,36,11,4,38,12,4,-2,-5.2631578947368425
Pyrrhula erythrocephala,36,9,3,39,10,3,-3,-7.6923076923076925
Alcedo hercules,35,15,5,36,16,5,-1,-2.7777777777777777
Alcippe cinerea,35,9,5,NA,NA,NA,NA,NA
Myzornis pyrrhoura,35,8,4,38,8,4,-3,-7.894736842105263
Treron apicauda,35,8,4,41,8,4,-6,-14.634146341463415
Carpodacus rodochroa,34,12,4,36,12,4,-2,-5.555555555555555
Falco severus,34,9,3,37,10,3,-3,-8.108108108108109
Hemiprocne coronata,34,10,5,40,10,5,-6,-15
Hirundapus cochinchinensis,34,21,3,46,26,4,-12,-26.08695652173913
Microcarbo niger,34,9,5,36,9,5,-2,-5.555555555555555
Niltava oatesi,34,21,5,38,21,5,-4,-10.526315789473685
Pyrrhoplectes epauletta,34,10,4,39,11,4,-5,-12.820512820512821
Sittiparus varius,34,22,2,37,24,2,-3,-8.108108108108109
Trochalopteron lineatum,34,7,5,36,8,5,-2,-5.555555555555555
Zoothera salimalii,34,13,4,34,13,4,0,0
Arborophila brunneopectus,33,8,3,33,8,3,0,0
Cholornis paradoxus,33,15,3,33,15,3,0,0
Dicaeum chrysorrheum,33,10,4,38,10,4,-5,-13.157894736842104
Ficedula hodgsoni,33,13,4,37,14,4,-4,-10.81081081081081
Lonchura atricapilla,33,15,4,36,16,4,-3,-8.333333333333334
Mixornis gularis,33,10,4,33,10,4,0,0
Phylloscopus whistleri,33,14,2,38,15,3,-5,-13.157894736842104
Psittacula derbiana,33,14,3,33,14,3,0,0
Spelaeornis troglodytoides,33,13,5,34,13,5,-1,-2.9411764705882355
Cairina moschata,32,22,3,NA,NA,NA,NA,NA
Corvus cornix,32,25,2,33,26,2,-1,-3.0303030303030303
Corvus splendens,32,23,5,41,25,5,-9,-21.951219512195124
Garrulax ruficollis,32,6,5,NA,NA,NA,NA,NA
Ianthocincla sukatschewi,32,12,3,32,12,3,0,0
Napothera epilepidota,32,10,5,34,12,5,-2,-5.882352941176471
Psittacula eupatria,32,13,3,41,15,4,-9,-21.951219512195124
Thalasseus bernsteini,32,16,3,94,25,4,-62,-65.95744680851064
Zoothera marginata,32,8,5,33,8,5,-1,-3.0303030303030303
Actinodura strigula,31,13,3,33,13,3,-2,-6.0606060606060606
Calidris melanotos,31,24,4,42,31,4,-11,-26.19047619047619
Circus macrourus,31,15,4,33,16,4,-2,-6.0606060606060606
Curruca nana,31,20,2,32,21,2,-1,-3.125
Irena puella,31,9,5,32,9,5,-1,-3.125
Phylloscopus hainanus,31,6,5,33,7,5,-2,-6.0606060606060606
Anthracoceros albirostris,30,8,4,33,8,4,-3,-9.090909090909092
Bambusicola sonorivox,30,19,2,30,19,2,0,0
Garrulax caerulatus,30,7,4,NA,NA,NA,NA,NA
Heteroxenicus stellatus,30,14,5,31,14,5,-1,-3.225806451612903
Locustella naevia,30,19,2,30,19,2,0,0
Microcarbo pygmaeus,30,13,2,30,13,2,0,0
Calonectris leucomelas,29,20,4,81,41,5,-52,-64.19753086419753
Cissa chinensis,29,12,3,29,12,3,0,0
Gavia stellata,29,19,4,76,32,5,-47,-61.8421052631579
Hemitesia pallidipes,29,15,2,32,17,2,-3,-9.375
Phylloscopus burkii,29,19,3,34,22,3,-5,-14.705882352941176
Pomatorhinus phayrei,29,9,5,NA,NA,NA,NA,NA
Prinia atrogularis,29,21,2,33,24,2,-4,-12.121212121212121
Seicercus whistleri,29,14,4,NA,NA,NA,NA,NA
Sitta magna,29,11,5,30,12,5,-1,-3.3333333333333335
Sylvia nana,29,15,5,NA,NA,NA,NA,NA
Tarsiger hyperythrus,29,12,4,29,12,4,0,0
Vanellus indicus,29,8,4,37,8,5,-8,-21.62162162162162
Calliope pectoralis,28,19,3,28,19,3,0,0
Garrulax castanotis,28,6,5,28,6,5,0,0
Grus canadensis,28,14,4,33,16,4,-5,-15.151515151515152
Phylloscopus calciatilis,28,8,3,29,8,3,-1,-3.4482758620689653
Phylloscopus sindianus,28,16,3,28,16,3,0,0
Pomatorhinus superciliaris,28,6,4,30,8,4,-2,-6.666666666666667
Pterorhinus koslowi,28,8,2,28,8,2,0,0
Tickellia hodgsoni,28,11,5,29,11,5,-1,-3.4482758620689653
Aegithina lafresnayei,27,3,5,27,3,5,0,0
Dendrocitta frontalis,27,7,2,33,7,4,-6,-18.181818181818183
Horornis brunnescens,27,10,2,28,10,2,-1,-3.5714285714285716
Melanocorypha yeltoniensis,27,14,2,27,14,2,0,0
Strix nebulosa,27,13,2,28,14,2,-1,-3.5714285714285716
Aegolius funereus,26,13,4,26,13,4,0,0
Aerodramus fuciphagus,26,15,1,31,20,1,-5,-16.129032258064516
Arborophila ardens,26,3,5,27,4,5,-1,-3.7037037037037037
Brachypteryx cruralis,26,12,2,26,12,2,0,0
Crex crex,26,14,4,26,14,4,0,0
Hypogramma hypogrammicum,26,7,4,NA,NA,NA,NA,NA
Alcippe variegaticeps,25,7,4,NA,NA,NA,NA,NA
Branta bernicla,25,19,3,31,24,3,-6,-19.35483870967742
Hirundo tahitica,25,11,2,27,13,2,-2,-7.407407407407407
Otus brucei,25,15,3,25,15,3,0,0
Pericrocotus tegimae,25,17,2,32,20,2,-7,-21.875
Perisoreus infaustus,25,11,3,25,11,3,0,0
Surnia ulula,25,9,2,25,9,2,0,0
Actinodura ramsayi,24,12,4,24,12,4,0,0
Calliope pectardens,24,13,2,24,13,2,0,0
Cyanoderma chrysaeum,24,8,2,25,9,2,-1,-4
Cyornis concretus,24,8,4,25,8,4,-1,-4
Merops leschenaulti,24,7,5,29,7,5,-5,-17.24137931034483
Psilopogon nuchalis,24,8,2,25,9,2,-1,-4
Sitta solangiae,24,3,5,25,3,5,-1,-4
Turdus philomelos,24,8,4,24,8,4,0,0
Cochoa viridis,23,11,3,24,12,3,-1,-4.166666666666667
Fregata ariel,23,17,4,55,30,5,-32,-58.18181818181818
Melanocorypha bimaculata,23,13,4,23,13,4,0,0
Melanocorypha calandra,23,8,2,23,8,2,0,0
Prunella koslowi,23,9,3,23,9,3,0,0
Spelaeornis reptatus,23,5,4,NA,NA,NA,NA,NA
Syrmaticus humiae,23,10,4,23,10,4,0,0
Zoothera griseiceps,23,11,2,23,11,2,0,0
Bubo nipalensis,22,9,4,23,9,4,-1,-4.3478260869565215
Cochoa purpurea,22,11,4,23,11,4,-1,-4.3478260869565215
Gypsophila brevicaudata,22,6,4,22,6,4,0,0
Ketupa zeylonensis,22,13,2,25,13,2,-3,-12
Liocichla omeiensis,22,6,4,22,6,4,0,0
Phylloscopus poliogenys,22,9,3,24,10,3,-2,-8.333333333333334
Polyplectron bicalcaratum,22,6,3,22,6,3,0,0
Temnurus temnurus,22,4,4,24,5,4,-2,-8.333333333333334
Turdus iliacus,22,10,2,22,10,2,0,0
Agropsar philippensis,21,18,3,43,24,3,-22,-51.16279069767442
Certhia discolor,21,6,3,23,6,3,-2,-8.695652173913043
Chrysocolaptes guttacristatus,21,8,3,24,8,4,-3,-12.5
Gallinago nemoricola,21,5,5,21,5,5,0,0
Hydrornis soror,21,5,2,21,5,2,0,0
Mareca americana,21,14,1,30,19,2,-9,-30
Picus squamatus,21,4,3,22,4,3,-1,-4.545454545454546
Pitta soror,21,4,5,NA,NA,NA,NA,NA
Yuhina bakeri,21,6,4,NA,NA,NA,NA,NA
Branta ruficollis,20,16,2,21,17,2,-1,-4.761904761904762
Chlamydotis macqueenii,20,10,3,20,10,3,0,0
Fulvetta ludlowi,20,6,3,20,6,3,0,0
Pomatorhinus musicus,20,7,2,23,10,2,-3,-13.043478260869565
Stachyris nonggangensis,20,3,4,20,3,4,0,0
Aerodramus germani,19,11,4,NA,NA,NA,NA,NA
Ceyx erithaca,19,8,5,20,8,5,-1,-5
Erythrogenys hypoleucos,19,8,2,19,8,2,0,0
Ploceus philippinus,19,9,3,27,10,5,-8,-29.62962962962963
Porzana paykullii,19,12,3,NA,NA,NA,NA,NA
Pterorhinus courtoisi,19,3,4,19,3,4,0,0
Sphenocichla roberti,19,5,4,NA,NA,NA,NA,NA
Zosterops japonicus,19,10,2,26,15,2,-7,-26.923076923076923
Amaurornis cinerea,18,6,2,19,7,2,-1,-5.2631578947368425
Columba pulchricollis,18,10,5,22,12,5,-4,-18.181818181818183
Glareola lactea,18,4,4,18,4,4,0,0
Haliastur indus,18,15,2,22,17,3,-4,-18.181818181818183
Hirundo smithii,18,7,4,32,8,4,-14,-43.75
Oriolus mellianus,18,5,4,18,5,4,0,0
Pitta nipalensis,18,4,3,NA,NA,NA,NA,NA
Pycnonotus taivanus,18,8,3,19,9,3,-1,-5.2631578947368425
Arborophila rufipectus,17,7,4,17,7,4,0,0
Branta leucopsis,17,13,2,17,13,2,0,0
Garrulax owstoni,17,14,3,21,16,3,-4,-19.047619047619047
Heterophasia auricularis,17,5,2,17,5,2,0,0
Hierococcyx varius,17,17,2,17,17,2,0,0
Liocichla phoenicea,17,6,3,17,6,3,0,0
Luscinia ruficeps,17,4,4,NA,NA,NA,NA,NA
Napothera crispifrons,17,2,5,NA,NA,NA,NA,NA
Parayuhina bakeri,17,7,2,17,7,2,0,0
Psittacula krameri,17,8,3,20,10,3,-3,-15
Sitta formosa,17,5,3,17,5,3,0,0
Sterna aurantia,17,2,4,18,2,4,-1,-5.555555555555555
Tetrao urogalloides,17,7,3,17,7,3,0,0
Treron phayrei,17,5,4,18,6,4,-1,-5.555555555555555
Anthreptes malacensis,16,5,3,16,5,3,0,0
Coturnicops exquisitus,16,11,5,18,13,5,-2,-11.11111111111111
Curruca althaea,16,10,2,16,10,2,0,0
Cyornis rubeculoides,16,9,3,18,10,3,-2,-11.11111111111111
Periparus rufonuchalis,16,9,3,16,9,3,0,0
Phalacrocorax pelagicus,16,5,3,41,10,4,-25,-60.97560975609756
Schoeniparus castaneceps,16,7,2,20,8,3,-4,-20
Trochalopteron morrisonianum,16,4,2,16,4,2,0,0
Alcippe morrisonia,15,5,2,16,5,2,-1,-6.25
Amandava amandava,15,9,4,16,9,4,-1,-6.25
Chrysococcyx xanthorhynchus,15,4,3,16,5,3,-1,-6.25
Lagopus muta,15,5,2,15,5,2,0,0
Liocichla steerii,15,4,2,15,4,2,0,0
Loxia leucoptera,15,8,3,15,8,3,0,0
Lymnocryptes minimus,15,11,3,20,15,4,-5,-25
Myophonus insularis,15,4,2,16,5,2,-1,-6.25
Pomatorhinus ferruginosus,15,4,3,16,4,3,-1,-6.25
Psittacula alexandri,15,6,3,21,8,4,-6,-28.571428571428573
Pycnonotus leucogenys,15,6,3,20,6,3,-5,-25
Pyrrhula owstoni,15,10,2,NA,NA,NA,NA,NA
Sinosuthora przewalskii,15,4,4,15,4,4,0,0
Tarsiger johnstoniae,15,4,2,15,4,2,0,0
Urocissa caerulea,15,5,2,17,7,2,-2,-11.764705882352942
Yuhina brunneiceps,15,4,2,15,4,2,0,0
Zapornia bicolor,15,10,2,15,10,2,0,0
Zapornia paykullii,15,14,2,18,16,3,-3,-16.666666666666668
Acrocephalus schoenobaenus,14,6,3,14,6,3,0,0
Calliope obscura,14,8,3,14,8,3,0,0
Carpodacus formosanus,14,4,2,14,4,2,0,0
Cyornis poliogenys,14,7,4,16,7,4,-2,-12.5
Grammatoptila striata,14,6,2,19,7,3,-5,-26.31578947368421
Locustella ochotensis,14,11,3,NA,NA,NA,NA,NA
Lophura swinhoii,14,5,2,14,5,2,0,0
Luscinia obscura,14,6,5,NA,NA,NA,NA,NA
Melopsittacus undulatus,14,8,2,NA,NA,NA,NA,NA
Onychoprion aleuticus,14,13,2,46,25,3,-32,-69.56521739130434
Oriolus xanthornus,14,4,3,14,4,3,0,0
Pnoepyga immaculata,14,4,3,15,4,3,-1,-6.666666666666667
Regulus goodfellowi,14,4,3,14,4,3,0,0
Seicercus burkii,14,8,5,NA,NA,NA,NA,NA
Spelaeornis kinneari,14,5,3,15,5,3,-1,-6.666666666666667
Synoicus chinensis,14,9,3,14,9,3,0,0
Aplonis panayensis,13,11,2,14,11,2,-1,-7.142857142857143
Batrachostomus hodgsoni,13,5,2,15,5,2,-2,-13.333333333333334
Buceros bicornis,13,5,2,15,5,3,-2,-13.333333333333334
Gracupica contra,13,5,4,23,5,5,-10,-43.47826086956522
Harpactes wardi,13,5,4,13,5,4,0,0
Helopsaltes ochotensis,13,9,1,24,16,3,-11,-45.833333333333336
Lophotriorchis kienerii,13,8,2,14,8,2,-1,-7.142857142857143
Microhierax caerulescens,13,2,2,14,2,3,-1,-7.142857142857143
Niltava vivida,13,4,2,13,4,2,0,0
Pavo cristatus,13,5,4,16,8,4,-3,-18.75
Pavo muticus,13,11,2,13,11,2,0,0
Perdix perdix,13,9,2,13,9,2,0,0
Pitta sordida,13,5,4,16,5,4,-3,-18.75
Porzana cinerea,13,7,2,NA,NA,NA,NA,NA
Psittacula roseata,13,4,2,13,4,2,0,0
Psittiparus ruficeps,13,2,3,13,2,3,0,0
Tyto javanica,13,8,1,13,8,1,0,0
Zoothera monticola,13,8,3,14,8,3,-1,-7.142857142857143
Actinodura morrisoniana,12,4,2,12,4,2,0,0
Actinodura nipalensis,12,6,3,14,7,3,-2,-14.285714285714286
Branta canadensis,12,7,2,13,8,2,-1,-7.6923076923076925
Dendrocopos macei,12,3,2,12,3,2,0,0
Garrulax taewanus,12,7,2,13,8,2,-1,-7.6923076923076925
Haliaeetus pelagicus,12,3,2,17,6,2,-5,-29.41176470588235
Harpactes oreskios,12,2,3,12,2,3,0,0
Leioptila annectens,12,4,1,13,5,1,-1,-7.6923076923076925
Mulleripicus pulverulentus,12,3,2,12,3,2,0,0
Phalaropus fulicarius,12,10,3,19,14,3,-7,-36.8421052631579
Schoeniparus variegaticeps,12,5,2,12,5,2,0,0
Terpsiphone affinis,12,10,2,12,10,2,0,0
Acridotheres javanicus,11,10,2,11,10,2,0,0
Acrocephalus melanopogon,11,7,2,11,7,2,0,0
Arborophila atrogularis,11,4,3,12,4,3,-1,-8.333333333333334
Cinclidium frontale,11,3,3,11,3,3,0,0
Cyanoderma pyrrhops,11,8,1,12,8,1,-1,-8.333333333333334
Dicaeum agile,11,3,4,11,3,4,0,0
Erythrogenys erythrocnemis,11,4,2,11,4,2,0,0
Fulvetta formosana,11,4,2,11,4,2,0,0
Gorsachius goisagi,11,11,3,18,16,3,-7,-38.888888888888886
Haliaeetus leucogaster,11,7,3,30,10,5,-19,-63.333333333333336
Lagopus lagopus,11,6,1,11,6,1,0,0
Lophophorus sclateri,11,8,4,12,8,4,-1,-8.333333333333334
Machlolophus holsti,11,4,2,11,4,2,0,0
Pitta oatesi,11,4,2,NA,NA,NA,NA,NA
Pnoepyga formosana,11,3,2,11,3,2,0,0
Rhyticeros undulatus,11,2,3,16,2,4,-5,-31.25
Rimator malacoptilus,11,4,3,NA,NA,NA,NA,NA
Syrmaticus mikado,11,3,2,11,3,2,0,0
Alcippe rufogularis,10,3,4,NA,NA,NA,NA,NA
Branta hutchinsii,10,7,2,10,7,2,0,0
Bulweria bulwerii,10,10,2,43,24,3,-33,-76.74418604651163
Carpodacus grandis,10,10,1,10,10,1,0,0
Nymphicus hollandicus,10,7,2,NA,NA,NA,NA,NA
Oenanthe picata,10,8,2,10,8,2,0,0
Phodilus badius,10,5,1,10,5,1,0,0
Sittiparus castaneoventris,10,3,2,10,3,2,0,0
Stercorarius parasiticus,10,9,2,27,18,4,-17,-62.96296296296296
Tarsiger formosanus,10,5,2,10,5,2,0,0
Tetraogallus altaicus,10,6,1,10,6,1,0,0
Tetrax tetrax,10,4,2,10,4,2,0,0
Tragopan satyra,10,3,3,12,4,3,-2,-16.666666666666668
Acridotheres burmannicus,9,3,3,19,3,4,-10,-52.63157894736842
Alaudala heinei,9,9,1,9,9,1,0,0
Arborophila crudigularis,9,3,2,9,3,2,0,0
Brachypteryx goodfellowi,9,4,2,9,4,2,0,0
Dryocopus javensis,9,7,2,9,7,2,0,0
Erythropygia galactotes,9,3,3,NA,NA,NA,NA,NA
Eudromias morinellus,9,3,2,9,3,2,0,0
Garrulax strepitans,9,3,3,9,3,3,0,0
Graminicola striatus,9,5,2,9,5,2,0,0
Histrionicus histrionicus,9,8,2,10,9,2,-1,-10
Leucosticte sillemi,9,4,3,NA,NA,NA,NA,NA
Luscinia pectoralis,9,6,3,NA,NA,NA,NA,NA
Onychoprion fuscatus,9,7,2,26,18,3,-17,-65.38461538461539
Phylloscopus trochilus,9,9,2,12,12,2,-3,-25
Phylloscopus xanthodryas,9,9,1,29,16,3,-20,-68.96551724137932
Saroglossa spiloptera,9,5,4,NA,NA,NA,NA,NA
Saxicola insignis,9,9,1,9,9,1,0,0
Schoeniparus cinereus,9,2,2,9,2,2,0,0
Stercorarius pomarinus,9,7,2,22,18,2,-13,-59.09090909090909
Strix davidi,9,5,1,9,5,1,0,0
Carpodacus sillemi,8,4,1,8,4,1,0,0
Cercotrichas galactotes,8,4,2,8,4,2,0,0
Charadrius morinellus,8,2,2,NA,NA,NA,NA,NA
Leiopicus auriceps,8,4,1,9,4,1,-1,-11.11111111111111
Locustella alishanensis,8,4,2,8,4,2,0,0
Phylloscopus sibilatrix,8,7,1,10,9,3,-2,-20
Pterorhinus poecilorhynchus,8,3,2,8,3,2,0,0
Trochalopteron imbricatum,8,3,2,8,3,2,0,0
Zosterops meyeni,8,4,2,8,4,2,0,0
Alcurus striatus,7,2,2,7,2,2,0,0
Arborophila mandellii,7,4,2,7,4,2,0,0
Ficedula owstoni,7,5,2,14,9,3,-7,-50
Hydrobates monorhis,7,6,2,29,18,2,-22,-75.86206896551724
Motacilla grandis,7,7,1,7,7,1,0,0
Porzana porzana,7,5,2,7,5,2,0,0
Pterorhinus ruficeps,7,2,2,7,2,2,0,0
Rhodopechys sanguineus,7,3,1,7,3,1,0,0
Stachyris humei,7,2,1,7,2,1,0,0
Sterna acuticauda,7,7,1,7,7,1,0,0
Tropicoperdix chloropus,7,3,4,7,3,4,0,0
Agapornis fischeri,6,5,3,NA,NA,NA,NA,NA
Ampeliceps coronatus,6,6,1,6,6,1,0,0
Brachypteryx hyperythra,6,2,1,6,2,1,0,0
Chloropsis cochinchinensis,6,6,2,6,6,2,0,0
Garrulax rufogularis,6,2,3,NA,NA,NA,NA,NA
Geopelia striata,6,4,1,6,4,1,0,0
Machlolophus xanthogenys,6,4,1,9,4,2,-3,-33.333333333333336
Napothera malacoptila,6,2,2,6,2,2,0,0
Oceanodroma monorhis,6,5,2,NA,NA,NA,NA,NA
Pterorhinus ruficollis,6,3,2,6,3,2,0,0
Ptyonoprogne concolor,6,4,3,7,4,3,-1,-14.285714285714286
Threskiornis melanocephalus,6,5,2,6,5,2,0,0
Treron bicinctus,6,4,1,8,5,1,-2,-25
Treron formosae,6,3,2,7,3,2,-1,-14.285714285714286
Aceros nipalensis,5,2,1,6,3,1,-1,-16.666666666666668
Brachypodius atriceps,5,5,1,5,5,1,0,0
Dendrocitta vagabunda,5,4,2,5,4,2,0,0
Ducula aenea,5,3,3,5,3,3,0,0
Gampsorhynchus torquatus,5,4,2,5,4,2,0,0
Glaucidium passerinum,5,4,2,5,4,2,0,0
Hirundapus giganteus,5,2,2,8,2,2,-3,-37.5
Iduna pallida,5,5,1,5,5,1,0,0
Macropygia ruficeps,5,4,2,5,4,2,0,0
Pterorhinus caerulatus,5,2,1,5,2,1,0,0
Spelaeornis badeigularis,5,2,1,5,2,1,0,0
Sphenocichla humei,5,2,1,NA,NA,NA,NA,NA
Turdus niveiceps,5,2,2,5,2,2,0,0
Zapornia parva,5,4,1,5,4,1,0,0
Acrocephalus sorghophilus,4,2,3,4,2,3,0,0
Anous stolidus,4,4,1,10,10,1,-6,-60
Anthocincla phayrei,4,2,1,NA,NA,NA,NA,NA
Ardenna pacifica,4,4,2,6,6,2,-2,-33.333333333333336
Ardenna tenuirostris,4,4,2,12,9,3,-8,-66.66666666666667
Columba punicea,4,4,2,4,4,2,0,0
Dinopium javanense,4,3,2,5,3,3,-1,-20
Euodice malabarica,4,4,1,4,4,1,0,0
Falco rusticolus,4,4,1,5,5,1,-1,-20
Gavia pacifica,4,3,2,5,4,2,-1,-20
Halcyon coromanda,4,4,2,9,7,3,-5,-55.55555555555556
Helopsaltes pleskei,4,4,1,8,8,1,-4,-50
Lanius vittatus,4,4,1,5,5,1,-1,-20
Larus glaucescens,4,4,2,8,8,3,-4,-50
Leptoptilos javanicus,4,4,2,4,4,2,0,0
Locustella pleskei,4,4,2,NA,NA,NA,NA,NA
Melanitta americana,4,4,1,11,10,3,-7,-63.63636363636363
Mycteria leucocephala,4,4,1,7,7,1,-3,-42.857142857142854
Polyplectron katsumatae,4,1,2,4,1,2,0,0
Psilopogon faiostrictus,4,3,1,4,3,1,0,0
Stachyridopsis ambigua,4,2,2,NA,NA,NA,NA,NA
Sula leucogaster,4,4,2,13,11,2,-9,-69.23076923076923
Trochalopteron melanostigma,4,3,2,4,3,2,0,0
Ardeola grayii,3,3,1,7,5,2,-4,-57.142857142857146
Ardeola speciosa,3,3,1,4,4,1,-1,-25
Columba eversmanni,3,3,1,3,3,1,0,0
Cyanoderma ambiguum,3,3,1,3,3,1,0,0
Erythrogenys erythrogenys,3,3,1,5,4,2,-2,-40
Gyps fulvus,3,3,1,3,3,1,0,0
Hydrornis nipalensis,3,2,2,3,2,2,0,0
Macropygia tenuirostris,3,1,2,3,1,2,0,0
Merops persicus,3,2,1,3,2,1,0,0
Nisaetus cirrhatus,3,3,1,3,3,1,0,0
Nycticorax caledonicus,3,3,2,3,3,2,0,0
Otus elegans,3,1,2,3,1,2,0,0
Phaethon lepturus,3,3,1,4,4,2,-1,-25
Phylloscopus sibillatrix,3,3,3,NA,NA,NA,NA,NA
Ploceus manyar,3,2,1,6,2,2,-3,-50
Pluvialis apricaria,3,3,1,6,6,2,-3,-50
Puffinus tenuirostris,3,3,2,NA,NA,NA,NA,NA
Remiz macronyx,3,2,1,3,2,1,0,0
Saxicola rubetra,3,3,1,3,3,1,0,0
Stachyris roberti,3,2,1,3,2,1,0,0
Stercorarius longicaudus,3,3,2,12,9,2,-9,-75
Sula sula,3,3,2,8,8,3,-5,-62.5
Tachymarptis melba,3,2,3,3,2,3,0,0
Thalasseus sandvicensis,3,3,2,13,7,2,-10,-76.92307692307692
Treron phoenicopterus,3,3,3,3,3,3,0,0
Alcedo meninting,2,2,1,2,2,1,0,0
Anas luzonica,2,2,1,2,2,1,0,0
Brachyramphus perdix,2,2,2,7,4,3,-5,-71.42857142857143
Calidris bairdii,2,2,1,3,3,1,-1,-33.333333333333336
Calidris subruficollis,2,2,2,3,3,2,-1,-33.333333333333336
Chroicocephalus novaehollandiae,2,2,1,2,2,1,0,0
Ciconia ciconia,2,2,1,2,2,1,0,0
Ciconia episcopus,2,2,2,2,2,2,0,0
Columba janthina,2,2,1,2,2,1,0,0
Crithagra mozambica,2,2,2,NA,NA,NA,NA,NA
Erythrura prasina,2,1,1,2,1,1,0,0
Estrilda melpoda,2,2,1,3,2,1,-1,-33.333333333333336
Fregata andrewsi,2,2,2,2,2,2,0,0
Gallinago hardwickii,2,2,2,2,2,2,0,0
Gavia adamsii,2,2,1,6,4,2,-4,-66.66666666666667
Glareola nordmanni,2,2,1,2,2,1,0,0
Hydrobates leucorhous,2,2,1,3,3,1,-1,-33.333333333333336
Ianthocincla bieti,2,2,1,2,2,1,0,0
Larvivora ruficeps,2,2,1,2,2,1,0,0
Lonchura oryzivora,2,2,2,2,2,2,0,0
Lyncornis macrotis,2,2,1,3,3,1,-1,-33.333333333333336
Melanitta fusca,2,2,1,5,5,2,-3,-60
Mirafra javanica,2,2,1,3,3,2,-1,-33.333333333333336
Neophron percnopterus,2,2,2,2,2,2,0,0
Parus xanthogenys,2,2,2,NA,NA,NA,NA,NA
Pelecanus philippensis,2,2,1,2,2,1,0,0
Phaethon rubricauda,2,2,1,3,3,1,-1,-33.333333333333336
Pitta moluccensis,2,2,2,2,2,2,0,0
Psittacula himalayana,2,1,1,2,1,1,0,0
Puffinus pacificus,2,2,2,NA,NA,NA,NA,NA
Saxicola jerdoni,2,2,1,2,2,1,0,0
Stachyridopsis pyrrhops,2,2,2,NA,NA,NA,NA,NA
Sturnia pagodarum,2,2,1,3,3,2,-1,-33.333333333333336
Sula dactylatra,2,2,1,8,6,2,-6,-75
Synthliboramphus antiquus,2,2,2,10,7,3,-8,-80
Tetrao urogallus,2,1,1,2,1,1,0,0
Thalasseus bengalensis,2,2,2,16,9,3,-14,-87.5
Todiramphus chloris,2,2,2,3,2,2,-1,-33.333333333333336
Tringa flavipes,2,2,1,3,3,1,-1,-33.333333333333336
Turdus unicolor,2,2,2,5,3,3,-3,-60
Agapornis roseicollis,1,1,1,NA,NA,NA,NA,NA
Anser canagicus,1,1,1,NA,NA,NA,NA,NA
Ardenna carneipes,1,1,1,1,1,1,0,0
Asarcornis scutulata,1,1,1,1,1,1,0,0
Aythya affinis,1,1,1,1,1,1,0,0
Aythya collaris,1,1,1,1,1,1,0,0
Aythya valisineria,1,1,1,2,2,1,-1,-50
Butastur liventer,1,1,1,1,1,1,0,0
Calandrella rufescens,1,1,1,NA,NA,NA,NA,NA
Calidris fuscicollis,1,1,1,1,1,1,0,0
Emberiza stewarti,1,1,1,1,1,1,0,0
Eudocimus ruber,1,1,1,NA,NA,NA,NA,NA
Ficedula hypoleuca,1,1,1,3,3,2,-2,-66.66666666666667
Ficedula ruficauda,1,1,1,1,1,1,0,0
Fregata minor,1,1,1,5,5,3,-4,-80
Fulvetta danisi,1,1,1,NA,NA,NA,NA,NA
Geokichla wardii,1,1,1,1,1,1,0,0
Gygis alba,1,1,1,1,1,1,0,0
Gypsophila annamensis,1,1,1,1,1,1,0,0
Ianthocincla rufogularis,1,1,1,1,1,1,0,0
Kurochkinegramma hypogrammicum,1,1,1,1,1,1,0,0
Lonchura maja,1,1,1,NA,NA,NA,NA,NA
Loriculus vernalis,1,1,1,1,1,1,0,0
Marmaronetta angustirostris,1,1,1,1,1,1,0,0
Melanocorypha leucoptera,1,1,1,NA,NA,NA,NA,NA
Monticola cinclorhyncha,1,1,1,1,1,1,0,0
Oceanites oceanicus,1,1,1,1,1,1,0,0
Pelargopsis capensis,1,1,1,4,2,2,-3,-75
Pernis apivorus,1,1,1,1,1,1,0,0
Phalacrocorax urile,1,1,1,2,2,1,-1,-50
Phylloscopus ijimae,1,1,1,3,3,1,-2,-66.66666666666667
Picus vittatus,1,1,1,1,1,1,0,0
Poicephalus senegalus,1,1,1,NA,NA,NA,NA,NA
Pomatorhinus erythrogenys,1,1,1,NA,NA,NA,NA,NA
Pomatorhinus schisticeps,1,1,1,2,2,2,-1,-50
Porzana parva,1,1,1,NA,NA,NA,NA,NA
Psittacus erithacus,1,1,1,NA,NA,NA,NA,NA
Pterodroma hypoleuca,1,1,1,2,2,2,-1,-50
Ptilinopus leclancheri,1,1,1,2,2,1,-1,-50
Rallina fasciata,1,1,1,1,1,1,0,0
Sarcogyps calvus,1,1,1,1,1,1,0,0
Tragopan blythii,1,1,1,1,1,1,0,0
Treron seimundi,1,1,1,1,1,1,0,0
Turdus migratorius,1,1,1,1,1,1,0,0
Turnix sylvaticus,1,1,1,1,1,1,0,0
Vanellus leucurus,1,1,1,1,1,1,0,0
