grid_cell,slope_per_period,mean_local_sorensen
56,-0.003433510329890399,0.08040154095492313
57,-0.0038305232702016633,0.078128038248873
128,-0.005266345617381286,0.09663771048851706
129,-0.005208892330194126,0.08957283715083283
130,-0.0066642683853169295,0.14197451231630948
198,-0.0038759478998829505,0.07921913963553504
199,-0.0037447087270172,0.08058821989893808
203,-0.0032955707159653624,0.06720311278774896
270,-0.004266544139044567,0.08066709177792238
271,-0.003618112828667026,0.0760043536246749
272,-0.0030808143393213556,0.06762812713848818
274,-0.002992086657833258,0.06589870526170336
276,-0.0031726752196381824,0.06420891984985912
341,-0.008451018368773797,0.1664639361788176
342,-0.004680557470472145,0.09029753207754161
343,-0.003929427196332501,0.08006133574376202
344,-0.003216684228738892,0.06673574361449938
345,-0.002974770664554846,0.08078511796685992
347,-0.003185688710674063,0.06769340018051304
412,-0.004304333223379352,0.10492966500573193
413,-0.004064615602639562,0.10059347307527511
414,-0.0037043739129240015,0.09347768365609704
415,-0.004280314848589119,0.09324787501005159
416,-0.004345139561596605,0.09630363205765233
417,-0.004094667518225783,0.07895474675586078
418,-0.004042568153760738,0.07217871062208109
483,-0.004857231535700562,0.10114541234118044
484,-0.005239936474795784,0.12080095039210795
485,-0.0045115923660911635,0.11966479322154448
486,-0.004058721442376248,0.12037140744488448
487,-0.004366322323556793,0.13168956329885456
488,-0.003424539737230685,0.10892495377441339
554,-0.005628441826361805,0.1046091743637971
555,-0.005469254565521511,0.09893032110536479
556,-0.004616168349768593,0.08701161470626102
557,-0.004193719128067294,0.08412381470963234
558,-0.0038726166193358514,0.08685107628685652
559,-0.004623193277656909,0.08669895429549693
560,-0.0049601311267227655,0.08703605540689714
561,-0.0038707920875853384,0.07535454356937436
563,-0.003847502071742523,0.06768772925932671
564,-0.0036476167335108348,0.06996643026643838
592,-0.0030895352384148617,0.13041698031075713
593,-0.0029402952951634114,0.11327848328105047
625,-0.006265696213500505,0.09308595776706076
626,-0.004945824801605751,0.08340207852973203
627,-0.005041976076141402,0.08585341191362007
628,-0.004817070465991261,0.08276414038890226
629,-0.005130738654284699,0.08732193722948063
630,-0.005327948155889153,0.09768779345961429
631,-0.004491566607360363,0.10137278797517771
632,-0.0045098663219690985,0.10168532865583894
634,-0.00391197800861962,0.09046579607096875
635,-0.003558284206218713,0.07460023526262845
636,-0.003986280186715316,0.07471739163076546
637,-0.004292873978533343,0.08546135089024279
640,-0.003007770408223315,0.08545745112512948
663,-0.0037067667371977866,0.16326771294767267
664,-0.0038719381189158087,0.1254060816232295
665,-0.003725851764155806,0.11659497605500498
666,-0.003025372124161624,0.09299298485231096
696,-0.0067944362200303325,0.11347053925420907
698,-0.0058278503523119946,0.1024662232126489
699,-0.005271990920399587,0.09911938665030966
700,-0.012521743362921469,0.15740823364228684
701,-0.007660027638934958,0.10771271882375481
702,-0.005896942132078647,0.08686063411102507
704,-0.006474790858310521,0.10443296647903291
705,-0.007633620187191205,0.12033407095005252
706,-0.006706031213534758,0.10333240832633668
708,-0.005366010772673303,0.11874373906672746
710,-0.004346350532088624,0.11143701132070157
711,-0.004292426255264703,0.10154848776102891
712,-0.00414621846626039,0.10710695978594338
716,-0.005316574411955545,0.10898122410036296
717,-0.004408209124075265,0.10090612791209105
735,-0.003447024129115246,0.12531206079289184
736,-0.003496848460780637,0.10054012736381399
737,-0.00311329808311991,0.09453330336446916
738,-0.005408631904953875,0.1151481809395877
772,-0.005946847912983029,0.09889880399025834
773,-0.005993881601965385,0.08538446125886914
774,-0.007483677838690694,0.09619008880859174
775,-0.0053637077066684925,0.08413121433652299
776,-0.005059885312487469,0.08547242629926702
777,-0.006771803864036026,0.08847167986093828
778,-0.00459498285660252,0.07499879856033932
783,-0.0025012123551872755,0.07095230301325006
784,-0.002192213402328838,0.06921094904240122
785,-0.002830162853111584,0.06726473816182646
787,-0.0033828646980924443,0.07027630739474837
788,-0.004299569646260363,0.0958082257455949
804,-0.0051421292668847405,0.13855370513047469
805,-0.0038400040462909096,0.13648176880737609
806,-0.0030791776519655534,0.14407998978703285
807,-0.005092953762017063,0.14277792111664325
808,-0.004915513855008638,0.1330461351839353
809,-0.004033612492210371,0.10968246783615535
810,-0.004711807079233512,0.10837748469150496
811,-0.003879473654928156,0.10687437675625899
812,-0.005042264946403205,0.16105637408729606
813,-0.004397541689477327,0.16060865190008589
845,-0.005782876368968325,0.08499336857827547
846,-0.00805036298834624,0.18201242141763535
847,-0.005638655330758353,0.07989168671560219
848,-0.005506352133357555,0.07691126043587061
849,-0.005048475932784034,0.06700593915903655
850,-0.004643898693217967,0.07257619902539394
851,-0.004339578639177851,0.06865416236497439
854,-0.003312321323775365,0.08023150427117048
855,-0.0027460212880613065,0.06948506734385868
856,-0.0025246345209987585,0.06850842036461262
857,-0.00230765140868988,0.06497938110194965
858,-0.0027268988484435196,0.0692429319049209
859,-0.0033455547086821344,0.06795452906187197
860,-0.0030027919552371544,0.06336292801690611
876,-0.004885198647665144,0.1034330197035452
877,-0.004293932632165283,0.09437275444235449
878,-0.004023536852922764,0.10183424918877237
879,-0.0042882705154632505,0.11125856260463599
881,-0.003989039177874151,0.09791777274529939
882,-0.003789691554427052,0.10111256269686186
883,-0.004546564074658077,0.12611057936688538
884,-0.003917979903482224,0.15864068955601782
885,-0.004642557081308241,0.14111851098918327
916,-0.007834918251683153,0.10680279805822197
917,-0.008523096308694933,0.11978810410440972
918,-0.009528423942535207,0.10944535405979967
919,-0.008809030408177298,0.106637556174601
920,-0.008255129716097381,0.10664974969115952
921,-0.004654537155551109,0.07178370710825377
922,-0.004168557685063162,0.06662696669207327
923,-0.004156765399695067,0.07060350503338123
926,-0.0035591061704954214,0.07171591548337844
927,-0.003835888269479909,0.06845113195572766
929,-0.0030593018611907454,0.05901789605317824
930,-0.0036666395592210967,0.07604473992389069
931,-0.0032255404832231245,0.07805642198913784
947,-0.004619436131974905,0.09451533270973121
948,-0.004384627894760575,0.10082434216568963
949,-0.004167754368931359,0.09583439917226197
950,-0.0042275657338186265,0.09858626255846867
951,-0.0042061392140190345,0.09559909014989412
952,-0.004583794556943778,0.09902490724363441
953,-0.004887073211717993,0.10447880838657504
955,-0.003789457148711167,0.10291140329371891
956,-0.004702253414982485,0.10968404768901956
985,-0.008498927702958892,0.11245969852757054
986,-0.009222055252766068,0.11897651013255792
987,-0.009319978992823014,0.11741839720454228
988,-0.00670818247610012,0.08906195950856986
989,-0.006745356305684759,0.09328839788570253
991,-0.005164631701699339,0.07152837063873461
992,-0.004444451397547033,0.06198022698864767
993,-0.003735464631384066,0.054365051709518886
994,-0.0033145947811840265,0.054489801075194855
995,-0.003258434798864449,0.05958364103630145
996,-0.0029846145865941275,0.059375296277662484
997,-0.0034492942633221604,0.056590219177259635
999,-0.0032677344456770972,0.05515362850866547
1001,-0.002881647134122092,0.05178080406541892
1002,-0.002724497467246325,0.05635210745757645
1003,-0.0031597820301381523,0.060414450121144214
1018,-0.004349402169452786,0.11027817441198491
1019,-0.00563488777018883,0.12104781287760165
1020,-0.005973728238378042,0.12735395333740424
1021,-0.006721783728511751,0.15582308691551006
1022,-0.004399431251773252,0.09223975479184127
1023,-0.004675011494132425,0.0980657481505074
1025,-0.0050919731148557894,0.10469795757478381
1026,-0.004935514518090922,0.10573913457089809
1027,-0.004502741795351342,0.10289788215951252
1028,-0.004594451660436459,0.11529101974323382
1029,-0.00460065657591221,0.11337956948864358
1055,-0.008568115993260926,0.11084409983326886
1057,-0.008548915227034612,0.11362570419882619
1058,-0.008002780220586772,0.10090741541893315
1061,-0.0068298407745953,0.1116819599523358
1063,-0.005297465917364122,0.08790310383458136
1064,-0.004554019069463134,0.06912709953333829
1065,-0.003894453761276584,0.06964123678211136
1066,-0.0035573819947553264,0.06909658353732825
1068,-0.007660819509013719,0.10380770606024141
1069,-0.007496124766758844,0.10994955281579581
1070,-0.005798845039451321,0.0848506651447434
1073,-0.004022943097304492,0.059257156432598955
1075,-0.0035592954008021177,0.06331125599733314
1076,-0.0036274857988564655,0.07127885248783021
1089,-0.005372333217312028,0.10499437542565437
1090,-0.005431444467955328,0.10851536150118428
1091,-0.005456555205226312,0.10160896264673318
1092,-0.005602824886109507,0.10156388873439708
1093,-0.0061399900910012375,0.10687124725988277
1094,-0.006494157192097496,0.1159863841479809
1095,-0.004660967968436111,0.0843219841832163
1096,-0.0037225198231655736,0.08182390668662173
1097,-0.004520733874496051,0.09086162208141449
1098,-0.002658250462258538,0.08602055817932906
1099,-0.0026798206517226046,0.09137348211284199
1100,-0.003658983903191437,0.09678480563226093
1101,-0.003923390633965169,0.10134973486343393
1103,-0.0031369677647825334,0.09302636229158133
1125,-0.008339253399943545,0.10709243956629051
1126,-0.00823833527365406,0.10499612385648649
1127,-0.008053739110427097,0.10413105471503059
1128,-0.008307017776755498,0.10620282951027873
1129,-0.009902151324469663,0.13327244459599263
1130,-0.008033543703638346,0.09816199375139742
1131,-0.007963421319373318,0.0954226791376783
1132,-0.006770504393703347,0.087189054100489
1133,-0.006535511454289149,0.09087436141871821
1134,-0.00567508126059327,0.0835767245549169
1136,-0.0047495620347873775,0.06859949542476193
1137,-0.004563903279472889,0.06473165561099475
1138,-0.003761802733800365,0.058556112834018695
1139,-0.003467356893655822,0.05703175503816921
1140,-0.003882928399953112,0.059420696350498715
1141,-0.004031616566619404,0.05955554064258341
1142,-0.004955938988491504,0.06652978202765143
1143,-0.0050196984932845854,0.06701104361619008
1144,-0.0032538685809344408,0.05920962767273104
1145,-0.0030623750079246553,0.06145848987264507
1161,-0.0049996692926640674,0.11514824196769688
1162,-0.005009730726647721,0.1192946814798427
1163,-0.004822767887188014,0.11297825791717182
1164,-0.006176159534734868,0.131440145319982
1165,-0.004957404434360921,0.09631471659368177
1166,-0.004719454924340472,0.08803455941038817
1167,-0.00411895885694939,0.07709071282670547
1168,-0.004007668359946691,0.07728084642434256
1169,-0.0036171228796700082,0.08127128536233472
1170,-0.003513518164639447,0.08636412548143393
1171,-0.0029271413808346055,0.07922416761472359
1172,-0.003013569091587924,0.08389879577516304
1173,-0.0032889727685271484,0.09027171502523669
1175,-0.00527259416146041,0.11334363124363629
1196,-0.009048442091980885,0.12773177115436293
1197,-0.00893965512695524,0.11459439873944674
1198,-0.00880686952699055,0.11066264362848158
1199,-0.009263928973144302,0.11497731806949903
1200,-0.00936947135908662,0.11696265031005756
1201,-0.009501667292475438,0.13593692443064975
1202,-0.009379088691388763,0.13973255519513797
1203,-0.009005813881785823,0.11273940886892542
1204,-0.006687995056684199,0.11070890404218299
1205,-0.006002114912486228,0.09427723385232138
1206,-0.005311563460554935,0.08673739530734824
1207,-0.005099542495467947,0.07740076945514587
1208,-0.005583334060531594,0.07162547262604745
1209,-0.004916829004345759,0.06975815689515172
1210,-0.004216265294884429,0.07131526058598733
1211,-0.005008895935750937,0.07613656981034658
1212,-0.004592296040842189,0.08291287841318705
1213,-0.005010124849786414,0.07170309056885699
1214,-0.003805443012546696,0.06320533102556497
1215,-0.0036297182502642023,0.059553350936861704
1216,-0.0031848971470129065,0.05581820738865395
1234,-0.0050847679514648535,0.11409413934334486
1235,-0.005084766449485139,0.10776128449711855
1236,-0.0046162249503552966,0.09362315756841535
1237,-0.004530523444499603,0.09563532865208083
1238,-0.004097900286741655,0.08059351100163269
1239,-0.004267560158739076,0.07930854968616208
1240,-0.003839375483950963,0.07455507461181411
1241,-0.003788069210258811,0.08528370586836834
1242,-0.0032965019775608993,0.09107520521314276
1243,-0.003668134604209812,0.10356122564693479
1244,-0.0032111647898279707,0.09750560550005483
1245,-0.0031147715254659742,0.10309195209207682
1246,-0.002944191957706492,0.09443572678841622
1247,-0.0036727981665528667,0.1083698205263299
1248,-0.003942530429712115,0.10749678267894298
1249,-0.004313090073400432,0.11641175834333133
1268,-0.010047345210439896,0.1338275492457739
1269,-0.010124021829610735,0.13674981752447773
1270,-0.009985566894436332,0.1267043388581231
1271,-0.009924814576954509,0.11960824489285078
1272,-0.009610611368298019,0.11120775407017006
1273,-0.00966676429646405,0.11251082914140971
1274,-0.008819297828433232,0.1073861312194578
1275,-0.008850139193694052,0.1244774548380653
1276,-0.00810571011997405,0.12001616761141368
1277,-0.0060412413796967325,0.08635208709457139
1279,-0.005899728088975442,0.09034362854238118
1280,-0.007372374822699514,0.10812256163364978
1281,-0.00624213634515205,0.08553313906631568
1282,-0.005908393606265513,0.0789185168639419
1283,-0.0061030592824943206,0.07685575990025963
1284,-0.005227538570696608,0.06608397323663562
1285,-0.0045515588767937746,0.06452975509557364
1286,-0.003799234570523857,0.06045080469883131
1287,-0.0036208723612590164,0.0584522879927181
1288,-0.0036686670725353692,0.05599937302751683
1289,-0.0036789046053100375,0.0544169728989636
1305,-0.003729462369933249,0.10974505383579303
1306,-0.003955819051234259,0.11008327168636318
1307,-0.003792205519607339,0.1119610571621017
1308,-0.004736114909564204,0.1562281670889669
1309,-0.004367578883491372,0.14111769610427327
1312,-0.004306041835672307,0.09520673785579717
1313,-0.004125879353625278,0.09875746386810216
1314,-0.0035526277001544718,0.10255791416714286
1315,-0.004591888976587344,0.12881665792799277
1316,-0.0031209065070454374,0.12032387876112809
1319,-0.00413783883590248,0.12099574146741625
1320,-0.005569923684288316,0.13292400943079113
1321,-0.007445520442888537,0.14619824463450942
1322,-0.009561341656335803,0.1587151006206185
1328,-0.010449009540041135,0.18043929802303804
1339,-0.010115610443277967,0.14945262176982949
1340,-0.010955848192939752,0.1570459287141241
1341,-0.011503780587302776,0.1630403117149317
1342,-0.01210067087347833,0.15510400624287168
1344,-0.010556790891270821,0.12186255383798165
1345,-0.011013259042680286,0.12953035517819017
1346,-0.009962384289212593,0.12291350332076859
1348,-0.008117636639837205,0.11080626605152033
1349,-0.0065928593866297945,0.09699935638338282
1350,-0.00929172773552031,0.10836189186648504
1351,-0.008103836315088484,0.09007345612330817
1352,-0.0074671881398354414,0.08500889367891964
1353,-0.0074775506901498725,0.0821522825208052
1354,-0.00701580476457634,0.07727639287048343
1355,-0.006518651257690526,0.07514159365284001
1356,-0.005703423490967729,0.07711229984945624
1357,-0.00513785964179885,0.09131790956018432
1358,-0.006270923562862858,0.08764972335556376
1359,-0.006326660669134554,0.09801165185971883
1360,-0.004036169565968299,0.06632910002682049
1361,-0.005128192145148533,0.07081678200048921
1377,-0.003958471626272666,0.1327638653079246
1379,-0.0036087134083438123,0.09961934570221345
1380,-0.00393917890469545,0.10225037073693144
1381,-0.004031178117185531,0.09456126528315542
1382,-0.005762884159249662,0.10588729308746869
1383,-0.0037895968955734467,0.09619704148606381
1384,-0.004151736129295201,0.11438425180351101
1385,-0.004276715026959857,0.13070698465381886
1386,-0.003520472157122359,0.13856481550165886
1393,-0.0060834065892098,0.1575484309391424
1400,-0.006729560202504967,0.13120522711747776
1401,-0.0058134799109740036,0.12916554081645643
1410,-0.011818361058726985,0.1552192539427701
1412,-0.013117605737586583,0.1475449429436535
1413,-0.01177996949446555,0.14559368428014202
1414,-0.012006087366647999,0.137338821297005
1415,-0.012098033925621832,0.1374322540281984
1416,-0.011727795037760816,0.15993734874856788
1417,-0.009063225898941644,0.11776989820640016
1418,-0.009490072383760569,0.1265821993406308
1419,-0.007960034128351095,0.10896944986939057
1420,-0.006771103580438406,0.09636153244014682
1421,-0.006447432637037101,0.09435672237452071
1422,-0.006541081947592777,0.08482193172722578
1423,-0.00694111304323705,0.08969241018757719
1424,-0.007783986718822506,0.10114730475085307
1425,-0.006773489126638503,0.08530478378733397
1426,-0.005753171741631209,0.07341913539539471
1427,-0.006204350648915441,0.080036146419586
1428,-0.006679795485287932,0.08808691069911868
1429,-0.0075681669834429255,0.09484891529405713
1430,-0.007937367194760734,0.09414705508604972
1447,-8.640362428855297e-4,0.09799401721886997
1448,-0.0016529831555642375,0.10853425399785474
1449,-0.003398315651279374,0.1344268888231684
1450,-0.001687546676969763,0.12158999475975982
1452,-0.0024171524917049854,0.11015928659177929
1453,-0.00391736373248683,0.11133425696600266
1454,-0.005005134203597561,0.11300884205367981
1455,-0.0054804867308714715,0.1194770786887984
1456,-0.004247316717110984,0.10734643332373987
1462,-0.005415277029973698,0.12693511785067313
1465,-0.004605401497422662,0.12582399343619077
1466,-0.004702314611633963,0.12186864164863195
1468,-0.006055573888772495,0.13246410573588047
1471,-0.006501780305433258,0.16236080060074162
1476,-0.0069714546439811845,0.13712418988986566
1477,-0.006115047348567529,0.11355683563976479
1479,-0.0052474277196090146,0.09907466750624735
1480,-0.006047962170694648,0.10418058738922084
1481,-0.005762519393448136,0.0890542947479965
1482,-0.006791171774419118,0.09936905849097552
1483,-0.007931214317428058,0.11291872743297682
1484,-0.008805093474513097,0.11897253405720365
1485,-0.0096347423341,0.1287935692426419
1486,-0.009902114933837903,0.1329132825109717
1487,-0.009488241573179195,0.12867969092405188
1488,-0.009503239333578134,0.1279580692747143
1489,-0.010736291703912923,0.14400364492299306
1490,-0.01348734099140637,0.1957512014067755
1491,-0.011358781104234513,0.1828148773170618
1492,-0.006599511317496783,0.09660507582931634
1493,-0.006694654740421177,0.09315114828695226
1494,-0.005876371285671307,0.08258181610966976
1495,-0.00652214276481284,0.08271795688057883
1496,-0.006049758056518163,0.07869518290142435
1497,-0.006529848158390207,0.0900505965157665
1498,-0.005222887667018424,0.07184232542239238
1499,-0.005479076214546093,0.07212839816815524
1500,-0.00604555876931622,0.08235525841547191
1502,-0.005690729648350231,0.10371725572879811
1518,-0.001080562456394013,0.09728252651501114
1520,-0.0016899882844539458,0.09759732108033589
1521,-0.0017183395577150483,0.09453853231586008
1522,-0.0017894552858136903,0.10483750559583715
1523,-0.0016944466776110194,0.11329420570022641
1528,-0.004178099425685683,0.13550075181902924
1529,-0.00425835146293978,0.14074090292122948
1533,-0.0033454876940751444,0.1228954541219476
1535,-0.003961431224948112,0.13868505358086347
1536,-0.004013073674419552,0.12624292053323594
1537,-0.0037574724447510337,0.1192717688433728
1538,-0.004519558978135033,0.1252686451005233
1539,-0.004932387569381555,0.1844570422459491
1540,-0.004996111557005059,0.18620074690855817
1542,-0.006011009398105857,0.15903551389360066
1549,-0.005455325679699372,0.10067312409988075
1550,-0.005268402019389512,0.09118949399999424
1551,-0.005170249335109328,0.0770104552728205
1552,-0.0060868990388690414,0.08730489415275848
1553,-0.006072224322798655,0.08987405051989572
1554,-0.006304625549134646,0.0946315448291261
1555,-0.010130562031293342,0.1397009809120468
1556,-0.009855226625721063,0.14870177673109833
1557,-0.009349284978906516,0.1356818375565294
1558,-0.011023297812352274,0.1908331716549804
1559,-0.010975808351209362,0.19081170578032214
1560,-0.008339205131166908,0.11882813304290978
1561,-0.007846214448259106,0.10897204030552292
1562,-0.006848806130321285,0.09158440261855465
1563,-0.006531843959021344,0.08768057536216634
1564,-0.006114491339405927,0.08793064242984239
1565,-0.005745229786352006,0.08233905143977212
1566,-0.0065015106675698695,0.09495412313929455
1567,-0.005625669463407705,0.07924541277388433
1568,-0.004759584548303127,0.07047664634440795
1569,-0.00500262989669122,0.07770533601337662
1570,-0.0053299447898343694,0.08249222335735193
1571,-0.005463447850486312,0.09868381134687468
1586,3.188408827505207e-4,0.0952932461449631
1587,1.4811315661621138e-5,0.09115559131333746
1588,-4.2556016290411225e-4,0.09070850706780657
1589,-3.648378617453041e-4,0.08968880437688771
1590,-0.001035878432705567,0.09957443405961211
1591,-0.002317739155902346,0.13199316103539172
1592,-0.008893145019891368,0.19238044608062577
1593,-0.004811567035067896,0.17843477842418554
1594,-4.255870101653986e-4,0.16518816734824646
1597,-0.0029238618827536534,0.12374681645216334
1599,-0.003265923266901187,0.11988043165417758
1602,-0.003469298610101884,0.14854824734620148
1608,-0.0034546445679112915,0.1309284894807507
1609,-0.003730168331449198,0.10107568544571668
1610,-0.003770085511075856,0.10394633453510611
1611,-0.004139314677945554,0.10623517614158524
1612,-0.004715917023656516,0.11938764212949807
1613,-0.005330514278535361,0.13346604874815018
1614,-0.006044339652199698,0.1413082308966766
1616,-0.006459868998382609,0.14326348933431285
1617,-0.006250893275843006,0.12874932400972305
1618,-0.00633871255834461,0.1263872344948249
1619,-0.005758928074696199,0.10485751770967759
1620,-0.005842094526024387,0.09788908126833998
1621,-0.005825999442533066,0.08999755606736785
1622,-0.005372266844396177,0.08164281376666635
1623,-0.005786816047976999,0.08629477003911223
1624,-0.005992936605100899,0.09517620720360628
1625,-0.009053139146247741,0.13867221953852893
1626,-0.009243909498023464,0.17187412904638566
1627,-0.01101797602366992,0.12379992236726312
1628,-0.013219398567831045,0.14444264535810641
1629,-0.008074814331973228,0.11850873739136931
1630,-0.007438171037309223,0.10491743404065981
1631,-0.007094498257371488,0.09808972514356772
1632,-0.009081392814366462,0.1132024870753516
1633,-0.00854923330847569,0.10291372744651466
1634,-0.007450482813398428,0.08931091335090455
1635,-0.006656140906479352,0.08150465037990073
1636,-0.006807802861880853,0.09120510625734587
1637,-0.005422478962970746,0.08126146959831274
1639,-0.004329126833295373,0.06925402111950074
1640,-0.004281858383540471,0.0599700126121145
1641,-0.004043792302755318,0.05777329662088514
1642,-0.0042677280690290005,0.06002696208656921
1658,-0.005124849568708656,0.14287527079021517
1659,3.2661597255945055e-4,0.08912881800061095
1660,2.2863025532858516e-5,0.115300336791171
1661,-1.4737281721468598e-4,0.11117039352969141
1662,-1.2999911807330677e-4,0.12379312110520835
1666,-0.0015847154419651246,0.10498326941390437
1669,-0.0024177163854592703,0.10706414529917418
1672,-0.0022104717415163217,0.10577282801239093
1674,-0.002181390236134359,0.10828176357422656
1675,-0.002139224916957934,0.10303362580671191
1676,-0.003193577422687016,0.11345841630554523
1678,-0.0035127782568618983,0.11865323429445182
1679,-0.00330215717002347,0.10838224927657543
1680,-0.005054794188579109,0.14888425963632787
1681,-0.003770877408195844,0.18878765834665293
1684,-0.00901294043367141,0.1573984187949876
1685,-0.004652883810742631,0.1228026228554094
1686,-0.009728872782704165,0.1897922766302374
1687,-0.010051891858524207,0.16916722266733553
1688,-0.01176823002473569,0.17992638133922717
1689,-0.011973077144089295,0.15507899101574893
1691,-0.010341340900598173,0.13790949174851103
1692,-0.007453146079945933,0.1178457910372351
1693,-0.005767076046639076,0.0897614670628019
1694,-0.005384904276237755,0.08347777384677968
1695,-0.005715879491558386,0.10372596606627085
1696,-0.006150867504486619,0.11011306600905264
1697,-0.006241763347346522,0.09986848394228713
1698,-0.0072325178035917825,0.1017204247732771
1699,-0.007954837508404176,0.11489964375445956
1700,-0.008295420672724733,0.1260382542633664
1701,-0.010354693888254638,0.14238287175615655
1702,-0.009439106243077528,0.15058098068611434
1703,-0.01013957493564582,0.1404217152537318
1704,-0.00981044928614598,0.14156524156267014
1705,-0.008173916490255834,0.09921288737807081
1706,-0.011746366709988073,0.12416603974189173
1707,-0.005652343492804498,0.07378457167580241
1708,-0.007065923732699089,0.08399840673116468
1710,-0.005828150802112593,0.09084644506693558
1711,-0.005603124735930551,0.09250665042560119
1712,-0.006538599602046257,0.09155358518520185
1731,3.8148966759156134e-4,0.08599332730251587
1732,2.373676439170469e-5,0.10782876485540102
1733,-2.014587759023717e-4,0.08991024235621799
1734,-9.345086883514985e-4,0.10340748128055977
1737,-0.0012178716201345946,0.13469564755475302
1738,-9.639124289082812e-4,0.14538992387818084
1739,-9.02228701447004e-4,0.09417790820643739
1743,-0.0030208789197848627,0.09993526799822332
1748,-0.002292645181592612,0.07699639916728224
1749,-0.002644543492681521,0.07784507577958667
1753,-0.0032570084210354427,0.08109422942076853
1755,-0.0024209228262164276,0.07545025926084965
1756,-0.002806135330407809,0.07943460673565537
1757,-0.0029832452329120545,0.06779448956757023
1758,-0.0037163604683729686,0.0767134863390365
1759,-0.003963073805675499,0.07170076954107323
1760,-0.00453001689099793,0.07649825696782787
1761,-0.005009905037192281,0.08125276105444008
1762,-0.0049934299174211275,0.08084206367232974
1764,-0.004723835913398125,0.07247666146813617
1765,-0.004929206380469037,0.0745194165080619
1766,-0.00471785155812261,0.07502412572808458
1767,-0.004817322846259371,0.07703788277448488
1769,-0.005274144877431696,0.08309699142963015
1770,-0.005564785821920018,0.08326015442660263
1771,-0.005710412994345987,0.0763120416704973
1772,-0.00541176333382849,0.07007024904054415
1773,-0.005001629663143489,0.06637180606338519
1774,-0.0046155012741575,0.062221058142218996
1775,-0.004798512395232787,0.06145138315951989
1776,-0.0050586173085884365,0.06107236516559637
1777,-0.0047711547485435645,0.0556690523972966
1778,-0.004611385484909814,0.05240215858533759
1779,-0.004274248951026783,0.049986826184632065
1782,-0.0032377333484573667,0.05301991965562315
1783,-0.00321525240996455,0.053713932710069634
1803,-2.282290590505956e-4,0.07621752991301829
1804,-3.618235266856798e-4,0.07034373836748488
1805,-3.2416622807257545e-5,0.05632241458215455
1806,-1.8581648026132978e-4,0.061241785287777226
1807,-7.351969400633887e-4,0.06436370431582461
1808,-0.0011358409069233562,0.07185534505850773
1809,-9.753078462525919e-4,0.06362538644758634
1815,-0.0019908745227050135,0.08771564798963072
1816,-0.0018342583182349242,0.08271175816393883
1819,-0.0011525207970556756,0.0683589670404926
1820,-0.0012003262332944582,0.06266310594313285
1821,-0.0015521043798626386,0.061292707154921564
1822,-0.0011351349184983775,0.05291059145876811
1823,-0.0013066879739719213,0.05694414230506297
1824,-0.0016475740239201482,0.06032075630726842
1825,-0.0013992215013667528,0.055264337910117735
1826,-0.0017420187485884954,0.05721533675386973
1827,-0.00117233305151912,0.047855217077415454
1828,-0.00115695207450233,0.040852581547468195
1829,-0.001571061815661319,0.04194442567706808
1830,-0.001837623372671148,0.042724559575827804
1831,-0.0026376498184055566,0.04963356248575919
1832,-0.002947705168785505,0.05038326951860016
1833,-0.002872918352882508,0.05206279607771038
1834,-0.0029656442986188943,0.051862696820793155
1835,-0.002905872021087017,0.04971526472424266
1836,-0.003258087506723828,0.051073577958423766
1837,-0.003030321587915375,0.04931802087042675
1838,-0.002950780937885659,0.051997814748977814
1839,-0.003186409060149403,0.0556068513447178
1840,-0.0033725442413119,0.0580551803175568
1841,-0.0036697417944749067,0.05715456373519212
1842,-0.003710662410533917,0.054349579559976914
1843,-0.0033424855751847476,0.047056235907155006
1844,-0.0034163441407821064,0.048684977861858
1845,-0.0034193911350460134,0.04983078865140793
1846,-0.0034301671710513975,0.049106510892193596
1847,-0.003400712208458401,0.04743203244055014
1848,-0.0032030118655269613,0.04239106784241171
1849,-0.0031882222683045185,0.03968028175443746
1850,-0.0029979565647915763,0.03760746803103281
1851,-0.0029577852131083783,0.038848600664344826
1852,-0.0028390709231846676,0.03927165678374227
1853,-0.002002421189066127,0.02977122533375597
1854,-0.002428945618466989,0.03754476979717865
1855,-0.0022772153443676563,0.03716118469870221
1856,-0.0023820930886528425,0.04442218685659703
1875,-2.6609067418454784e-4,0.07366792499698564
1876,-0.00028574563407417973,0.058853306112719925
1877,-6.170646671776887e-5,0.04834846886609312
1878,-8.28152218311444e-5,0.0402625128880605
1879,-6.888590413704903e-5,0.036020230141785646
1880,-9.06752384837145e-5,0.036550519295595094
1881,1.4035928142151072e-5,0.033471623722855566
1882,-6.052740101181869e-6,0.04081009055908125
1884,4.4146748082746215e-5,0.05324739436118866
1892,-0.00111340942499365,0.06411139596085587
1895,-9.058719899593768e-4,0.04485385381996522
1896,-8.758390887505657e-4,0.04578763907177624
1897,-2.253375028045214e-4,0.03466148814760296
1898,-2.9031560921261094e-4,0.03566058139922589
1899,-7.681265101044402e-4,0.03476998541437828
1900,-8.63178026155112e-4,0.03483590240161884
1901,-4.671344958270377e-4,0.028926935975292112
1902,-6.336032293475062e-4,0.029973387720361105
1903,-8.134754291818199e-4,0.031033335073087677
1904,-9.988699150774243e-4,0.03210629985607324
1905,-0.0011838711300184595,0.03318481971484229
1906,-0.0013658534794113372,0.03580388970066637
1907,-0.00213795729300311,0.04036802834925529
1908,-0.0021276045594570874,0.03968079565870812
1909,-0.001902205845891658,0.036783732421300674
1910,-0.002082933920478898,0.03723426215117394
1911,-0.002424851077249797,0.043778800266853414
1912,-0.002628258955453529,0.043693442820409815
1913,-0.002788335305955329,0.04221548367033288
1914,-0.0025923734724062363,0.036491347505062215
1915,-0.0026033641394304806,0.035703621093241676
1916,-0.002562963160189767,0.03471635253565989
1917,-0.0024815615828849536,0.03356625418240209
1918,-0.0023714933271418858,0.032297880495320855
1919,-0.0022431909654693693,0.030958526299992555
1920,-0.0021038474085701858,0.029592923143865635
1921,-0.0019254030365377325,0.028146900313374683
1922,-0.0017608217872301247,0.02660066824373399
1923,-0.0016162274677851082,0.028242106052540572
1924,-0.0015989600075312076,0.025016028107795553
1925,-0.0019449198375370597,0.02457217517200018
1926,-0.0019861738681187366,0.02921571764723232
1927,-0.0022338018919810286,0.039084843176895895
1928,-0.0023344181041163965,0.044611922962679275
1950,3.618336250933649e-5,0.03244167562146371
1951,9.296317746310123e-5,0.028535721920992924
1952,-5.8152546407611026e-5,0.03390623223858312
1953,8.361245256153227e-5,0.03003530838942766
1954,-1.221350394860432e-4,0.03617019219939753
1967,3.098567731976906e-5,0.032462709963808845
1968,-3.84054336377268e-5,0.028836233451681674
1969,-2.4952297769894467e-5,0.0278094032323645
1970,-5.281399001727111e-5,0.03061901920970994
1971,-1.8803806823523768e-4,0.031993938070438196
1972,-3.6722917087297707e-4,0.03266535406208361
1973,-4.620008447755675e-4,0.031691873909119796
1974,-5.773377818718763e-4,0.032287387774491506
1975,-7.692425423925945e-4,0.03348615650471028
1976,-9.692684542018555e-4,0.034685391138110554
1977,-0.0011702122124116116,0.03586936716970886
1978,-0.001368733236380968,0.03700380231188326
1979,-0.001565626291896005,0.038033173969419784
1980,-0.0017639506624151536,0.038890877526484346
1981,-0.001965133101378707,0.03951698027538373
1982,-0.0021646388693825876,0.03987194603511306
1983,-0.0023502205885791968,0.039938969756052184
1984,-0.0025044885242860534,0.03971785692524576
1985,-0.002610757237421281,0.03921814538528227
1986,-0.002659049994981217,0.03845661917208188
1987,-0.002649166682856592,0.037459244909152076
1988,-0.002589479983536251,0.03626386641546814
1989,-0.0024926868510575205,0.03491951924797093
1990,-0.0023713741702927776,0.033481249168779995
1991,-0.0022356510242877896,0.032003061030835965
1992,-0.0020929729936226757,0.03053241030861098
1993,-0.0019490715673453445,0.029107603682085592
1994,-0.001778874087959622,0.028609959640190585
1995,-0.0016419328246081721,0.02759429329130254
1996,-0.0016032290739568164,0.02439213202519989
1997,-0.001647736776452641,0.02570062268562977
1998,-0.0017102374843600368,0.02646839580397111
2024,1.0608511624755901e-4,0.03254893312525053
2025,6.869565935271292e-5,0.029599919745237603
2027,3.0019046281584e-5,0.0400582791402569
2028,2.445239150464587e-5,0.04737162152523098
2039,1.1019434735015029e-4,0.03544798269727508
2040,2.1497154627644206e-5,0.03133568359858812
2041,1.415761608778085e-5,0.03222481934366751
2044,-3.133242853891674e-4,0.03703192845754048
2045,-4.580564599875409e-4,0.03607131582895754
2046,-5.608827473986798e-4,0.03527816637125138
2047,-7.668786285133907e-4,0.03761511858565743
2048,-9.829048671235352e-4,0.03795206681376665
2049,-0.0011997255079959426,0.03936488326451355
2050,-0.0013773369617278972,0.04000948631515863
2051,-0.0015949916647449269,0.04104757962402492
2052,-0.0018160597581027295,0.04185698286781011
2053,-0.002038918209582889,0.04238085910698781
2054,-0.00225386369575496,0.04258833517060416
2055,-0.0024435951006516595,0.04247202545687593
2056,-0.0025885741898842443,0.042039336724703474
2057,-0.002674363557516087,0.04130675930406771
2058,-0.0026967469578066104,0.04030057273159071
2059,-0.0026621178270478467,0.03906040323332565
2060,-0.002583668341741823,0.037639826580669396
2061,-0.002476251493688085,0.03610128684015334
2062,-0.002352724881423738,0.03450749168582926
2063,-0.0022227821180865167,0.03291366873393943
2064,-0.0020933241701310786,0.03136347992104445
2065,-0.0019692438611280524,0.029888179064615883
2066,-0.001850380874408505,0.028480131846828072
2067,-0.001728472974888868,0.02710451397158973
2068,-0.0017486873487611051,0.028953219043060592
2069,-0.0017362522973103569,0.030372373630576356
2100,6.770938972473467e-4,0.04678032487763513
2111,2.697928970009776e-4,0.03826444487147064
2112,1.9239164947338627e-4,0.03502424724171035
2113,1.292679615627887e-4,0.035993459853418196
2114,5.4518329144450514e-5,0.03870161078908433
2116,-2.141088102982587e-4,0.03992365468174741
2117,-3.946046550738276e-4,0.04019857346668813
2118,-5.199129471648335e-4,0.04089184341265308
2119,-7.621150062245584e-4,0.04326403358511637
2120,-0.0010182024107963934,0.04474365665171721
2121,-0.0012210419484061687,0.043893396998531134
2122,-0.0014417078807602477,0.04440720582413615
2123,-0.001645220245466711,0.04422560375831958
2124,-0.0018920996978405691,0.04492148327935025
2125,-0.0021344711411080937,0.04527251774410555
2126,-0.002356272630108267,0.04526166102331621
2127,-0.0025366693631285616,0.04489363736683946
2128,-0.0026579433647805698,0.044185928026163925
2129,-0.0027125360787772076,0.043166802273285114
2130,-0.0027051946699537983,0.04187864688525898
2131,-0.00264969707339653,0.040379558335478814
2132,-0.0025629609479584795,0.038738627183584486
2133,-0.002460096645101737,0.037026290118796795
2134,-0.00235217686272234,0.035304810731450094
2135,-0.002246248373815666,0.033622735871698915
2136,-0.002146325088860763,0.03201378788953952
2137,-0.002054480673364541,0.030498442251210657
2138,-0.001967156677714391,0.0290541248912377
2139,-0.0018566117479918418,0.02786924758149293
2140,-0.001831026531078249,0.03004574208511273
2141,-0.002043825859520366,0.03296088441176465
2171,6.83926562506628e-4,0.04377733779317404
2181,7.065056000664059e-4,0.04985225573405575
2182,5.066546694956979e-4,0.04471310623615488
2183,3.5639676437462727e-4,0.03991553212752487
2184,2.9909131726995746e-4,0.03805574103127449
2186,1.534763681632967e-4,0.04117480375127737
2187,3.2181131714519726e-5,0.041377557650074795
2188,-9.913995409926227e-5,0.041853760175519186
2189,-2.9548304027924714e-4,0.0435772933972039
2191,-7.599085205350937e-4,0.04833707665548018
2193,-0.001253520345390409,0.04788097783209776
2194,-0.0015024207360998874,0.047953962740795164
2195,-0.0017358837714842826,0.047432537513888665
2196,-0.0020077421500721677,0.047922759844097294
2197,-0.002260365334891435,0.0480105171195718
2198,-0.0024731747238988027,0.04769737902547355
2199,-0.00262713717878888,0.04700363518274963
2200,-0.0027127967221572185,0.045962158914733174
2201,-0.002733931062997924,0.04461972715286126
2202,-0.002704933026209294,0.04303899272923095
2203,-0.0026443059636213203,0.041294619842234974
2204,-0.0025685622571398085,0.03946336293820329
2205,-0.002489124541830686,0.0376133526187126
2206,-0.0024122192021967352,0.03579747281613524
2207,-0.002340289086775329,0.0340519778638916
2208,-0.0022736742063289186,0.03239858342621642
2209,-0.0022119519520915473,0.03084771676898714
2210,-0.0021505153206062585,0.02937537414185839
2211,-0.0020660261359858696,0.027754421346435888
2212,-0.002000538266873956,0.02845903339770096
2213,-0.0022642699149930216,0.03201234193738935
2214,-0.0025664113842646806,0.03257528624718537
2240,6.958815464552292e-4,0.042776889223877804
2241,7.612696492393156e-4,0.04169970715532484
2250,0.001245682715445512,0.06283867960196093
2254,6.108295112614126e-4,0.044644095648368694
2255,4.5162497922918295e-4,0.041034247809536226
2257,3.2510450445970285e-4,0.04156540207902876
2258,2.1442853537051928e-4,0.04196743507433462
2259,9.800559673908693e-5,0.04210860077948334
2260,-4.0468644209983724e-5,0.04421859768454092
2261,-2.460793946086483e-4,0.04468638783159816
2262,-4.707312410310013e-4,0.04925712186451479
2263,-7.523646561153272e-4,0.05126903696073458
2264,-0.0010622521780551918,0.05209237163119599
2265,-0.0013109710416584319,0.050672857644848655
2266,-0.001605033714070718,0.050710763531799694
2267,-0.0018883073747074618,0.05044270105306248
2268,-0.0021751720840017786,0.05061849170136793
2269,-0.002420515047901024,0.050346704219193475
2270,-0.0026056561967112237,0.04965209436991314
2271,-0.0027211266743816737,0.04857556021387482
2272,-0.002770812259389887,0.04717096734424473
2273,-0.0027698003777347512,0.04550625563352286
2274,-0.0027376205290654313,0.04366056091112062
2275,-0.0026913446867906582,0.04171504224197778
2276,-0.0026419220397682916,0.03974206919569388
2277,-0.002594162253961503,0.037797970413227085
2278,-0.0025487256499135474,0.035921397451673075
2279,-0.002504409065363057,0.03413567199090262
2280,-0.0024598651555875,0.032452519084635485
2281,-0.002414517301103374,0.030875480366433266
2282,-0.0023687443887289903,0.029402530136302514
2283,-0.0023087153006715417,0.02819496708671616
2284,-0.002188474796660906,0.025940587528897496
2285,-0.0023761138846438022,0.028885005895510307
2286,-0.0026999643189992025,0.030299498389848505
2312,7.612713435540327e-4,0.041244929180412955
2313,7.97213220766739e-4,0.03899706106726849
2320,0.001404670784119663,0.06154950067201773
2323,0.001076516755085724,0.05078094711156457
2326,6.488893719952336e-4,0.04639778263178677
2327,5.101616740302954e-4,0.04184864506722539
2328,4.662671612158137e-4,0.0419054543674041
2329,3.8202089726376774e-4,0.04325416513078426
2330,2.6222552069817966e-4,0.04407897628725567
2331,1.1740040297088459e-4,0.0424849106463833
2332,-4.315050893436076e-5,0.044192178950631024
2333,-2.509285788291661e-4,0.04718471775838646
2334,-4.976625317412095e-4,0.04890348070816543
2335,-8.244224841889747e-4,0.05273595338686957
2336,-0.0011180332321167545,0.05211311028641976
2337,-0.0014522482767172606,0.05275809876735238
2338,-0.0017900042657634583,0.0527063528325896
2339,-0.002117570361339462,0.052959949357761195
2340,-0.002399659653179264,0.05271880784411235
2341,-0.0026173791071407186,0.052010829349407775
2342,-0.002762252969147643,0.05088760162531821
2343,-0.0028392975644553507,0.04941396309335527
2344,-0.0028646553126462524,0.047665262578910725
2345,-0.002858679701245425,0.045724702661662855
2346,-0.0028386018701842273,0.04367608247096784
2347,-0.002814660400024073,0.04159400810158674
2348,-0.0027903032026257006,0.03953682748945062
2349,-0.0027647467857295103,0.037544853846112954
2350,-0.002735788983393804,0.035642835263916435
2351,-0.0027017744453479093,0.03384385705482816
2352,-0.002662461040148015,0.03215286970487835
2353,-0.002618966475215099,0.030569249807272297
2354,-0.0025731483188855915,0.02908858514007962
2355,-0.0025266371837185417,0.02770313819286354
2356,-0.0024556031167388406,0.02648583694961267
2357,-0.0024072096378207454,0.026279022382438642
2358,-0.002746110443474313,0.029861522402567574
2359,-0.0030010470784364736,0.029640127747099444
2384,9.209994360814842e-4,0.04079024850340903
2385,8.061941474331771e-4,0.035578391799870754
2386,8.061869084474143e-4,0.032714286083040243
2387,8.511220808339607e-4,0.03180233359701587
2390,0.001264607646567739,0.04904028692192835
2392,0.0012153445647462,0.04783407097914568
2393,0.0011602914088433259,0.04865449771437275
2394,0.0011086422433511365,0.05134574535889885
2395,9.903918096785952e-4,0.046349168633858046
2397,7.932510992122353e-4,0.0468406952963615
2398,6.772381643996891e-4,0.04498188227061622
2399,5.626445582861773e-4,0.042922536111104914
2400,4.664569446472339e-4,0.04196553992791939
2401,3.755674780399114e-4,0.04447113750411767
2402,2.3695796172118477e-4,0.04407466909557584
2403,8.488922291350065e-5,0.04577215002019018
2404,-1.045721657655832e-4,0.0475187690537742
2405,-3.40263340902279e-4,0.04927721595532998
2406,-6.280851782085164e-4,0.05097573494469926
2407,-9.662080826626903e-4,0.05250792565012972
2408,-0.0013415316875303091,0.05374610919038468
2409,-0.0017299147140672293,0.05456792913037174
2410,-0.0021007426688531617,0.0548871307728114
2411,-0.002424021622994061,0.05467321366307572
2412,-0.002677582880310872,0.053949871224284865
2413,-0.0028524865767247413,0.0527773994624811
2414,-0.0029547119364861873,0.051234143880447405
2415,-0.0030017122513783237,0.04940616742935535
2416,-0.0030149185136825888,0.047382283192697744
2417,-0.0030121366247531853,0.04524825911731796
2418,-0.003003507333903051,0.043079175425216776
2419,-0.0029919097175703084,0.04093353809374176
2420,-0.0029759228724824715,0.03885197308017968
2421,-0.002953035594846414,0.036859730159036555
2422,-0.0029217601894873614,0.03497064684758454
2423,-0.002882398992457586,0.03319064531498868
2424,-0.002836783530407316,0.031520162440473655
2425,-0.00278742676338919,0.02995573450096678
2426,-0.0027365546865357375,0.028491173675009633
2427,-0.0026852065782844077,0.02711747058895807
2428,-0.0026243463546166794,0.02575392805754209
2429,-0.0025074556764510814,0.024080951085967188
2430,-0.002809107914206504,0.027748171961500784
2431,-0.003129353674558895,0.0294348872516917
2456,0.0012008219204271177,0.04062172954670289
2457,0.0010018902799162268,0.036208832796838154
2458,8.467705528886444e-4,0.03151915276787486
2459,8.310384645021706e-4,0.031748184178280056
2460,9.460796112775678e-4,0.0352087737428989
2461,0.001096020528172636,0.03863010637542886
2462,0.0011423981777432541,0.04060982539580968
2463,0.0011839151525433376,0.044803969476942325
2464,0.0011240362704298978,0.04461540828655499
2466,0.0010455029332668273,0.05093106695633274
2468,8.622233039217525e-4,0.04782310396717802
2469,7.576869269254355e-4,0.044394026484602465
2470,6.492884191436836e-4,0.044463268695289826
2471,5.321846966283336e-4,0.0424200333552014
2472,4.296370023340643e-4,0.04397166399938749
2473,3.0353769463086627e-4,0.04557126825371987
2474,1.4825423574784668e-4,0.047222132329505104
2475,-4.4150038517806744e-5,0.04891578003548286
2476,-2.828226379596212e-4,0.05062132870411953
2477,-5.751991893940628e-4,0.05227697147695506
2478,-9.225036991257367e-4,0.05378771354788099
2479,-0.0013151192833691123,0.05503313825529295
2480,-0.0017305009273163128,0.05588722696943802
2481,-0.002136072447794945,0.05624706539394756
2482,-0.0024970193020766155,0.056059693767429176
2483,-0.0027859419856903615,0.055333135820246536
2484,-0.0029902883344209035,0.054126401970157036
2485,-0.0031145820463596525,0.05252783790104548
2486,-0.003176529007184883,0.05063589668502787
2487,-0.0031988302262371546,0.048547774179755206
2488,-0.003200838872747986,0.04635250436632218
2489,-0.003193977729767513,0.044125191965373886
2490,-0.0031819364318461845,0.041923151960163337
2491,-0.0031637768360848932,0.03978568710722445
2492,-0.0031373631131303217,0.037737089027222115
2493,-0.003101596131925663,0.03579078005603935
2494,-0.0030571635941385677,0.03395279083550987
2495,-0.0030062000716647363,0.03222403632427047
2496,-0.002951372891859933,0.03060168313536605
2497,-0.002894908735648297,0.029080132883760868
2498,-0.0028379203906246445,0.027651942400151775
2499,-0.0027798585424369414,0.0263062647181383
2500,-0.002717603358131469,0.025029059474659297
2501,-0.002617221242110958,0.023731090454163366
2502,-0.0027183040363449006,0.0248514869622601
2503,-0.003048126047743128,0.02771229913303373
2530,0.0010944605727675582,0.04039000905129446
2531,9.913546836056609e-4,0.038762552348032095
2532,0.0010522173910959762,0.039106632730503854
2535,0.001123351480582381,0.047969278047479066
2539,9.038492297685421e-4,0.05029393225256039
2540,7.603948012800371e-4,0.04769877774649306
2541,6.68736587108893e-4,0.045687342922151944
2542,5.616018189931557e-4,0.043834014558268034
2543,4.4775805580966194e-4,0.045335494472282446
2544,3.086340155584504e-4,0.04687074861840983
2545,2.1510925175509328e-4,0.04873308979815443
2546,-1.737622469172029e-5,0.05105172383072043
2547,-2.9082453632939406e-4,0.053131124791526575
2548,-6.249433345752251e-4,0.05314729603707287
2549,-9.819987517989668e-4,0.054556540245358665
2550,-0.0013845864774542492,0.05575238204784313
2551,-0.0018110102204699906,0.05656427837107766
2552,-0.002232586726831893,0.056919147987838224
2553,-0.0026148488291342087,0.056748307244932364
2554,-0.002927794955805224,0.05603755093752398
2555,-0.0031544421536681467,0.05483033494744838
2556,-0.003294989025188961,0.05321272048441339
2557,-0.0033646121708478653,0.051290434378773106
2558,-0.003385970735294462,0.049169648064506834
2559,-0.0033803543574714066,0.046945050141116836
2560,-0.003361919273954281,0.04469334960584765
2561,-0.0033368500689984863,0.04247080104790646
2562,-0.0033059867728350905,0.040314538491924526
2563,-0.0032682193621272407,0.03824664871908076
2564,-0.0032228611081509657,0.03627889304424245
2565,-0.003170560543915727,0.03441640336600761
2566,-0.003113105679317562,0.03265989237740058
2567,-0.0030526599477616306,0.031006824280078366
2568,-0.0029909263167256016,0.02945217381485756
2569,-0.002928593961014306,0.0279891794727798
2570,-0.0028652397264997864,0.02661019702201913
2571,-0.0027993998802619885,0.025305979914252298
2572,-0.0027268048917118504,0.02405154176664629
2573,-0.0026416524724839872,0.022850104360624516
2574,-0.0026194405322641115,0.022631844626596374
2575,-0.0028490929745516066,0.024699548539325454
2576,-0.0032009056288658092,0.02775593898336548
2605,0.001185414430584019,0.046308226552333874
2606,0.0010790899008210752,0.04311565708386127
2607,0.001028699558906554,0.04344280146593367
2608,9.789876491766935e-4,0.043268641431237605
2609,9.4662013040204e-4,0.04454878435746233
2610,8.618502060028232e-4,0.04810085907301955
2611,7.346010455983702e-4,0.046503197200991414
2612,6.582084692272422e-4,0.04286311034560705
2613,5.38025648062155e-4,0.0440156152399807
2614,4.075441338173322e-4,0.04601391844458581
2615,3.0644755916878414e-4,0.04628597523425685
2616,2.67362279627318e-4,0.05000086050381307
2617,7.069774497777057e-5,0.05236055083461015
2618,-1.8450648944558847e-4,0.05707176993720753
2619,-7.124200152316129e-4,0.059078080224856146
2620,-0.0010343708302522673,0.05920252853089649
2621,-0.001738369156451134,0.05823364935407353
2622,-0.001974199434892398,0.05649904107997873
2623,-0.0023898477782580965,0.05685424660481828
2624,-0.0027690107188456546,0.05667436238411343
2625,-0.0030831604724071205,0.05599117073928519
2626,-0.0033142997092389485,0.0548241844951254
2627,-0.003458820536738345,0.05324156398237896
2628,-0.00352737989323954,0.05134305660803622
2629,-0.003539946098685854,0.049237722677669266
2630,-0.003518216477749089,0.04702576719598371
2631,-0.0034791934626201447,0.04478779202627932
2632,-0.0034326746823013774,0.042581092378719994
2633,-0.003382464926239795,0.04044158179087663
2634,-0.0033291508637063537,0.038389062222013756
2635,-0.0032724741004691435,0.03643302745606103
2636,-0.003212565885347201,0.03457702186987459
2637,-0.00315015867874905,0.03282105573410785
2638,-0.0030862032783378385,0.031162666384990555
2639,-0.0030213305445142154,0.029597454875458718
2640,-0.0029554873957552863,0.028119623184895682
2641,-0.0028879101940678022,0.026722665805266377
2642,-0.0028174081404840857,0.025400110633325385
2643,-0.002742731875075178,0.024146028911729123
2644,-0.0026613018591587715,0.022944817753559155
2645,-0.002583303062905812,0.021742525076461475
2646,-0.0024303281160620023,0.020754656530832916
2647,-0.0027869031157993955,0.024086665733478917
2648,-0.0031305589708883223,0.026953499957644837
2678,0.0012251293169923427,0.04852439730918796
2679,0.001046357182549356,0.043114732383773745
2680,8.947521738128537e-4,0.040863735131749304
2681,8.041340437929201e-4,0.040415770642198534
2682,7.400523948001142e-4,0.03982920020125745
2683,6.679334068570755e-4,0.041869946860517246
2684,5.717165461055884e-4,0.04325812566981672
2685,4.888412713702258e-4,0.04712543565199369
2686,4.064405035030437e-4,0.05077657222114877
2687,2.9319894476689394e-4,0.054944328018527125
2688,9.880501433733591e-5,0.058791018286768006
2689,-1.8427323032188663e-4,0.06429993620869215
2691,-0.001358536400416134,0.07126175357555334
2692,-0.0020307857155623514,0.07150009141135001
2693,-0.002318461433877908,0.06352076489917541
2694,-0.002701421430023023,0.059562649195712435
2695,-0.0029415376532050267,0.05574330134853309
2696,-0.0032348486767446597,0.055207510862040954
2697,-0.0034458379213477344,0.05411065642581694
2698,-0.0035745513209209543,0.05261667840109119
2699,-0.003629099966445964,0.05080506142407924
2700,-0.003625972202431581,0.048775666618303626
2701,-0.003584857726358135,0.04662823711915922
2702,-0.003523481671341177,0.044446719374710876
2703,-0.0034544116441981966,0.04229162710182531
2704,-0.0033845832684168556,0.04020015768004267
2705,-0.0033166834224351094,0.03819146669615099
2706,-0.0032510020140920186,0.03627344988447222
2707,-0.0031868647142180226,0.03444815872855661
2708,-0.0031234028371530517,0.03271485463963307
2709,-0.0030597746330557796,0.031071221157285077
2710,-0.002995091141486019,0.029513736280766305
2711,-0.002928313309023112,0.028037945668178122
2712,-0.0028582930377186013,0.026638910759939627
2713,-0.0027839769177284697,0.025311765918183765
2714,-0.002704672397040622,0.02405219903630557
2715,-0.002620240915244137,0.022856706443050833
2716,-0.0025186614751304868,0.021629345026414566
2717,-0.0023552238460971733,0.02004195576612837
2718,-0.002517912947131171,0.021717725330755968
2719,-0.002712678936278371,0.02308302895336859
2750,0.0012989496496835639,0.051268990847124885
2751,0.0011612184290947486,0.05036866654978025
2752,9.60000838903622e-4,0.045594618798125534
2753,8.194086383553282e-4,0.04162541205380247
2754,7.536679656764856e-4,0.04320982566935363
2755,7.051209023301648e-4,0.046565714782841675
2756,5.419204644446201e-4,0.04782629106308692
2757,4.465348615596408e-4,0.05124650810204221
2758,2.3260151188298495e-4,0.06337258155407569
2759,-2.0005589241614553e-5,0.0707890631601922
2765,-0.0035387735944427444,0.0696970632463924
2766,-0.003497606671967829,0.0615943044607814
2767,-0.00335725120958768,0.05333299911202025
2768,-0.003538827923467358,0.05276787193997532
2769,-0.003631208690893557,0.05139659595502187
2770,-0.0036555800383731712,0.049722627072489436
2771,-0.0036281065346383612,0.04782630927903728
2772,-0.003566739975067318,0.045797607076587935
2773,-0.0034875944915147145,0.04371839337131842
2774,-0.0034030030690267096,0.041651136056624606
2775,-0.003320934928368537,0.03963578014214183
2776,-0.0032452968002462924,0.03769318939398572
2777,-0.0031767562350590193,0.03583165120679763
2778,-0.0031138294438517247,0.034052991246200724
2779,-0.0030539697011601336,0.03235647124140276
2780,-0.0029944067639554963,0.0307404733396131
2781,-0.0029326444376690645,0.02920289314729211
2782,-0.002866683169901895,0.027741171634638136
2783,-0.0027951293501827556,0.026352426651908057
2784,-0.0027172782574423162,0.025033738148637165
2785,-0.0026331604909025945,0.023782439074717
2786,-0.002543502791527329,0.022596281541851677
2787,-0.00244699726238381,0.021454493392098258
2788,-0.002306408303955349,0.02010223836726845
2789,-0.0022639848279031186,0.020244287091634835
2790,-0.0026488917163622603,0.02361000314498803
2791,-0.0027832716578954884,0.023855657681316554
2826,7.506649333864447e-4,0.061445881289780444
2827,6.916093462425797e-4,0.061792820291416375
2837,-0.00414800219404253,0.06415497039339665
2838,-0.003875950423394172,0.05832120485550091
2839,-0.0035933816722144287,0.05040408539046565
2840,-0.0036323811344952358,0.049682917604891616
2841,-0.0036152501045980056,0.04817065039219749
2842,-0.003555182410783922,0.04644289686872176
2843,-0.0034719473258729844,0.04457440651174728
2844,-0.0033809478266789788,0.04263869388416276
2845,-0.0032920384424053365,0.04069506411720864
2846,-0.003210580187295202,0.038783656372752225
2847,-0.003138718589220486,0.036927140331990446
2848,-0.0030760437504991868,0.03513590735385597
2849,-0.0030200790778036656,0.03341364331080166
2850,-0.0029670497737538768,0.03176137639514118
2851,-0.0029128823718984898,0.030179502835627543
2852,-0.002854070282514276,0.02866831236879555
2853,-0.0027881807529260595,0.02722789633368681
2854,-0.0027140197270379214,0.02585797063964419
2855,-0.0026315712387344294,0.024557846521828186
2856,-0.0025418111437576366,0.02332651464444593
2857,-0.0024464459191335295,0.022162733671744234
2858,-0.002347601507983215,0.021065039433589044
2859,-0.0022287734847938755,0.019904472778669927
2860,-0.002141691874366078,0.019659534171342474
2861,-0.00234235943256533,0.02165572703517476
2862,-0.002553097012530956,0.02305772490765008
2909,-0.004155566237173151,0.054202400041782436
2910,-0.0038813655910538538,0.05182170971186824
2911,-0.003521812038356765,0.04663203892248615
2912,-0.0035184968197653015,0.046244376466060715
2913,-0.0034256486361636624,0.044693332768803634
2914,-0.0033204638582578667,0.04300139389288709
2915,-0.0032208778479220377,0.0412327220845489
2916,-0.0031357599722413414,0.039440032254017224
2917,-0.0030663861071293826,0.037658828679314624
2918,-0.003009880111332045,0.03590967106268887
2919,-0.0029618511653807535,0.034203584995746265
2920,-0.002917534658759375,0.032546921887315915
2921,-0.0028722073449758334,0.03094441851922262
2922,-0.002821623404776182,0.029400487721135193
2923,-0.002762574359600517,0.027919391068123613
2924,-0.0026932987923450804,0.026504898007812805
2925,-0.002613566897777698,0.025159884264586607
2926,-0.002524480152551992,0.02388608533302406
2927,-0.002428088275942488,0.02268404091699664
2928,-0.002326985770209395,0.02155319306652622
2929,-0.0022239180804360806,0.020492014457393317
2930,-0.0021155681980658276,0.019449685157254933
2931,-0.001973310692997396,0.018226494046058625
2932,-0.0021602194100457843,0.020242720518050893
2933,-0.0022906975891756457,0.021239472983353165
2981,-0.003985947420641211,0.05263993137312869
2982,-0.0033764124503126622,0.04388203673310885
2983,-0.0032727044880233197,0.04301265158821296
2984,-0.0032474790845411724,0.04266893633517379
2985,-0.0031274316571318164,0.04114625527957683
2986,-0.0030219575601619655,0.03954297685013407
2987,-0.0029420114732881994,0.03790824636141406
2988,-0.002887483948521856,0.036272500722204504
2989,-0.0028508608994933975,0.03465019311055691
2990,-0.0028220677654246435,0.03304801262302124
2991,-0.002792006858998595,0.031471821187556384
2992,-0.002754048222466893,0.02992945786486264
2993,-0.002704225928887349,0.028430544679660035
2994,-0.0026408693976234404,0.026984996293568174
2995,-0.0025641898644092106,0.025601617752308327
2996,-0.0024758562314867514,0.024287210355116374
2997,-0.002378527428531714,0.023046173039859612
2998,-0.0022753650461663994,0.02188051851738642
2999,-0.002169603730519938,0.0207901372358368
3000,-0.002064217615450789,0.019773161734333827
3001,-0.0019555165343575704,0.01877572637367378
3002,-0.0018219608441763745,0.017617306603230905
3003,-0.001850571729176578,0.018477762010231512
3004,-0.001990768341935162,0.019415140844174526
3005,-0.002071490728552823,0.019455141064800726
3007,-0.0023735283538677183,0.024611123644231958
3052,-0.0038680127576666383,0.05523680171036986
3053,-0.0035156851249816996,0.04813526538369217
3054,-0.003004751043585082,0.040394653876004785
3055,-0.0029723357589762347,0.039975419514448496
3056,-0.0028986827479534627,0.039103598057461435
3057,-0.0027934590107480013,0.03765285591944025
3058,-0.0027155806832925857,0.03614659889093217
3059,-0.00265896929227729,0.03455283775363444
3060,-0.002625109130769078,0.03295575935112109
3061,-0.0026097245445940295,0.03142059211475053
3062,-0.002599393184952127,0.02997710641020231
3063,-0.0025810223006015073,0.02868918602907748
3064,-0.0025367079377504372,0.027320883337119663
3065,-0.0024680661581029965,0.025922956493858
3066,-0.002382942997493718,0.024579657997099484
3067,-0.002285522480090879,0.023302792252360423
3068,-0.0021804218394047186,0.02210016974820084
3069,-0.0020716026479825128,0.020969281308429386
3070,-0.001963127453887234,0.01991952309670878
3071,-0.001856875310147618,0.01893113772346391
3072,-0.001748581323967341,0.01795591811091001
3073,-0.001617428081832576,0.016824170169055012
3074,-0.0016050874345517247,0.017135600108008627
3075,-0.0017408558175194193,0.018340222456533238
3076,-0.001821902130865741,0.018125990206411084
3078,-0.0018426048447322638,0.018936843651863756
3079,-0.0021832814608027363,0.022078612082066646
3124,-0.003579618490322049,0.05355510617245329
3125,-0.0033725004952203765,0.04698246265079978
3126,-0.0033070212306684048,0.0431124915455364
3127,-0.0028799985074726953,0.0385261854142422
3128,-0.002517158988983452,0.03530556628731045
3129,-0.0024695401191745917,0.034390329894397664
3130,-0.0025461262544479064,0.03425699162358356
3131,-0.0024291542716987505,0.03264873732469939
3132,-0.0024249304174085813,0.031500213552669645
3133,-0.0023236553350549083,0.029192242777062494
3134,-0.0024861767996706015,0.027886216063619896
3135,-0.00231070298549761,0.02589009864522015
3136,-0.0022388952587127408,0.02476602556433889
3137,-0.002150631375428233,0.02352048505166394
3138,-0.0020480013252279286,0.022291046511614752
3139,-0.0019385297824902757,0.021132245491794707
3140,-0.001825881458968415,0.020035526704070043
3141,-0.001711204266989994,0.018963169490462947
3142,-0.001597739670735088,0.017914207986250576
3143,-0.0015141021883404108,0.017577261342303512
3144,-0.0015504598926531516,0.017204092517231928
3145,-0.0015501064194932996,0.017708830035214944
3146,-0.0017321129039514574,0.019194825074920083
3147,-0.001730813850066322,0.018421699560789373
3149,-0.0016759376497808148,0.01710881977912387
3150,-0.0018812096211750285,0.019118848565530564
3151,-0.002030006760667627,0.02001610630110385
3198,-0.0035648540530394597,0.0457484874864339
3199,-0.0027391256597871726,0.037166184182444675
3200,-0.002100835641929655,0.031348829227218614
3201,-0.0019265913016361612,0.030541056197801408
3202,-0.002248567092419424,0.03335161272084821
3203,-0.0026272247795269326,0.035948701954285
3204,-0.0027044456100256756,0.03499483038087098
3205,-0.0026281210992261635,0.03116828511181214
3206,-0.0026342243388256916,0.028660153383505853
3207,-0.002156631154589848,0.024085910490521167
3208,-0.001859764860081976,0.021822197771210784
3209,-0.0017726993817795606,0.021041314048859765
3210,-0.0016685780681733435,0.01998661406865595
3211,-0.0015530610114861073,0.0189231939882791
3212,-0.0014306665773918092,0.01778903618507121
3213,-0.0012819647581240423,0.017249113589839927
3214,-0.001340913508461911,0.01772712482339069
3215,-0.0014069383124835316,0.018287640551886232
3216,-0.0015788979155290637,0.019515379095963854
3217,-0.001595477157019921,0.01947971612442672
3218,-0.0018029761931307431,0.020443285341248948
3221,-0.001740007425293687,0.01847014702008051
3222,-0.0018620441355415764,0.019372050651460644
3270,-0.0032801587969986308,0.046057732833853234
3271,-0.0028718340903793106,0.04057747633611421
3272,-0.0025135873176742782,0.036073241831406755
3273,-0.0021756986127163314,0.03355043405619519
3275,-0.0026438812210384235,0.03787066565693932
3278,-0.002639005249572827,0.0298705220066658
3279,-0.002322632502460585,0.026857058601226846
3280,-0.0019197554152027671,0.022592836396055842
3281,-0.0015429159308139612,0.019490408239387948
3282,-0.0014830884147191688,0.01867321188999938
3283,-0.0013082251654708676,0.017734771959401176
3284,-0.0011654275607058625,0.017849620171538492
3285,-0.0014328026878408767,0.01948389697256898
3286,-0.0014427386933664392,0.019627731125416888
3287,-0.0013679108651208686,0.019653374516819616
3293,-0.0019180107681592822,0.021553509358668187
3294,-0.0020333589377368563,0.02243652083824694
3295,-0.002340770877113446,0.024827545049393496
3343,-0.0031838514907653846,0.0453577589566055
3344,-0.002948972083239466,0.04207774969076254
3345,-0.0032475377024344756,0.04454080087433358
3351,-0.002221369296111778,0.027398340170266183
3352,-0.0018598781052338001,0.023305085536364668
3353,-0.0015423347579347772,0.020466129810564792
3354,-0.001160311122481251,0.01845693941598007
3355,-0.0010406176028701507,0.018060501475605083
3356,-0.0011182085200259952,0.01895931525840853
3357,-0.0012963905846211678,0.020117743946813607
3426,-7.922499948403511e-4,0.0175753832637844
3427,-8.546732081742163e-4,0.01827334352092145
3497,-8.780506388793918e-4,0.020018503976011286
3498,-8.390142381721512e-4,0.018935613862945604
3499,-8.740575697975268e-4,0.019556149899640253
3568,-0.001126264722047341,0.025106173539059716
3569,-8.316512094512795e-4,0.023094739623226102
3570,-9.17648974812273e-4,0.021706976488278074
3571,-9.597034847149543e-4,0.021222305258285622
3641,-8.573801662805827e-4,0.02606114322165421
3642,-0.0011021711103937118,0.025167680323244235
