year,source_short,metric,value
2000,China_Birdwatch,n_records,2
2000,China_Birdwatch,n_visits,1
2000,China_Birdwatch,n_observers,1
2000,China_Birdwatch,n_birding_days,1
2000,China_Birdwatch,n_grids_100km,1
2000,China_Birdwatch,n_species,2
2000,China_Birdwatch,mean_duration_min,12305760
2000,China_Birdwatch,total_duration_min,24611520
2002,China_Birdwatch,n_records,114
2002,China_Birdwatch,n_visits,5
2002,China_Birdwatch,n_observers,1
2002,China_Birdwatch,n_birding_days,5
2002,China_Birdwatch,n_grids_100km,3
2002,China_Birdwatch,n_species,80
2002,China_Birdwatch,mean_duration_min,626.1052631578948
2002,China_Birdwatch,total_duration_min,71376
2003,China_Birdwatch,n_records,127
2003,China_Birdwatch,n_visits,11
2003,China_Birdwatch,n_observers,1
2003,China_Birdwatch,n_birding_days,11
2003,China_Birdwatch,n_grids_100km,5
2003,China_Birdwatch,n_species,72
2003,China_Birdwatch,mean_duration_min,225.5511811023622
2003,China_Birdwatch,total_duration_min,28645
2004,China_Birdwatch,n_records,97
2004,China_Birdwatch,n_visits,7
2004,China_Birdwatch,n_observers,2
2004,China_Birdwatch,n_birding_days,7
2004,China_Birdwatch,n_grids_100km,4
2004,China_Birdwatch,n_species,73
2004,China_Birdwatch,mean_duration_min,157.38144329896906
2004,China_Birdwatch,total_duration_min,15266
2005,China_Birdwatch,n_records,228
2005,China_Birdwatch,n_visits,11
2005,China_Birdwatch,n_observers,2
2005,China_Birdwatch,n_birding_days,11
2005,China_Birdwatch,n_grids_100km,7
2005,China_Birdwatch,n_species,185
2005,China_Birdwatch,mean_duration_min,1324.0789473684208
2005,China_Birdwatch,total_duration_min,301890
2006,China_Birdwatch,n_records,256
2006,China_Birdwatch,n_visits,14
2006,China_Birdwatch,n_observers,5
2006,China_Birdwatch,n_birding_days,14
2006,China_Birdwatch,n_grids_100km,9
2006,China_Birdwatch,n_species,151
2006,China_Birdwatch,mean_duration_min,2012.32421875
2006,China_Birdwatch,total_duration_min,515155
2007,China_Birdwatch,n_records,845
2007,China_Birdwatch,n_visits,41
2007,China_Birdwatch,n_observers,6
2007,China_Birdwatch,n_birding_days,39
2007,China_Birdwatch,n_grids_100km,18
2007,China_Birdwatch,n_species,322
2007,China_Birdwatch,mean_duration_min,305338.4497041424
2007,China_Birdwatch,total_duration_min,258010990
2008,China_Birdwatch,n_records,750
2008,China_Birdwatch,n_visits,32
2008,China_Birdwatch,n_observers,12
2008,China_Birdwatch,n_birding_days,31
2008,China_Birdwatch,n_grids_100km,17
2008,China_Birdwatch,n_species,265
2008,China_Birdwatch,mean_duration_min,758.8599999999997
2008,China_Birdwatch,total_duration_min,569145
2009,China_Birdwatch,n_records,589
2009,China_Birdwatch,n_visits,29
2009,China_Birdwatch,n_observers,9
2009,China_Birdwatch,n_birding_days,26
2009,China_Birdwatch,n_grids_100km,18
2009,China_Birdwatch,n_species,255
2009,China_Birdwatch,mean_duration_min,2127.6129032258073
2009,China_Birdwatch,total_duration_min,1253164
2010,China_Birdwatch,n_records,902
2010,China_Birdwatch,n_visits,73
2010,China_Birdwatch,n_observers,14
2010,China_Birdwatch,n_birding_days,65
2010,China_Birdwatch,n_grids_100km,32
2010,China_Birdwatch,n_species,253
2010,China_Birdwatch,mean_duration_min,14522.342572062093
2010,China_Birdwatch,total_duration_min,13099153
2011,China_Birdwatch,n_records,1835
2011,China_Birdwatch,n_visits,120
2011,China_Birdwatch,n_observers,17
2011,China_Birdwatch,n_birding_days,100
2011,China_Birdwatch,n_grids_100km,44
2011,China_Birdwatch,n_species,377
2011,China_Birdwatch,mean_duration_min,170538.9422343323
2011,China_Birdwatch,total_duration_min,312938959
2012,China_Birdwatch,n_records,1333
2012,China_Birdwatch,n_visits,117
2012,China_Birdwatch,n_observers,25
2012,China_Birdwatch,n_birding_days,97
2012,China_Birdwatch,n_grids_100km,58
2012,China_Birdwatch,n_species,451
2012,China_Birdwatch,mean_duration_min,76271.04426106522
2012,China_Birdwatch,total_duration_min,101669302
2013,China_Birdwatch,n_records,1621
2013,China_Birdwatch,n_visits,122
2013,China_Birdwatch,n_observers,27
2013,China_Birdwatch,n_birding_days,100
2013,China_Birdwatch,n_grids_100km,60
2013,China_Birdwatch,n_species,460
2013,China_Birdwatch,mean_duration_min,270093.3448488591
2013,China_Birdwatch,total_duration_min,437821312
2014,China_Birdwatch,n_records,2697
2014,China_Birdwatch,n_visits,194
2014,China_Birdwatch,n_observers,36
2014,China_Birdwatch,n_birding_days,132
2014,China_Birdwatch,n_grids_100km,76
2014,China_Birdwatch,n_species,536
2014,China_Birdwatch,mean_duration_min,38641.52243233213
2014,China_Birdwatch,total_duration_min,104216186
2015,China_Birdwatch,n_records,9701
2015,China_Birdwatch,n_visits,563
2015,China_Birdwatch,n_observers,67
2015,China_Birdwatch,n_birding_days,258
2015,China_Birdwatch,n_grids_100km,166
2015,China_Birdwatch,n_species,773
2015,China_Birdwatch,mean_duration_min,80647.71405009722
2015,China_Birdwatch,total_duration_min,782363474
2016,China_Birdwatch,n_records,8217
2016,China_Birdwatch,n_visits,499
2016,China_Birdwatch,n_observers,79
2016,China_Birdwatch,n_birding_days,247
2016,China_Birdwatch,n_grids_100km,165
2016,China_Birdwatch,n_species,780
2016,China_Birdwatch,mean_duration_min,22638.989898989865
2016,China_Birdwatch,total_duration_min,186024580
2017,China_Birdwatch,n_records,10113
2017,China_Birdwatch,n_visits,631
2017,China_Birdwatch,n_observers,102
2017,China_Birdwatch,n_birding_days,275
2017,China_Birdwatch,n_grids_100km,176
2017,China_Birdwatch,n_species,844
2017,China_Birdwatch,mean_duration_min,55977.80549787311
2017,China_Birdwatch,total_duration_min,566103547
2018,China_Birdwatch,n_records,15739
2018,China_Birdwatch,n_visits,997
2018,China_Birdwatch,n_observers,139
2018,China_Birdwatch,n_birding_days,334
2018,China_Birdwatch,n_grids_100km,214
2018,China_Birdwatch,n_species,924
2018,China_Birdwatch,mean_duration_min,55381.29264883324
2018,China_Birdwatch,total_duration_min,871646165
2019,China_Birdwatch,n_records,25242
2019,China_Birdwatch,n_visits,1518
2019,China_Birdwatch,n_observers,182
2019,China_Birdwatch,n_birding_days,353
2019,China_Birdwatch,n_grids_100km,290
2019,China_Birdwatch,n_species,1034
2019,China_Birdwatch,mean_duration_min,37448.78222803251
2019,China_Birdwatch,total_duration_min,945282161
2020,China_Birdwatch,n_records,46068
2020,China_Birdwatch,n_visits,2721
2020,China_Birdwatch,n_observers,288
2020,China_Birdwatch,n_birding_days,361
2020,China_Birdwatch,n_grids_100km,342
2020,China_Birdwatch,n_species,948
2020,China_Birdwatch,mean_duration_min,17710.050338627923
2020,China_Birdwatch,total_duration_min,815866599
2021,China_Birdwatch,n_records,145875
2021,China_Birdwatch,n_visits,8510
2021,China_Birdwatch,n_observers,583
2021,China_Birdwatch,n_birding_days,365
2021,China_Birdwatch,n_grids_100km,528
2021,China_Birdwatch,n_species,1129
2021,China_Birdwatch,mean_duration_min,8500.025768637413
2021,China_Birdwatch,total_duration_min,1239941259
2022,China_Birdwatch,n_records,313778
2022,China_Birdwatch,n_visits,17436
2022,China_Birdwatch,n_observers,988
2022,China_Birdwatch,n_birding_days,365
2022,China_Birdwatch,n_grids_100km,602
2022,China_Birdwatch,n_species,1130
2022,China_Birdwatch,mean_duration_min,5335.045070081058
2022,China_Birdwatch,total_duration_min,1674019772
2023,China_Birdwatch,n_records,836484
2023,China_Birdwatch,n_visits,45145
2023,China_Birdwatch,n_observers,2413
2023,China_Birdwatch,n_birding_days,365
2023,China_Birdwatch,n_grids_100km,920
2023,China_Birdwatch,n_species,1258
2023,China_Birdwatch,mean_duration_min,2201.3746120669234
2023,China_Birdwatch,total_duration_min,1841414641
2024,China_Birdwatch,n_records,2720464
2024,China_Birdwatch,n_visits,146369
2024,China_Birdwatch,n_observers,9086
2024,China_Birdwatch,n_birding_days,365
2024,China_Birdwatch,n_grids_100km,1120
2024,China_Birdwatch,n_species,1336
2024,China_Birdwatch,mean_duration_min,597.9226165098318
2024,China_Birdwatch,total_duration_min,1626626953
2000,eBird_GBIF,n_records,2169
2000,eBird_GBIF,n_visits,155
2000,eBird_GBIF,n_observers,33
2000,eBird_GBIF,n_birding_days,121
2000,eBird_GBIF,n_grids_100km,64
2000,eBird_GBIF,n_species,559
2000,eBird_GBIF,mean_duration_min,NA
2000,eBird_GBIF,total_duration_min,0
2001,eBird_GBIF,n_records,2286
2001,eBird_GBIF,n_visits,138
2001,eBird_GBIF,n_observers,26
2001,eBird_GBIF,n_birding_days,116
2001,eBird_GBIF,n_grids_100km,63
2001,eBird_GBIF,n_species,595
2001,eBird_GBIF,mean_duration_min,NA
2001,eBird_GBIF,total_duration_min,0
2002,eBird_GBIF,n_records,11898
2002,eBird_GBIF,n_visits,655
2002,eBird_GBIF,n_observers,76
2002,eBird_GBIF,n_birding_days,199
2002,eBird_GBIF,n_grids_100km,124
2002,eBird_GBIF,n_species,769
2002,eBird_GBIF,mean_duration_min,NA
2002,eBird_GBIF,total_duration_min,0
2003,eBird_GBIF,n_records,3005
2003,eBird_GBIF,n_visits,218
2003,eBird_GBIF,n_observers,38
2003,eBird_GBIF,n_birding_days,158
2003,eBird_GBIF,n_grids_100km,69
2003,eBird_GBIF,n_species,566
2003,eBird_GBIF,mean_duration_min,NA
2003,eBird_GBIF,total_duration_min,0
2004,eBird_GBIF,n_records,10128
2004,eBird_GBIF,n_visits,494
2004,eBird_GBIF,n_observers,78
2004,eBird_GBIF,n_birding_days,229
2004,eBird_GBIF,n_grids_100km,123
2004,eBird_GBIF,n_species,679
2004,eBird_GBIF,mean_duration_min,NA
2004,eBird_GBIF,total_duration_min,0
2005,eBird_GBIF,n_records,8581
2005,eBird_GBIF,n_visits,562
2005,eBird_GBIF,n_observers,69
2005,eBird_GBIF,n_birding_days,267
2005,eBird_GBIF,n_grids_100km,118
2005,eBird_GBIF,n_species,776
2005,eBird_GBIF,mean_duration_min,NA
2005,eBird_GBIF,total_duration_min,0
2006,eBird_GBIF,n_records,7609
2006,eBird_GBIF,n_visits,637
2006,eBird_GBIF,n_observers,103
2006,eBird_GBIF,n_birding_days,288
2006,eBird_GBIF,n_grids_100km,135
2006,eBird_GBIF,n_species,736
2006,eBird_GBIF,mean_duration_min,NA
2006,eBird_GBIF,total_duration_min,0
2007,eBird_GBIF,n_records,16780
2007,eBird_GBIF,n_visits,996
2007,eBird_GBIF,n_observers,135
2007,eBird_GBIF,n_birding_days,309
2007,eBird_GBIF,n_grids_100km,203
2007,eBird_GBIF,n_species,889
2007,eBird_GBIF,mean_duration_min,NA
2007,eBird_GBIF,total_duration_min,0
2008,eBird_GBIF,n_records,12869
2008,eBird_GBIF,n_visits,814
2008,eBird_GBIF,n_observers,130
2008,eBird_GBIF,n_birding_days,306
2008,eBird_GBIF,n_grids_100km,142
2008,eBird_GBIF,n_species,841
2008,eBird_GBIF,mean_duration_min,NA
2008,eBird_GBIF,total_duration_min,0
2009,eBird_GBIF,n_records,11493
2009,eBird_GBIF,n_visits,848
2009,eBird_GBIF,n_observers,166
2009,eBird_GBIF,n_birding_days,309
2009,eBird_GBIF,n_grids_100km,150
2009,eBird_GBIF,n_species,802
2009,eBird_GBIF,mean_duration_min,NA
2009,eBird_GBIF,total_duration_min,0
2010,eBird_GBIF,n_records,26825
2010,eBird_GBIF,n_visits,1400
2010,eBird_GBIF,n_observers,183
2010,eBird_GBIF,n_birding_days,342
2010,eBird_GBIF,n_grids_100km,200
2010,eBird_GBIF,n_species,860
2010,eBird_GBIF,mean_duration_min,NA
2010,eBird_GBIF,total_duration_min,0
2011,eBird_GBIF,n_records,21425
2011,eBird_GBIF,n_visits,1149
2011,eBird_GBIF,n_observers,183
2011,eBird_GBIF,n_birding_days,312
2011,eBird_GBIF,n_grids_100km,214
2011,eBird_GBIF,n_species,900
2011,eBird_GBIF,mean_duration_min,NA
2011,eBird_GBIF,total_duration_min,0
2012,eBird_GBIF,n_records,26600
2012,eBird_GBIF,n_visits,1669
2012,eBird_GBIF,n_observers,249
2012,eBird_GBIF,n_birding_days,346
2012,eBird_GBIF,n_grids_100km,271
2012,eBird_GBIF,n_species,944
2012,eBird_GBIF,mean_duration_min,NA
2012,eBird_GBIF,total_duration_min,0
2013,eBird_GBIF,n_records,41356
2013,eBird_GBIF,n_visits,2227
2013,eBird_GBIF,n_observers,274
2013,eBird_GBIF,n_birding_days,364
2013,eBird_GBIF,n_grids_100km,279
2013,eBird_GBIF,n_species,1039
2013,eBird_GBIF,mean_duration_min,NA
2013,eBird_GBIF,total_duration_min,0
2014,eBird_GBIF,n_records,55948
2014,eBird_GBIF,n_visits,2743
2014,eBird_GBIF,n_observers,347
2014,eBird_GBIF,n_birding_days,364
2014,eBird_GBIF,n_grids_100km,339
2014,eBird_GBIF,n_species,1076
2014,eBird_GBIF,mean_duration_min,NA
2014,eBird_GBIF,total_duration_min,0
2015,eBird_GBIF,n_records,64175
2015,eBird_GBIF,n_visits,3183
2015,eBird_GBIF,n_observers,399
2015,eBird_GBIF,n_birding_days,365
2015,eBird_GBIF,n_grids_100km,391
2015,eBird_GBIF,n_species,1057
2015,eBird_GBIF,mean_duration_min,NA
2015,eBird_GBIF,total_duration_min,0
2016,eBird_GBIF,n_records,86391
2016,eBird_GBIF,n_visits,4274
2016,eBird_GBIF,n_observers,541
2016,eBird_GBIF,n_birding_days,366
2016,eBird_GBIF,n_grids_100km,382
2016,eBird_GBIF,n_species,1086
2016,eBird_GBIF,mean_duration_min,NA
2016,eBird_GBIF,total_duration_min,0
2017,eBird_GBIF,n_records,116972
2017,eBird_GBIF,n_visits,6186
2017,eBird_GBIF,n_observers,723
2017,eBird_GBIF,n_birding_days,365
2017,eBird_GBIF,n_grids_100km,447
2017,eBird_GBIF,n_species,1123
2017,eBird_GBIF,mean_duration_min,NA
2017,eBird_GBIF,total_duration_min,0
2018,eBird_GBIF,n_records,216196
2018,eBird_GBIF,n_visits,9559
2018,eBird_GBIF,n_observers,873
2018,eBird_GBIF,n_birding_days,365
2018,eBird_GBIF,n_grids_100km,538
2018,eBird_GBIF,n_species,1175
2018,eBird_GBIF,mean_duration_min,NA
2018,eBird_GBIF,total_duration_min,0
2019,eBird_GBIF,n_records,268851
2019,eBird_GBIF,n_visits,11942
2019,eBird_GBIF,n_observers,1028
2019,eBird_GBIF,n_birding_days,365
2019,eBird_GBIF,n_grids_100km,614
2019,eBird_GBIF,n_species,1179
2019,eBird_GBIF,mean_duration_min,NA
2019,eBird_GBIF,total_duration_min,0
2020,eBird_GBIF,n_records,212474
2020,eBird_GBIF,n_visits,10204
2020,eBird_GBIF,n_observers,625
2020,eBird_GBIF,n_birding_days,366
2020,eBird_GBIF,n_grids_100km,475
2020,eBird_GBIF,n_species,1136
2020,eBird_GBIF,mean_duration_min,NA
2020,eBird_GBIF,total_duration_min,0
2021,eBird_GBIF,n_records,294628
2021,eBird_GBIF,n_visits,14590
2021,eBird_GBIF,n_observers,738
2021,eBird_GBIF,n_birding_days,365
2021,eBird_GBIF,n_grids_100km,574
2021,eBird_GBIF,n_species,1204
2021,eBird_GBIF,mean_duration_min,NA
2021,eBird_GBIF,total_duration_min,0
2022,eBird_GBIF,n_records,323218
2022,eBird_GBIF,n_visits,15528
2022,eBird_GBIF,n_observers,749
2022,eBird_GBIF,n_birding_days,365
2022,eBird_GBIF,n_grids_100km,513
2022,eBird_GBIF,n_species,1147
2022,eBird_GBIF,mean_duration_min,NA
2022,eBird_GBIF,total_duration_min,0
2023,eBird_GBIF,n_records,539592
2023,eBird_GBIF,n_visits,24477
2023,eBird_GBIF,n_observers,1385
2023,eBird_GBIF,n_birding_days,365
2023,eBird_GBIF,n_grids_100km,742
2023,eBird_GBIF,n_species,1211
2023,eBird_GBIF,mean_duration_min,NA
2023,eBird_GBIF,total_duration_min,0
2000,Combined,n_records,2171
2000,Combined,n_visits,156
2000,Combined,n_observers,34
2000,Combined,n_birding_days,121
2000,Combined,n_grids_100km,64
2000,Combined,n_species,559
2000,Combined,mean_duration_min,12305760
2000,Combined,total_duration_min,24611520
2001,Combined,n_records,2286
2001,Combined,n_visits,138
2001,Combined,n_observers,26
2001,Combined,n_birding_days,116
2001,Combined,n_grids_100km,63
2001,Combined,n_species,595
2001,Combined,mean_duration_min,NA
2001,Combined,total_duration_min,0
2002,Combined,n_records,12012
2002,Combined,n_visits,660
2002,Combined,n_observers,77
2002,Combined,n_birding_days,202
2002,Combined,n_grids_100km,126
2002,Combined,n_species,776
2002,Combined,mean_duration_min,626.1052631578948
2002,Combined,total_duration_min,71376
2003,Combined,n_records,3132
2003,Combined,n_visits,229
2003,Combined,n_observers,39
2003,Combined,n_birding_days,167
2003,Combined,n_grids_100km,71
2003,Combined,n_species,579
2003,Combined,mean_duration_min,225.5511811023622
2003,Combined,total_duration_min,28645
2004,Combined,n_records,10225
2004,Combined,n_visits,501
2004,Combined,n_observers,80
2004,Combined,n_birding_days,234
2004,Combined,n_grids_100km,125
2004,Combined,n_species,685
2004,Combined,mean_duration_min,157.38144329896906
2004,Combined,total_duration_min,15266
2005,Combined,n_records,8809
2005,Combined,n_visits,573
2005,Combined,n_observers,71
2005,Combined,n_birding_days,267
2005,Combined,n_grids_100km,121
2005,Combined,n_species,801
2005,Combined,mean_duration_min,1324.0789473684208
2005,Combined,total_duration_min,301890
2006,Combined,n_records,7865
2006,Combined,n_visits,651
2006,Combined,n_observers,108
2006,Combined,n_birding_days,289
2006,Combined,n_grids_100km,138
2006,Combined,n_species,758
2006,Combined,mean_duration_min,2012.32421875
2006,Combined,total_duration_min,515155
2007,Combined,n_records,17625
2007,Combined,n_visits,1037
2007,Combined,n_observers,141
2007,Combined,n_birding_days,314
2007,Combined,n_grids_100km,210
2007,Combined,n_species,929
2007,Combined,mean_duration_min,305338.4497041424
2007,Combined,total_duration_min,258010990
2008,Combined,n_records,13619
2008,Combined,n_visits,846
2008,Combined,n_observers,142
2008,Combined,n_birding_days,309
2008,Combined,n_grids_100km,148
2008,Combined,n_species,873
2008,Combined,mean_duration_min,758.8599999999997
2008,Combined,total_duration_min,569145
2009,Combined,n_records,12082
2009,Combined,n_visits,877
2009,Combined,n_observers,175
2009,Combined,n_birding_days,310
2009,Combined,n_grids_100km,153
2009,Combined,n_species,837
2009,Combined,mean_duration_min,2127.6129032258073
2009,Combined,total_duration_min,1253164
2010,Combined,n_records,27727
2010,Combined,n_visits,1473
2010,Combined,n_observers,197
2010,Combined,n_birding_days,343
2010,Combined,n_grids_100km,210
2010,Combined,n_species,887
2010,Combined,mean_duration_min,14522.342572062093
2010,Combined,total_duration_min,13099153
2011,Combined,n_records,23260
2011,Combined,n_visits,1269
2011,Combined,n_observers,200
2011,Combined,n_birding_days,319
2011,Combined,n_grids_100km,232
2011,Combined,n_species,948
2011,Combined,mean_duration_min,170538.9422343323
2011,Combined,total_duration_min,312938959
2012,Combined,n_records,27933
2012,Combined,n_visits,1786
2012,Combined,n_observers,274
2012,Combined,n_birding_days,349
2012,Combined,n_grids_100km,292
2012,Combined,n_species,1007
2012,Combined,mean_duration_min,76271.04426106522
2012,Combined,total_duration_min,101669302
2013,Combined,n_records,42977
2013,Combined,n_visits,2349
2013,Combined,n_observers,301
2013,Combined,n_birding_days,364
2013,Combined,n_grids_100km,307
2013,Combined,n_species,1085
2013,Combined,mean_duration_min,270093.3448488591
2013,Combined,total_duration_min,437821312
2014,Combined,n_records,58645
2014,Combined,n_visits,2937
2014,Combined,n_observers,383
2014,Combined,n_birding_days,365
2014,Combined,n_grids_100km,361
2014,Combined,n_species,1135
2014,Combined,mean_duration_min,38641.52243233213
2014,Combined,total_duration_min,104216186
2015,Combined,n_records,73876
2015,Combined,n_visits,3746
2015,Combined,n_observers,466
2015,Combined,n_birding_days,365
2015,Combined,n_grids_100km,437
2015,Combined,n_species,1166
2015,Combined,mean_duration_min,80647.71405009722
2015,Combined,total_duration_min,782363474
2016,Combined,n_records,94608
2016,Combined,n_visits,4773
2016,Combined,n_observers,620
2016,Combined,n_birding_days,366
2016,Combined,n_grids_100km,441
2016,Combined,n_species,1216
2016,Combined,mean_duration_min,22638.989898989865
2016,Combined,total_duration_min,186024580
2017,Combined,n_records,127085
2017,Combined,n_visits,6817
2017,Combined,n_observers,825
2017,Combined,n_birding_days,365
2017,Combined,n_grids_100km,490
2017,Combined,n_species,1261
2017,Combined,mean_duration_min,55977.80549787311
2017,Combined,total_duration_min,566103547
2018,Combined,n_records,231935
2018,Combined,n_visits,10556
2018,Combined,n_observers,1012
2018,Combined,n_birding_days,365
2018,Combined,n_grids_100km,581
2018,Combined,n_species,1321
2018,Combined,mean_duration_min,55381.29264883324
2018,Combined,total_duration_min,871646165
2019,Combined,n_records,294093
2019,Combined,n_visits,13460
2019,Combined,n_observers,1210
2019,Combined,n_birding_days,365
2019,Combined,n_grids_100km,671
2019,Combined,n_species,1342
2019,Combined,mean_duration_min,37448.78222803251
2019,Combined,total_duration_min,945282161
2020,Combined,n_records,258542
2020,Combined,n_visits,12925
2020,Combined,n_observers,913
2020,Combined,n_birding_days,366
2020,Combined,n_grids_100km,565
2020,Combined,n_species,1259
2020,Combined,mean_duration_min,17710.050338627923
2020,Combined,total_duration_min,815866599
2021,Combined,n_records,440503
2021,Combined,n_visits,23100
2021,Combined,n_observers,1321
2021,Combined,n_birding_days,365
2021,Combined,n_grids_100km,712
2021,Combined,n_species,1357
2021,Combined,mean_duration_min,8500.025768637413
2021,Combined,total_duration_min,1239941259
2022,Combined,n_records,636996
2022,Combined,n_visits,32964
2022,Combined,n_observers,1737
2022,Combined,n_birding_days,365
2022,Combined,n_grids_100km,735
2022,Combined,n_species,1321
2022,Combined,mean_duration_min,5335.045070081058
2022,Combined,total_duration_min,1674019772
2023,Combined,n_records,1376076
2023,Combined,n_visits,69622
2023,Combined,n_observers,3798
2023,Combined,n_birding_days,365
2023,Combined,n_grids_100km,1038
2023,Combined,n_species,1441
2023,Combined,mean_duration_min,2201.3746120669234
2023,Combined,total_duration_min,1841414641
2024,Combined,n_records,2720464
2024,Combined,n_visits,146369
2024,Combined,n_observers,9086
2024,Combined,n_birding_days,365
2024,Combined,n_grids_100km,1120
2024,Combined,n_species,1336
2024,Combined,mean_duration_min,597.9226165098318
2024,Combined,total_duration_min,1626626953
