species,n_grid_year_detections,n_blocks_detected,n_grids_detected,first_year,last_year
Passer montanus,5963,5,1088,2000,2024
Motacilla alba,5678,5,1057,2000,2024
Hirundo rustica,4514,5,963,2000,2024
Parus minor,4104,5,727,2000,2024
Pica serica,3717,5,747,2000,2024
Streptopelia orientalis,3593,5,836,2000,2024
Phoenicurus auroreus,3466,5,718,2000,2024
Spilopelia chinensis,3450,5,607,2000,2024
Falco tinnunculus,3402,5,919,2000,2024
Pycnonotus sinensis,3395,5,536,2000,2024
Egretta garzetta,3320,5,619,2000,2024
Tachybaptus ruficollis,3251,5,687,2000,2024
Upupa epops,3250,5,813,2000,2024
Ardea cinerea,3118,5,783,2000,2024
Alcedo atthis,2997,5,642,2000,2024
Lanius schach,2974,5,491,2000,2024
Anas platyrhynchos,2958,5,792,2000,2024
Phasianus colchicus,2918,5,723,2000,2024
Motacilla cinerea,2846,5,736,2000,2024
Chloris sinica,2811,5,643,2000,2024
Cecropis daurica,2793,5,642,2000,2024
Ardeola bacchus,2739,5,539,2000,2024
Anthus hodgsoni,2653,5,627,2000,2024
Ardea alba,2577,5,662,2000,2024
Gallinula chloropus,2568,5,609,2000,2024
Tadorna ferruginea,2555,5,720,2000,2024
Cuculus canorus,2488,5,755,2000,2024
Turdus mandarinus,2459,5,464,2000,2024
Phalacrocorax carbo,2411,5,677,2000,2024
Acridotheres cristatellus,2409,5,414,2000,2024
Corvus macrorhynchos,2403,5,638,2000,2024
Anas zonorhyncha,2371,5,589,2000,2024
Fulica atra,2357,5,676,2000,2024
Milvus migrans,2356,5,654,2000,2024
Phoenicurus fuliginosus,2356,5,472,2000,2024
Podiceps cristatus,2274,5,640,2000,2024
Copsychus saularis,2266,5,364,2000,2024
Actitis hypoleucos,2261,5,681,2000,2024
Zosterops simplex,2256,5,455,2000,2024
Sinosuthora webbiana,2255,5,456,2000,2024
Lanius cristatus,2224,5,644,2000,2024
Nycticorax nycticorax,2200,5,510,2000,2024
Dicrurus macrocercus,2178,5,481,2000,2024
Spodiopsar cineraceus,2151,5,568,2000,2024
Cyanopica cyanus,2143,5,475,2000,2024
Phylloscopus inornatus,2110,5,543,2000,2024
Phylloscopus proregulus,2092,5,570,2000,2024
Emberiza pusilla,2051,5,564,2000,2024
Corvus corone,2047,5,645,2000,2024
Chroicocephalus ridibundus,2034,5,582,2000,2024
Dendrocopos major,2027,5,537,2000,2024
Aegithalos concinnus,2023,5,378,2000,2024
Buteo japonicus,2013,5,641,2000,2024
Tringa ochropus,1977,5,621,2000,2024
Bubulcus coromandus,1974,5,474,2000,2024
Tarsiger cyanurus,1939,5,528,2000,2024
Spizixos semitorques,1900,5,338,2000,2024
Columba livia,1896,5,542,2000,2024
Accipiter nisus,1881,5,622,2000,2024
Anas carolinensis,1827,5,563,2000,2024
Charadrius dubius,1811,5,581,2000,2024
Himantopus himantopus,1807,5,561,2000,2024
Prinia inornata,1798,5,370,2000,2024
Emberiza spodocephala,1794,5,523,2000,2024
Picus canus,1781,5,516,2000,2024
Phylloscopus fuscatus,1767,5,509,2000,2024
Buteo hemilasius,1690,5,554,2000,2024
Spodiopsar sericeus,1673,5,358,2002,2024
Garrulus glandarius,1662,5,438,2000,2024
Sterna hirundo,1660,5,536,2000,2024
Columba rupestris,1647,5,499,2000,2024
Pomatorhinus ruficollis,1628,5,329,2000,2024
Mergus merganser,1607,5,520,2000,2024
Fringilla montifringilla,1599,5,517,2000,2024
Passer cinnamomeus,1598,5,434,2000,2024
Myophonus caeruleus,1596,5,373,2000,2024
Pyrrhocorax pyrrhocorax,1595,5,424,2000,2024
Saxicola stejnegeri,1582,5,464,2000,2024
Horornis fortipes,1581,5,347,2001,2024
Pardaliparus venustulus,1579,5,377,2000,2024
Streptopelia decaocto,1576,5,502,2000,2024
Pycnonotus xanthorrhous,1565,5,323,2000,2024
Eophona migratoria,1558,5,376,2000,2024
Emberiza elegans,1529,5,401,2000,2024
Mareca strepera,1506,5,510,2000,2024
Pterorhinus sannio,1505,5,303,2000,2024
Lonchura striata,1503,5,321,2000,2024
Tringa nebularia,1467,5,430,2000,2024
Motacilla tschutschensis,1460,5,517,2000,2024
Hypsipetes leucocephalus,1428,5,300,2000,2024
Urocissa erythroryncha,1411,5,398,2002,2024
Delichon dasypus,1397,5,391,2000,2024
Carpodacus erythrinus,1394,5,444,2000,2024
Tringa totanus,1392,5,443,2000,2024
Motacilla citreola,1386,5,509,2000,2024
Falco peregrinus,1359,5,457,2000,2024
Aythya ferina,1354,5,449,2000,2024
Vanellus cinereus,1354,5,431,2000,2024
Vanellus vanellus,1352,5,463,2000,2024
Tringa glareola,1345,5,467,2000,2024
Falco subbuteo,1326,5,493,2000,2024
Ixos mcclellandii,1326,5,296,2000,2024
Gallinago gallinago,1324,5,438,2000,2024
Lonchura punctulata,1314,5,294,2001,2024
Apus pacificus,1304,5,432,2000,2024
Apus nipalensis,1299,5,327,2000,2024
Eudynamys scolopaceus,1294,5,374,2000,2024
Chlidonias hybrida,1273,5,449,2000,2024
Oriolus chinensis,1251,5,401,2000,2024
Periparus ater,1247,5,357,2000,2024
Amaurornis phoenicurus,1236,5,337,2000,2024
Charadrius alexandrinus,1234,5,362,2000,2024
Apus apus,1233,5,400,2000,2024
Falco amurensis,1232,5,424,2000,2024
Spatula clypeata,1212,5,440,2000,2024
Aegithalos glaucogularis,1196,5,323,2000,2024
Abroscopus albogularis,1192,5,280,2001,2024
Cuculus micropterus,1191,5,418,2000,2024
Turdus eunomus,1184,5,363,2000,2024
Lanius tephronotus,1177,5,275,2000,2024
Emberiza cioides,1173,5,403,2000,2024
Phoenicurus ochruros,1167,5,327,2000,2024
Circus cyaneus,1164,5,462,2000,2024
Aythya fuligula,1155,5,413,2000,2024
Accipiter trivirgatus,1152,5,312,2000,2024
Mareca penelope,1145,5,396,2000,2024
Pernis ptilorhynchus,1145,5,404,2000,2024
Anthus richardi,1144,5,405,2000,2024
Leiothrix lutea,1143,5,260,2000,2024
Ficedula albicilla,1138,5,409,2000,2024
Anthus spinoletta,1134,5,434,2001,2024
Emberiza godlewskii,1134,5,304,2000,2024
Alauda gulgula,1129,5,335,2000,2024
Aythya nyroca,1128,5,396,2000,2024
Gyps himalayensis,1126,5,274,2000,2024
Anas acuta,1112,5,412,2000,2024
Ixobrychus sinensis,1112,5,343,2000,2024
Parus monticolus,1107,5,216,2000,2024
Alauda arvensis,1104,5,401,2000,2024
Dicrurus hottentottus,1102,5,305,2000,2024
Acrocephalus orientalis,1098,5,381,2000,2024
Enicurus leschenaulti,1089,5,274,2000,2024
Bambusicola thoracicus,1067,5,231,2001,2024
Elanus caeruleus,1063,5,284,2000,2024
Picumnus innominatus,1056,5,283,2001,2024
Recurvirostra avosetta,1054,5,350,2000,2024
Eremophila alpestris,1053,5,329,2000,2024
Turdus naumanni,1053,5,361,2001,2024
Monticola solitarius,1047,5,324,2000,2024
Hemixos castanonotus,1044,5,214,2000,2024
Anser anser,1040,5,368,2000,2024
Dicrurus leucophaeus,1039,5,288,2000,2024
Saxicola maurus,1036,5,384,2000,2024
Pycnonotus jocosus,1020,5,194,2000,2024
Mareca falcata,1016,5,359,2001,2024
Aix galericulata,1015,5,360,2000,2024
Tringa erythropus,1009,5,330,2000,2024
Stachyridopsis ruficeps,995,5,233,2000,2023
Riparia riparia,989,5,427,2000,2024
Phoenicurus frontalis,986,5,243,2000,2024
Tadorna tadorna,982,5,343,2000,2024
Corvus corax,973,5,336,2000,2024
Culicicapa ceylonensis,970,5,256,2000,2024
Yungipicus canicapillus,965,5,278,2000,2023
Muscicapa sibirica,962,5,340,2000,2024
Cinclus pallasii,951,5,263,2000,2024
Platalea leucorodia,949,5,338,2000,2024
Dendrocitta formosae,946,5,227,2000,2024
Chaimarrornis leucocephalus,940,5,237,2000,2023
Butorides striata,938,5,316,2000,2024
Trochalopteron elliotii,937,5,185,2000,2024
Turdus hortulorum,931,5,283,2002,2024
Troglodytes troglodytes,928,5,298,2000,2024
Cisticola juncidis,919,5,274,2000,2024
Gracupica nigricollis,919,5,200,2000,2024
Pycnonotus aurigaster,913,5,186,2001,2024
Phylloscopus humei,905,5,273,2000,2024
Circus spilonotus,899,5,326,2000,2024
Pericrocotus solaris,897,5,234,2000,2024
Cuculus sparverioides,889,5,259,2000,2023
Aquila chrysaetos,887,5,321,2000,2024
Ptyonoprogne rupestris,881,5,299,2000,2024
Anthus rubescens,873,5,300,2001,2024
Picoides canicapillus,871,4,345,2006,2024
Lanius sphenocercus,869,5,324,2001,2024
Psilopogon virens,868,5,233,2000,2024
Ceryle rudis,861,5,224,2000,2024
Halcyon smyrnensis,860,5,207,2000,2024
Regulus regulus,855,5,262,2000,2024
Sitta europaea,851,5,275,2000,2024
Garrulax canorus,845,5,274,2002,2024
Riparia diluta,841,5,306,2000,2024
Saxicola ferreus,831,5,242,2000,2024
Accipiter soloensis,830,5,257,2002,2024
Accipiter virgatus,830,5,292,2000,2024
Aethopyga christinae,829,5,202,2000,2024
Eumyias thalassinus,829,5,216,2000,2024
Prinia flaviventris,827,5,181,2002,2024
Athene noctua,824,5,292,2000,2024
Anthus roseatus,823,5,269,2000,2024
Phoenicurus hodgsoni,823,5,235,2000,2024
Accipiter gentilis,822,5,324,2000,2024
Anser indicus,820,5,276,2000,2024
Emberiza tristrami,817,5,253,2000,2024
Netta rufina,816,5,308,2000,2024
Corvus frugilegus,813,5,332,2001,2024
Orthotomus sutorius,813,5,157,2000,2024
Ciconia nigra,806,5,350,2001,2024
Phylloscopus borealis,803,5,308,2002,2024
Pericrocotus ethologus,802,5,203,2000,2024
Spatula querquedula,796,5,342,2000,2024
Ardea intermedia,793,4,338,2007,2024
Nucifraga caryocatactes,786,5,205,2000,2024
Ardea purpurea,784,5,275,2000,2024
Cyanoderma ruficeps,784,4,256,2005,2024
Streptopelia tranquebarica,783,5,294,2000,2024
Emberiza rustica,780,5,274,2001,2024
Limosa limosa,778,5,277,2000,2024
Spinus spinus,776,5,291,2002,2024
Chlidonias leucopterus,775,5,305,2000,2024
Ficedula zanthopygia,770,5,265,2000,2024
Glaucidium cuculoides,770,5,240,2000,2024
Pterorhinus perspicillatus,769,4,228,2005,2024
Egretta intermedia,763,5,226,2000,2023
Calidris temminckii,761,5,304,2001,2024
Phylloscopus claudiae,761,5,222,2000,2024
Emberiza chrysophrys,758,5,254,2000,2024
Emberiza pallasi,758,5,275,2000,2024
Larus brunnicephalus,758,5,278,2000,2024
Spilornis cheela,757,5,230,2000,2024
Centropus sinensis,756,5,168,2000,2024
Bucephala clangula,755,5,285,2000,2024
Tringa stagnatilis,752,5,265,2000,2024
Charadrius placidus,751,5,302,2000,2024
Glaucidium brodiei,751,5,225,2001,2024
Megaceryle lugubris,751,5,220,2000,2024
Larus ichthyaetus,749,5,275,2000,2024
Sturnus vulgaris,747,5,311,2000,2024
Anser cygnoides,746,5,245,2000,2024
Pseudopodoces humilis,743,5,180,2000,2024
Zosterops erythropleurus,731,5,252,2000,2024
Hierococcyx sparverioides,725,5,302,2003,2024
Phylloscopus trochiloides,724,5,218,2000,2024
Larus argentatus,721,5,220,2000,2023
Gypaetus barbatus,720,5,216,2000,2024
Turdus rubrocanus,719,5,165,2000,2024
Enicurus schistaceus,718,5,178,2000,2024
Linaria flavirostris,717,5,206,2000,2024
Caprimulgus jotaka,716,5,274,2000,2024
Eurystomus orientalis,713,5,215,2000,2024
Pericrocotus cantonensis,713,5,241,2002,2024
Podiceps nigricollis,712,5,270,2000,2024
Cuculus poliocephalus,710,5,252,2000,2024
Pandion haliaetus,707,5,278,2000,2024
Prunella strophiata,705,5,153,2000,2024
Poecile montanus,703,5,237,2000,2024
Passer domesticus,701,5,301,2000,2024
Muscicapa latirostris,699,5,237,2000,2023
Garrulax perspicillatus,697,5,156,2001,2023
Butastur indicus,692,5,257,2000,2024
Anser fabalis,687,5,277,2001,2024
Halcyon pileata,682,5,267,2000,2024
Enicurus scouleri,678,5,180,2000,2024
Pericrocotus speciosus,678,5,171,2000,2024
Cygnus cygnus,676,5,251,2002,2024
Acrocephalus bistrigiceps,672,5,259,2000,2024
Alcippe hueti,672,5,141,2000,2024
Phoenicurus erythrogastrus,670,5,234,2000,2024
Alcippe davidi,669,5,199,2001,2024
Dicaeum ignipectus,668,5,187,2000,2024
Emberiza fucata,668,5,266,2000,2024
Jynx torquilla,668,5,279,2000,2024
Larus vegae,668,4,300,2005,2024
Luscinia svecica,667,5,268,2000,2024
Dendronanthus indicus,664,5,240,2000,2024
Muscicapa dauurica,661,5,304,2003,2024
Prunella fulvescens,652,5,207,2000,2024
Remiz consobrinus,651,5,214,2000,2024
Phylloscopus pulcher,648,5,144,2000,2024
Turdus ruficollis,646,5,282,2000,2024
Coloeus dauuricus,644,5,207,2000,2023
Phylloscopus armandii,643,5,178,2000,2024
Phylloscopus coronatus,643,5,232,2000,2024
Calidris alpina,638,5,190,2000,2024
Cygnus columbianus,638,5,225,2000,2024
Numenius arquata,637,5,215,2000,2024
Otus sunia,635,5,239,2000,2024
Mergellus albellus,633,5,231,2001,2024
Pluvialis fulva,633,5,230,2000,2024
Oenanthe isabellina,632,5,230,2000,2024
Pyrgilauda ruficollis,629,5,157,2000,2024
Corvus pectoralis,628,5,202,2000,2024
Circus melanoleucos,623,5,266,2000,2024
Pnoepyga pusilla,622,5,182,2000,2024
Botaurus stellaris,620,5,246,2001,2024
Galerida cristata,620,5,263,2002,2024
Grus grus,613,5,239,2001,2024
Zoothera aurea,610,5,214,2000,2024
Phoenicurus leucocephalus,607,4,256,2009,2024
Pica bottanensis,605,5,177,2000,2024
Accipiter gularis,603,5,232,2000,2024
Centropus bengalensis,596,5,220,2001,2024
Sternula albifrons,589,5,230,2000,2024
Coturnix japonica,586,5,211,2000,2024
Blythipicus pyrrhotis,585,5,155,2002,2024
Aethopyga gouldiae,584,5,149,2000,2024
Grus nigricollis,584,5,163,2000,2024
Anthus cervinus,583,5,216,2000,2024
Phoenicurus schisticeps,582,5,132,2000,2024
Pyrrhula erythaca,572,5,122,2000,2024
Periparus rubidiventris,571,5,114,2000,2024
Alaudala cheleensis,570,5,225,2000,2024
Lanius tigrinus,569,5,224,2000,2024
Poecile palustris,564,5,217,2000,2024
Prunella rubeculoides,564,5,151,2000,2024
Onychostruthus taczanowskii,558,5,157,2000,2024
Oenanthe deserti,556,5,244,2000,2024
Phylloscopus yunnanensis,550,5,153,2000,2024
Phylloscopus affinis,549,5,157,2000,2024
Phylloscopus magnirostris,545,5,145,2000,2024
Corvus dauuricus,540,4,290,2005,2024
Calidris ruficollis,529,5,181,2000,2024
Erpornis zantholeuca,528,5,133,2000,2024
Paradoxornis gularis,528,5,145,2002,2024
Turdus obscurus,528,5,190,2000,2024
Ciconia boyciana,527,5,191,2000,2024
Monticola rufiventris,526,5,157,2000,2024
Muscicapa griseisticta,522,5,183,2001,2024
Turdus cardis,521,5,197,2003,2024
Turdus kessleri,521,5,111,2000,2024
Turdus pallidus,519,5,153,2001,2024
Cuculus saturatus,518,5,210,2001,2024
Oenanthe pleschanka,517,5,208,2000,2024
Otocichla mupinensis,515,5,155,2000,2024
Aquila nipalensis,514,5,234,2001,2024
Anser albifrons,510,5,202,2000,2024
Calidris subminuta,506,5,210,2000,2024
Lophura nycthemera,505,5,130,2000,2024
Ixobrychus cinnamomeus,502,5,200,2000,2024
Phylloscopus schwarzi,499,5,223,2000,2024
Coccothraustes coccothraustes,498,5,221,2002,2024
Carpodacus dubius,495,5,113,2000,2024
Cinclus cinclus,493,5,148,2000,2024
Pericrocotus divaricatus,493,5,210,2000,2024
Carpodacus pulcherrimus,492,5,124,2000,2024
Glareola maldivarum,490,5,185,2000,2024
Mycerobas carnipes,489,5,129,2000,2024
Luscinia calliope,488,5,172,2000,2023
Aviceda leuphotes,486,5,174,2002,2024
Lanius bucephalus,484,5,210,2000,2024
Phylloscopus plumbeitarsus,483,5,201,2000,2024
Phylloscopus subaffinis,477,5,167,2000,2024
Anser serrirostris,474,5,191,2001,2024
Pluvialis squatarola,474,5,151,2000,2024
Lophophanes dichrous,472,5,95,2000,2024
Otus lettia,472,5,176,2000,2024
Tichodroma muraria,472,5,176,2000,2024
Yuhina diademata,468,5,99,2000,2023
Yuhina torqueola,468,5,129,2000,2023
Phylloscopus forresti,467,5,106,2000,2024
Rhopophilus pekinensis,463,5,165,2001,2024
Staphida torqueola,463,5,174,2002,2024
Ficedula erithacus,460,5,127,2000,2024
Lanius isabellinus,459,5,207,2000,2024
Leucosticte nemoricola,459,5,153,2000,2024
Garrulax davidi,456,5,107,2000,2023
Emberiza leucocephalos,452,5,179,2000,2024
Gelochelidon nilotica,452,5,182,2000,2024
Horornis canturians,452,4,233,2007,2024
Hydrophasianus chirurgus,450,5,175,2002,2024
Calidris ferruginea,447,5,192,2000,2024
Cyanoptila cyanomelana,447,5,160,2000,2024
Numenius phaeopus,447,5,144,2000,2024
Ficedula mugimaki,446,5,153,2000,2024
Oenanthe oenanthe,446,5,173,2003,2024
Larvivora sibilans,445,5,147,2000,2024
Pomatorhinus gravivox,441,5,113,2000,2023
Lalage melaschistos,439,4,197,2005,2024
Sitta villosa,439,5,132,2000,2024
Hirundapus caudacutus,438,5,171,2000,2024
Emberiza rutila,435,5,177,2000,2024
Sibirionetta formosa,435,5,192,2003,2024
Leptopoecile sophiae,434,5,118,2000,2024
Rhipidura albicollis,431,5,85,2000,2024
Aegypius monachus,429,5,192,2000,2024
Phylloscopus ricketti,428,5,164,2000,2024
Tarsiger rufilatus,427,5,103,2000,2024
Larus crassirostris,425,5,106,2000,2024
Pica pica,424,5,185,2000,2024
Pyrrhocorax graculus,424,5,159,2000,2024
Turdus atrogularis,424,5,215,2000,2024
Aythya baeri,421,5,173,2002,2024
Buteo refectus,421,5,132,2001,2024
Zapornia akool,421,5,155,2004,2024
Apus salimalii,419,5,107,2000,2024
Yuhina nigrimenta,419,5,116,2000,2024
Aerodramus brevirostris,416,5,146,2000,2024
Minla cyanouroptera,416,5,98,2000,2023
Terpsiphone incei,416,5,189,2003,2024
Delichon urbicum,415,5,186,2002,2024
Seicercus castaniceps,415,5,119,2000,2023
Dendrocopos hyperythrus,410,5,149,2000,2024
Petronia petronia,410,5,129,2000,2024
Coracina melaschistos,408,5,138,2000,2023
Sitta nagaensis,408,5,87,2000,2024
Charadrius leschenaultii,407,5,156,2000,2024
Carpodacus sibiricus,406,5,180,2002,2024
Loxia curvirostra,405,5,176,2000,2024
Rallus indicus,405,5,172,2001,2024
Zosterops palpebrosus,404,5,100,2000,2024
Carpodacus rubicilloides,403,5,118,2001,2024
Falco cherrug,402,4,229,2003,2024
Carpodacus waltoni,399,5,115,2000,2024
Larus canus,397,5,162,2000,2024
Clamator coromandus,395,5,164,2000,2024
Hieraaetus pennatus,394,5,170,2001,2024
Chloropsis hardwickii,393,5,101,2002,2024
Bombycilla garrulus,391,5,204,2000,2024
Bubo bubo,390,5,196,2000,2024
Phylloscopus tenellipes,389,5,159,2000,2024
Heterophasia desgodinsi,387,5,100,2000,2024
Phylloscopus reguloides,387,5,106,2000,2024
Cacomantis merulinus,386,5,130,2001,2024
Calliope calliope,386,4,197,2007,2024
Ficedula strophiata,386,5,107,2000,2024
Emberiza schoeniclus,385,5,167,2001,2024
Scolopax rusticola,384,5,177,2001,2024
Horornis diphone,383,5,134,2000,2024
Garrulax pectoralis,382,5,96,2000,2023
Hydroprogne caspia,382,5,147,2000,2024
Bombycilla japonica,381,5,162,2000,2024
Calidris acuminata,381,5,141,2000,2024
Acridotheres tristis,380,5,148,2002,2024
Horornis acanthizoides,380,5,116,2000,2024
Rostratula benghalensis,380,4,164,2005,2024
Carpodacus vinaceus,377,5,97,2000,2024
Parus major,373,5,136,2001,2024
Leucosticte brandti,371,5,130,2000,2024
Dendrocopos leucotos,366,5,146,2001,2024
Eophona personata,366,5,153,2000,2024
Myiomela leucura,365,5,113,2000,2024
Pteruthius aeralatus,363,5,88,2001,2024
Urosphena squameiceps,360,5,134,2000,2024
Psilopogon faber,359,5,113,2000,2024
Xenus cinereus,359,5,131,2000,2024
Aegithalos caudatus,356,5,168,2004,2024
Pterorhinus davidi,356,4,146,2009,2024
Amaurornis akool,354,5,105,2001,2023
Montifringilla adamsi,354,5,111,2001,2024
Haliaeetus albicilla,353,5,158,2002,2024
Panurus biarmicus,353,5,134,2001,2024
Buteo rufinus,352,5,168,2000,2024
Babax lanceolatus,347,5,100,2000,2023
Prunella collaris,347,5,134,2000,2024
Mergus squamatus,345,5,136,2003,2024
Prinia superciliaris,345,5,103,2000,2024
Perdix hodgsoniae,344,5,108,2000,2024
Pericrocotus brevirostris,340,5,93,2000,2024
Prunella montanella,340,5,146,2001,2024
Certhia familiaris,339,5,142,2002,2024
Parus spilonotus,337,5,84,2000,2023
Emberiza aureola,336,4,189,2006,2024
Seicercus valentini,335,5,79,2000,2023
Chloropsis lazulina,334,5,137,2002,2024
Ithaginis cruentus,334,5,77,2000,2024
Cyanistes cyanus,330,5,121,2000,2024
Columba leuconota,329,5,111,2000,2024
Nisaetus nipalensis,329,5,109,2000,2024
Chloris ambigua,324,5,80,2000,2024
Grus virgo,323,5,138,2002,2024
Ictinaetus malayensis,323,5,86,2002,2023
Alectoris chukar,322,5,166,2001,2024
Ibidorhyncha struthersii,322,5,128,2000,2024
Lanius phoenicuroides,320,5,111,2003,2024
Turdus merula,320,5,120,2003,2024
Phylloscopus goodsoni,316,5,111,2001,2024
Chrysolophus pictus,313,5,101,2000,2024
Pterorhinus pectoralis,313,5,125,2002,2024
Agropsar sturninus,309,5,160,2000,2024
Sylviparus modestus,309,5,73,2000,2024
Falco columbarius,307,5,165,2000,2024
Aegithalos iouschistos,304,5,65,2000,2024
Ictinaetus malaiensis,304,3,128,2005,2024
Poecile weigoldicus,304,5,72,2000,2024
Certhia hodgsoni,302,5,70,2000,2024
Phylloscopus maculipennis,302,5,76,2001,2024
Fulvetta cinereiceps,301,5,70,2000,2024
Terpsiphone paradisi,301,5,118,2000,2023
Asio otus,300,5,149,2000,2024
Falco naumanni,299,5,127,2001,2024
Hodgsonius phoenicuroides,297,5,91,2000,2023
Trochalopteron affine,297,5,68,2000,2024
Asio flammeus,295,5,142,2001,2024
Turdus dissimilis,295,5,80,2000,2024
Muscicapa ferruginea,294,5,96,2000,2024
Niltava sundara,293,5,83,2000,2024
Lioparus chrysotis,290,5,69,2000,2024
Arenaria interpres,288,5,113,2000,2024
Erythrogenys gravivox,287,3,136,2011,2024
Emberiza siemsseni,285,5,83,2000,2024
Harpactes erythrocephalus,284,5,73,2002,2024
Ficedula tricolor,283,5,93,2000,2024
Minla ignotincta,282,5,73,2002,2024
Phylloscopus castaniceps,282,4,125,2007,2024
Carpodacus rubicilla,281,5,122,2000,2024
Pteruthius xanthochlorus,281,5,95,2000,2024
Dryobates cathpharius,280,5,76,2000,2024
Phylloscopus ogilviegranti,280,5,97,2001,2024
Sinosuthora alphonsiana,279,5,66,2000,2024
Anthus godlewskii,278,5,141,2000,2024
Mergus serrator,278,5,107,2000,2024
Niltava davidi,274,5,92,2001,2024
Numenius madagascariensis,273,5,93,2000,2024
Sturnia sinensis,273,5,88,2000,2024
Merops viridis,272,5,105,2002,2024
Garrulax maximus,269,5,59,2000,2023
Fringilla coelebs,268,5,108,2001,2024
Garrulax monileger,268,5,78,2003,2024
Hypothymis azurea,268,5,72,2001,2024
Melanocorypha maxima,267,5,86,2000,2024
Prunella immaculata,267,5,67,2000,2024
Turdus boulboul,265,5,95,2003,2024
Aythya marila,263,5,121,2004,2024
Fulvetta ruficapilla,263,5,74,2000,2024
Perdix dauurica,263,5,104,2000,2024
Calandrella acutirostris,262,5,92,2000,2024
Turdus viscivorus,261,5,78,2003,2024
Emberiza yessoensis,260,5,109,2000,2024
Poecile superciliosus,259,5,65,2000,2024
Seicercus tephrocephalus,259,5,72,2000,2023
Dicaeum minullum,257,5,101,2001,2024
Yuhina gularis,257,5,59,2000,2024
Locustella lanceolata,256,5,109,2000,2024
Platalea minor,256,5,90,2000,2024
Cyornis hainanus,255,5,80,2002,2024
Enicurus maculatus,255,5,67,2002,2024
Grus vipio,255,5,92,2001,2024
Limosa lapponica,252,5,92,2000,2024
Brachypteryx leucophris,251,5,82,2002,2024
Calidris pugnax,251,5,123,2002,2024
Carduelis carduelis,251,5,82,2000,2024
Ixobrychus eurhythmus,251,5,130,2002,2024
Pucrasia macrolopha,250,5,90,2000,2024
Surniculus lugubris,249,5,123,2002,2024
Syrrhaptes paradoxus,249,5,118,2000,2024
Emberiza lathami,247,5,98,2003,2024
Muscicapa muttui,247,5,109,2002,2024
Fulvetta vinipectus,246,5,53,2000,2024
Parayuhina diademata,246,4,89,2007,2024
Strix nivicolum,245,5,103,2001,2024
Gallinago stenura,244,5,139,2002,2024
Phyllergates cuculatus,244,5,64,2002,2023
Prinia hodgsonii,242,5,69,2000,2024
Columba hodgsonii,241,5,61,2000,2024
Tetraogallus tibetanus,240,5,85,2000,2024
Coracias garrulus,239,5,71,2001,2024
Montifringilla henrici,237,5,74,2000,2024
Larus fuscus,236,5,95,2001,2024
Luscinia cyane,236,5,77,2000,2023
Psilopogon asiaticus,236,5,52,2001,2024
Actinodura cyanouroptera,233,3,96,2012,2024
Alcippe dubia,233,5,63,2000,2023
Geokichla citrina,233,5,85,2002,2024
Passer ammodendri,232,5,109,2001,2024
Poecile hypermelaenus,232,5,85,2002,2024
Aegithalos fuliginosus,231,5,58,2002,2024
Charadrius mongolus,231,4,113,2007,2024
Pterorhinus lanceolatus,231,3,94,2012,2024
Monticola gularis,230,5,89,2000,2024
Iduna aedon,229,5,109,2000,2023
Cyornis whitei,226,5,67,2002,2024
Horornis flavolivaceus,226,5,71,2000,2024
Prinia striata,226,5,123,2002,2024
Tarsiger chrysaeus,226,5,60,2000,2024
Niltava macgrigoriae,225,5,74,2001,2024
Paradoxornis guttaticollis,225,5,91,2000,2024
Chalcophaps indica,224,5,71,2003,2024
Calidris alba,222,5,83,2000,2024
Larus relictus,221,5,83,2000,2024
Calidris tenuirostris,219,5,72,2000,2024
Chelidorhynx hypoxantha,219,5,54,2000,2023
Haematopus ostralegus,218,5,83,2000,2024
Alcippe brunnea,217,5,73,2000,2023
Calidris falcinellus,217,5,90,2000,2024
Pyrgilauda blanfordi,216,5,78,2000,2024
Dryocopus martius,215,5,84,2000,2024
Tragopan temminckii,215,5,56,2000,2024
Carpodacus roseus,214,5,104,2000,2024
Cettia castaneocoronata,214,5,60,2000,2024
Monticola saxatilis,214,5,91,2000,2024
Phylloscopus kansuensis,214,5,65,2000,2024
Grus monacha,213,5,80,2001,2024
Leptopoecile elegans,213,5,55,2000,2024
Chloris chloris,212,5,69,2003,2024
Locustella certhiola,212,5,108,2000,2023
Sylvia curruca,212,5,98,2000,2023
Pomatorhinus swinhoei,211,5,63,2000,2023
Rhodospiza obsoleta,211,5,102,2000,2024
Dicrurus aeneus,210,5,49,2001,2024
Ninox japonica,210,5,87,2000,2024
Otus spilocephalus,210,5,78,2000,2024
Phylloscopus occisinensis,209,3,87,2007,2024
Tringa brevipes,209,5,78,2001,2024
Cuculus optatus,207,5,109,2000,2024
Emberiza yunnanensis,206,3,114,2010,2024
Limnodromus semipalmatus,205,5,96,2000,2024
Gallinago megala,204,5,121,2003,2024
Geokichla sibirica,204,5,93,2000,2024
Locustella luteoventris,204,5,74,2002,2024
Buteo lagopus,203,5,105,2000,2024
Bucanetes mongolicus,201,5,95,2000,2024
Calandrella brachydactyla,201,5,94,2001,2024
Cygnus olor,201,4,94,2007,2024
Nettapus coromandelianus,201,4,99,2007,2024
Calidris minuta,200,5,110,2000,2024
Crossoptilon crossoptilon,199,5,46,2000,2024
Egretta eulophotes,199,4,68,2007,2024
Aethopyga saturata,198,5,44,2001,2024
Phylloscopus valentini,198,4,85,2009,2024
Erythrogenys swinhoei,197,4,87,2007,2024
Certhia himalayana,196,5,59,2000,2024
Dicaeum cruentatum,195,5,50,2000,2024
Elachura formosa,195,4,57,2007,2024
Yuhina occipitalis,195,5,49,2000,2024
Arundinax aedon,194,3,132,2010,2024
Locustella mandelli,194,5,80,2002,2024
Fulvetta striaticollis,191,5,46,2000,2024
Larus cachinnans,191,4,72,2007,2024
Machlolophus spilonotus,191,4,66,2006,2024
Clanga clanga,190,3,114,2011,2024
Micropternus brachyurus,190,5,56,2002,2024
Aquila fasciata,189,5,97,2002,2024
Spizixos canifrons,189,5,35,2000,2024
Ficedula narcissina,188,5,77,2004,2024
Cephalopyrus flammiceps,187,5,57,2000,2024
Merops apiaster,187,5,57,2001,2024
Motacilla flava,187,5,69,2001,2024
Paradoxornis heudei,187,4,82,2007,2024
Podoces hendersoni,187,5,88,2000,2024
Arachnothera magna,186,5,38,2001,2024
Alcippe fratercula,185,5,40,2000,2024
Anthus campestris,185,5,61,2001,2024
Hypsipetes amaurotis,185,4,74,2006,2024
Aquila heliaca,184,5,102,2002,2024
Buteo buteo,183,5,79,2002,2024
Linaria cannabina,183,5,62,2001,2024
Pycnonotus cafer,183,5,37,2002,2024
Grus japonensis,182,5,63,2000,2024
Ixobrychus flavicollis,182,4,85,2007,2024
Otis tarda,182,5,72,2002,2024
Calidris canutus,181,5,69,2000,2024
Schoeniparus brunneus,181,3,98,2011,2024
Artamus fuscus,180,5,59,2002,2024
Chrysolophus amherstiae,180,5,47,2000,2024
Ficedula hyperythra,180,5,61,2000,2024
Rhopodytes tristis,180,5,47,2001,2023
Anser erythropus,179,5,78,2002,2024
Phalaropus lobatus,179,5,102,2000,2024
Tarsiger indicus,179,5,56,2000,2024
Locustella thoracica,177,5,49,2000,2024
Numenius minutus,177,5,78,2002,2024
Alophoixus pallidus,176,5,31,2001,2024
Luscinia megarhynchos,175,5,52,2001,2024
Pastor roseus,175,5,69,2001,2024
Procarduelis nipalensis,175,5,51,2000,2024
Sitta przewalskii,175,5,42,2000,2024
Accipiter badius,174,5,71,2002,2024
Aethopyga siparaja,174,5,46,2002,2024
Columba oenas,174,5,69,2004,2024
Ianthocincla maxima,173,3,64,2012,2024
Lanius giganteus,173,5,66,2000,2024
Carpodacus davidianus,171,5,63,2002,2024
Chroicocephalus saundersi,170,5,53,2000,2023
Locustella davidi,170,5,67,2002,2024
Phylloscopus collybita,170,4,81,2007,2024
Pyrrhula nipalensis,170,5,63,2001,2024
Minla strigula,168,5,44,2000,2023
Hemipus picatus,166,5,37,2001,2024
Acanthis flammea,165,4,97,2009,2024
Crossoptilon auritum,165,5,41,2000,2024
Larvivora cyane,164,4,95,2009,2024
Cypsiurus balasiensis,163,5,37,2001,2024
Pycnonotus flaviventris,162,5,30,2001,2023
Francolinus pintadeanus,161,5,70,2000,2024
Helopsaltes certhiola,161,3,101,2010,2024
Spinus thibetanus,161,5,45,2000,2024
Yuhina flavicollis,161,5,40,2001,2024
Zoothera dixoni,161,5,46,2000,2024
Carpodacus trifasciatus,160,5,39,2000,2024
Dendrocopos darjellensis,158,5,37,2000,2024
Luscinia phaenicuroides,158,4,70,2009,2024
Mycerobas affinis,158,5,39,2002,2024
Anthus trivialis,157,4,63,2008,2024
Podiceps auritus,157,5,83,2003,2024
Saundersilarus saundersi,157,3,76,2013,2024
Calcarius lapponicus,156,5,80,2003,2024
Charadrius atrifrons,156,3,93,2010,2024
Gallicrex cinerea,155,5,92,2002,2024
Macropygia unchall,155,5,51,2002,2024
Prinia rufescens,155,5,56,2002,2024
Treron sphenurus,155,5,45,2000,2024
Muscicapa striata,154,5,52,2001,2024
Cyornis glaucicomans,153,5,57,2000,2024
Ficedula elisae,153,5,50,2000,2024
Pericrocotus roseus,153,5,49,2001,2024
Arborophila gingica,151,5,44,2002,2024
Pyrrhula pyrrhula,151,4,82,2005,2024
Charadrius veredus,150,4,77,2005,2024
Strix leptogrammica,150,4,58,2006,2024
Copsychus malabaricus,149,5,38,2001,2024
Tephrodornis virgatus,149,5,45,2003,2024
Carpodacus puniceus,148,5,65,2000,2024
Lanius collurioides,148,5,50,2002,2024
Phylloscopus tephrocephalus,148,3,79,2014,2024
Abroscopus superciliaris,147,5,36,2001,2024
Aviceda jerdoni,147,4,70,2006,2024
Dryobates minor,147,4,71,2005,2024
Melanocorypha mongolica,147,3,86,2013,2024
Picoides tridactylus,147,5,54,2000,2024
Seicercus omeiensis,147,5,39,2000,2023
Sitta frontalis,147,5,33,2001,2024
Acrocephalus arundinaceus,146,5,48,2001,2024
Merops philippinus,146,5,46,2002,2024
Turdus maximus,146,5,59,2000,2024
Curruca curruca,144,3,84,2011,2024
Oriolus traillii,144,5,34,2002,2024
Suthora verreauxi,144,5,38,2002,2024
Dendrocopos leucopterus,143,5,58,2001,2024
Garrulax albogularis,143,5,52,2001,2023
Neosuthora davidiana,143,5,45,2004,2024
Melanochlora sultanea,142,5,31,2003,2024
Phylloscopus intensior,142,5,44,2002,2024
Zapornia fusca,142,5,95,2002,2024
Garrulax ocellatus,141,5,42,2000,2023
Serinus pusillus,141,5,62,2002,2024
Alectoris magna,139,5,36,2001,2024
Seicercus soror,139,5,56,2002,2023
Sinosuthora conspicillata,139,5,41,2000,2024
Acrocephalus agricola,138,5,57,2001,2024
Calliope tschebaiewi,137,5,48,2000,2024
Seicercus affinis,137,5,58,2002,2023
Saxicola caprata,136,5,37,2000,2024
Trochalopteron henrici,136,5,40,2000,2024
Phoenicurus erythronotus,135,5,65,2003,2024
Grus leucogeranus,133,5,44,2000,2023
Dupetor flavicollis,132,5,57,2001,2023
Cecropis striolata,131,5,47,2002,2024
Cettia brunnifrons,131,5,44,2000,2024
Ficedula westermanni,131,5,40,2002,2024
Pnoepyga albiventer,131,5,28,2000,2024
Pelecanus crispus,130,5,64,2001,2024
Aquila clanga,129,5,65,2000,2023
Anthus rufulus,127,5,60,2000,2024
Circaetus gallicus,126,5,65,2001,2024
Phoenicurus alaschanicus,126,5,42,2000,2024
Pterorhinus chinensis,126,4,45,2005,2024
Anthus gustavi,125,5,59,2001,2024
Curruca communis,125,3,55,2011,2024
Leucogeranus leucogeranus,125,4,58,2004,2024
Pterorhinus berthemyi,125,4,53,2009,2024
Tesia cyaniventer,125,5,34,2001,2024
Coracina macei,123,5,48,2000,2024
Gallus gallus,123,5,44,2003,2024
Urocynchramus pylzowi,123,5,42,2000,2024
Niltava grandis,122,5,31,2002,2024
Sasia ochracea,122,4,36,2006,2024
Conostoma aemodium,121,5,24,2000,2024
Syrmaticus ellioti,121,5,44,2002,2024
Lanius excubitor,119,5,62,2001,2024
Phyllergates cucullatus,119,3,45,2012,2024
Phylloscopus emeiensis,119,5,35,2002,2024
Carpodacus subhimachalus,118,5,42,2000,2024
Certhia tianquanensis,118,5,26,2000,2024
Emberiza bruniceps,118,5,48,2001,2024
Phylloscopus soror,118,3,60,2007,2024
Abroscopus schisticeps,117,5,30,2001,2024
Aethopyga nipalensis,117,5,33,2002,2024
Ixobrychus minutus,117,4,41,2007,2024
Cygnus atratus,116,4,56,2009,2023
Porzana fusca,116,5,61,2000,2023
Stachyris nigriceps,115,5,21,2003,2024
Lanius collurio,114,5,43,2001,2024
Luscinia brunnea,113,5,35,2000,2023
Psarisomus dalhousiae,113,5,20,2002,2024
Terpsiphone atrocaudata,113,3,46,2012,2024
Ianthocincla lunulata,112,5,32,2000,2024
Lanius borealis,112,4,66,2007,2024
Acrocephalus dumetorum,111,4,45,2007,2024
Staphida castaniceps,111,5,34,2002,2024
Trochalopteron milnei,111,5,25,2002,2024
Ianthocincla cineracea,110,3,60,2009,2024
Ianthocincla ocellata,110,2,38,2015,2024
Dicaeum melanozanthum,109,5,42,2003,2024
Phoenicurus phoenicurus,109,4,48,2008,2024
Riparia chinensis,109,5,28,2001,2024
Streptopelia turtur,109,5,45,2001,2024
Turdus feae,109,5,28,2000,2024
Nyctyornis athertoni,108,5,23,2003,2024
Phylloscopus intermedius,108,3,52,2013,2024
Psilopogon franklinii,108,5,27,2002,2024
Fulvetta manipurensis,107,5,32,2000,2024
Grandala coelicolor,107,5,42,2000,2024
Carpodacus verreauxii,106,5,35,2002,2024
Emberiza cia,106,5,55,2001,2024
Poecile davidi,106,5,26,2000,2024
Rallus aquaticus,106,4,60,2007,2024
Sylvia communis,106,5,40,2001,2023
Carpodacus edwardsii,105,5,30,2002,2024
Circus aeruginosus,105,5,63,2001,2024
Carpodacus lepidus,103,3,59,2012,2024
Emberiza buchanani,103,5,44,2001,2024
Hemixos flavala,103,4,18,2005,2024
Pterorhinus albogularis,103,3,42,2012,2024
Sitta yunnanensis,103,5,33,2000,2024
Sturnia malabarica,103,5,36,2002,2024
Treron sieboldii,103,4,48,2005,2024
Locustella chengi,102,5,32,2004,2024
Rhinomyias brunneatus,102,5,41,2002,2023
Lanius minor,101,5,38,2001,2024
Cyanoptila cumatilis,100,4,42,2007,2024
Trochalopteron formosum,100,5,18,2000,2024
Turdus albocinctus,100,5,29,2001,2024
Iduna caligata,99,5,40,2001,2024
Remiz coronatus,99,5,44,2001,2024
Sitta himalayensis,99,5,33,2002,2024
Tetrastes sewerzowi,99,5,24,2000,2024
Zoothera dauma,99,5,44,2001,2024
Zoothera mollissima,99,5,32,2002,2024
Tragopan caboti,98,5,27,2002,2024
Turnix tanki,98,5,59,2000,2024
Chrysococcyx maculatus,97,4,44,2006,2024
Prunella atrogularis,97,4,47,2007,2024
Pteruthius melanotis,97,5,25,2002,2024
Stachyridopsis chrysaea,97,5,18,2002,2023
Aethopyga ignicauda,95,5,27,2000,2024
Chrysophlegma flavinucha,95,5,20,2003,2024
Urocissa flavirostris,95,5,28,2001,2024
Actinodura egertoni,94,5,13,2002,2024
Cinnyris jugularis,94,4,29,2005,2024
Pitta nympha,94,3,50,2012,2024
Pycnonotus flavescens,94,5,18,2002,2024
Tyto longimembris,94,5,46,2000,2024
Cisticola exilis,93,4,46,2009,2024
Macronus gularis,93,5,16,2002,2023
Tringa guttifer,93,4,45,2005,2024
Corvus monedula,92,2,47,2015,2024
Cyornis brunneatus,92,3,50,2012,2024
Passer hispaniolensis,92,5,49,2001,2024
Charadrius dealbatus,91,2,56,2015,2024
Oriolus oriolus,91,4,37,2001,2024
Gallinago solitaria,90,5,49,2004,2024
Picus chlorolophus,90,5,18,2003,2024
Pyrgilauda davidiana,90,5,23,2000,2024
Spilopelia senegalensis,90,5,41,2000,2024
Turdus pilaris,90,4,32,2008,2024
Alcippe castaneceps,89,5,27,2001,2023
Curruca minula,89,2,59,2015,2024
Emberiza hortulana,89,4,33,2006,2024
Chlidonias niger,88,5,36,2001,2024
Haliaeetus leucoryphus,88,5,47,2000,2024
Zapornia pusilla,88,3,52,2014,2024
Caprimulgus europaeus,87,5,40,2001,2024
Cyornis unicolor,87,5,34,2002,2024
Cettia major,86,5,27,2000,2024
Dicrurus paradiseus,86,5,18,2002,2024
Acrocephalus concinens,85,4,55,2006,2024
Carpodacus roborowskii,85,5,27,2000,2024
Timalia pileata,85,4,27,2007,2024
Psilopogon haemacephalus,84,5,15,2002,2024
Pycnonotus striatus,84,5,15,2002,2023
Tetraophasis obscurus,84,5,21,2000,2024
Dicrurus remifer,83,4,16,2005,2024
Suthora fulvifrons,83,5,21,2000,2024
Tetraophasis szechenyii,83,5,22,2000,2024
Dicrurus annectens,82,5,27,2002,2024
Nipponia nippon,82,5,23,2002,2024
Pellorneum ruficeps,82,5,14,2002,2023
Brachypteryx montana,81,5,25,2002,2023
Cholornis unicolor,81,5,21,2000,2024
Phylloscopus chloronotus,81,5,33,2001,2024
Phylloscopus fuligiventer,81,5,28,2002,2024
Tetrastes bonasia,81,5,41,2000,2024
Thalasseus bergii,81,3,34,2012,2024
Gallirallus striatus,80,5,47,2003,2023
Otus scops,80,4,29,2006,2024
Phaenicophaeus tristis,80,4,28,2006,2024
Aegithina tiphia,79,5,14,2001,2023
Caprimulgus affinis,79,4,33,2006,2024
Carpodacus thura,79,5,28,2004,2024
Emberiza citrinella,79,3,35,2014,2024
Ficedula parva,79,4,45,2001,2024
Mycerobas melanozanthos,79,5,35,2003,2024
Rallina eurizonoides,79,3,51,2010,2024
Heterophasia pulchella,78,5,19,2001,2024
Plegadis falcinellus,78,4,63,2004,2024
Curruca nisoria,77,3,43,2011,2024
Locustella tacsanowskia,77,5,42,2001,2024
Serilophus lunatus,77,5,14,2003,2024
Anastomus oscitans,76,4,28,2007,2024
Iduna rama,76,4,38,2008,2024
Porphyrio porphyrio,76,5,18,2003,2023
Sterna sumatrana,76,3,32,2000,2024
Turdus chrysolaus,76,4,42,2004,2024
Moupinia poecilotis,75,5,24,2000,2024
Rissa tridactyla,75,4,46,2007,2024
Sylvia nisoria,75,5,30,2001,2023
Aegithalos bonvaloti,74,3,39,2012,2024
Pterocles orientalis,74,5,30,2001,2024
Clangula hyemalis,73,4,44,2004,2024
Cuculus nisicolor,73,5,45,2002,2023
Delichon nipalense,73,5,25,2000,2024
Ducula badia,73,5,19,2003,2024
Iole propinqua,73,5,15,2001,2024
Ketupa flavipes,73,5,28,2002,2024
Schoeniparus dubius,73,3,40,2014,2024
Sitta cinnamoventris,73,5,25,2001,2024
Chrysomma sinense,72,4,16,2005,2024
Stachyris strialata,72,5,19,2003,2024
Anas poecilorhyncha,71,5,19,2002,2024
Brachypteryx sinensis,71,5,35,2002,2024
Calidris pygmaea,71,4,22,2002,2024
Phylloscopus omeiensis,71,2,36,2016,2024
Porzana pusilla,71,5,32,2000,2023
Carpodacus stoliczkae,70,5,19,2000,2024
Egretta sacra,70,5,24,2000,2024
Seicercus poliogenys,70,4,21,2007,2023
Sinosuthora brunnea,70,5,15,2000,2024
Columba palumbus,69,4,28,2001,2024
Coturnix coturnix,69,5,30,2001,2024
Napothera brevicaudata,69,4,17,2005,2023
Syrrhaptes tibetanus,69,5,38,2000,2024
Tesia olivea,69,4,17,2005,2024
Cettia cetti,68,4,26,2007,2024
Phoenicurus coeruleocephala,68,4,31,2003,2024
Picoides kizuki,68,4,37,2007,2024
Alophoixus flaveolus,67,5,14,2002,2024
Ficedula superciliaris,67,5,28,2001,2024
Melanitta stejnegeri,67,5,43,2002,2024
Prinia crinigera,67,5,24,2002,2024
Chloropsis moluccensis,66,5,10,2001,2023
Heterophasia picaoides,66,5,10,2003,2023
Tarsiger albocoeruleus,66,4,41,2009,2024
Perisoreus internigrans,65,5,16,2000,2024
Turnix suscitator,65,5,40,2003,2024
Garrulax sukatschewi,64,5,14,2002,2023
Leiothrix argentauris,64,3,24,2012,2024
Lewinia striata,64,2,33,2015,2024
Pellorneum tickelli,64,5,15,2002,2024
Phylloscopus borealoides,64,3,31,2014,2024
Urocissa whiteheadi,64,5,13,2004,2024
Alcippe poioicephala,63,5,14,2001,2023
Anthus sylvanus,63,5,43,2002,2024
Emberiza koslowi,63,5,15,2000,2024
Otus semitorques,63,4,41,2000,2024
Strix uralensis,63,4,35,2005,2024
Dendrocygna javanica,62,4,27,2006,2024
Phylloscopus examinandus,62,3,30,2011,2024
Erithacus akahige,61,5,25,2002,2023
Megalurus palustris,61,5,20,2002,2024
Phalacrocorax capillatus,61,3,33,2011,2024
Prunella himalayana,61,4,28,2009,2024
Calandrella dukhunensis,60,4,49,2006,2024
Larus schistisagus,60,5,35,2002,2024
Phylloscopus griseolus,60,4,38,2008,2024
Podoces biddulphi,60,5,28,2001,2024
Coloeus monedula,59,5,24,2001,2023
Cuculus hyperythrus,59,5,25,2002,2023
Liocichla ripponi,59,5,10,2004,2024
Trochalopteron erythrocephalum,59,5,16,2001,2024
Certhia nipalensis,58,4,17,2005,2024
Ficedula sapphira,58,5,24,2002,2024
Garrulax maesi,58,5,25,2002,2024
Gorsachius magnificus,58,5,31,2001,2024
Heterophasia annectans,58,5,12,2001,2023
Oriolus kundoo,58,3,31,2011,2024
Oriolus tenuirostris,58,4,17,2007,2024
Gorsachius melanolophus,57,2,28,2016,2024
Lyrurus tetrix,57,3,26,2013,2024
Acrocephalus scirpaceus,56,5,24,2001,2024
Apus cooki,56,3,33,2011,2024
Gecinulus grantia,56,4,20,2009,2024
Luscinia pectardens,56,5,16,2000,2023
Acrocephalus stentoreus,55,4,17,2002,2024
Agraphospiza rubescens,55,5,28,2002,2024
Anthus pratensis,55,4,33,2004,2024
Heterophasia gracilis,55,4,9,2005,2023
Yungipicus kizuki,55,4,22,2009,2023
Dendrocopos atratus,54,4,11,2006,2024
Carpodacus sipahi,53,5,21,2001,2024
Crossoptilon harmani,53,5,18,2000,2024
Heterophasia capistrata,53,5,16,2001,2024
Orthotomus atrogularis,53,4,15,2006,2024
Pomatorhinus ochraceiceps,53,5,10,2003,2024
Pteruthius intermedius,53,5,20,2001,2024
Arachnothera longirostra,52,5,16,2002,2024
Bambusicola fytchii,52,5,20,2001,2024
Locustella pryeri,52,5,26,2001,2023
Onychoprion anaethetus,52,4,25,2000,2024
Oxyura leucocephala,52,4,23,2007,2024
Porphyrio poliocephalus,52,2,18,2016,2024
Syrmaticus reevesii,52,4,19,2008,2024
Emberiza calandra,51,4,28,2001,2024
Hierococcyx nisicolor,51,2,37,2018,2024
Limnodromus scolopaceus,51,4,35,2003,2024
Arborophila rufogularis,50,4,17,2005,2024
Podiceps grisegena,50,4,39,2005,2024
Treron curvirostra,50,5,18,2004,2024
Gracula religiosa,49,5,20,2000,2024
Microhierax melanoleucos,49,5,11,2002,2024
Montifringilla nivalis,49,3,31,2011,2024
Ninox scutulata,49,5,25,2002,2024
Porzana bicolor,49,4,19,2007,2023
Trochalopteron chrysopterum,49,5,10,2002,2024
Arborophila torqueola,48,5,17,2002,2024
Babax koslowi,48,5,7,2000,2023
Emberiza jankowskii,48,5,20,2003,2024
Emberiza sulphurata,48,4,21,2008,2024
Garrulax leucolophus,48,4,15,2009,2024
Lerwa lerwa,48,5,14,2002,2024
Locustella luscinioides,48,5,19,2001,2024
Babax waddelli,47,5,14,2000,2023
Carpodacus rhodochlamys,47,3,30,2010,2024
Falco vespertinus,47,3,20,2012,2024
Phylloscopus xanthoschistos,47,5,14,2001,2024
Suthora nipalensis,47,5,12,2002,2024
Chelidorhynx hypoxanthus,46,2,20,2019,2024
Cissa hypoleuca,46,5,9,2003,2024
Crossoptilon mantchuricum,46,5,9,2001,2024
Hierococcyx hyperythrus,46,3,33,2013,2024
Psittiparus bakeri,46,4,9,2005,2024
Trochalopteron squamatum,46,4,11,2007,2024
Bubo scandiacus,45,3,16,2013,2024
Burhinus oedicnemus,45,4,19,2008,2024
Cacomantis sonneratii,45,4,14,2008,2024
Cholornis paradoxa,45,5,14,2000,2023
Gavia arctica,45,4,31,2007,2024
Acridotheres grandis,44,5,20,2002,2024
Erithacus rubecula,44,4,24,2007,2024
Lophura leucomelanos,44,4,11,2001,2024
Merops orientalis,44,4,16,2007,2024
Phylloscopus cantator,44,4,14,2006,2024
Alcippe nipalensis,43,3,9,2013,2024
Chloropsis aurifrons,43,5,12,2002,2024
Cinnyris asiaticus,43,4,11,2001,2023
Larus hyperboreus,43,3,20,2010,2024
Larvivora brunnea,43,3,27,2014,2024
Lophophorus lhuysii,43,5,14,2000,2024
Parus cinereus,43,5,7,2004,2023
Sterna dougallii,43,4,20,2000,2024
Tetraogallus himalayensis,43,3,25,2011,2024
Emberiza personata,42,4,32,2006,2024
Glareola pratincola,42,4,18,2001,2024
Hydrocoloeus minutus,42,4,29,2007,2024
Larus genei,42,4,26,2007,2024
Lophophorus impejanus,42,4,10,2001,2024
Pinicola enucleator,42,4,24,2005,2024
Pomatorhinus hypoleucos,42,5,11,2003,2023
Psilopogon duvaucelii,42,5,11,2001,2023
Pterorhinus waddelli,42,3,18,2010,2024
Trochalopteron subunicolor,42,4,12,2006,2024
Acrocephalus tangorum,41,5,28,2004,2024
Anser caerulescens,41,3,18,2010,2024
Anthipes monileger,41,4,12,2007,2024
Chloris spinoides,41,5,12,2001,2024
Emberiza melanocephala,41,3,30,2010,2024
Phoenicopterus roseus,41,2,26,2015,2024
Poecile varius,41,4,18,2007,2023
Pteruthius rufiventer,41,5,12,2002,2024
Rubigula flaviventris,41,4,12,2006,2024
Carpodacus rodopeplus,40,5,15,2001,2024
Enicurus immaculatus,40,5,14,2002,2024
Garrulax striatus,40,5,11,2001,2023
Pelecanus onocrotalus,40,4,26,2008,2024
Pellorneum albiventre,40,4,12,2005,2024
Rhopophilus albosuperciliaris,40,2,30,2018,2024
Vanellus duvaucelii,40,4,9,2007,2024
Certhia manipurensis,39,5,8,2002,2023
Circus pygargus,39,4,18,2008,2024
Cutia nipalensis,39,5,11,2002,2024
Helopsaltes pryeri,39,3,21,2008,2024
Plectrophenax nivalis,39,3,16,2013,2024
Urosphena pallidipes,39,4,19,2008,2023
Actinodura waldeni,38,4,10,2005,2024
Caprimulgus macrurus,38,5,17,2002,2024
Chalcoparia singalensis,38,5,13,2002,2023
Coracias affinis,38,4,19,2002,2024
Helopsaltes fasciolatus,38,3,30,2012,2024
Larvivora akahige,38,3,19,2012,2024
Sinosuthora zappeyi,38,5,9,2004,2024
Acanthis hornemanni,37,3,24,2013,2024
Acridotheres albocinctus,37,4,5,2007,2023
Actinodura souliei,37,5,13,2002,2024
Chleuasicus atrosuperciliaris,37,5,6,2002,2024
Gampsorhynchus rufulus,37,5,6,2003,2023
Leucosticte arctoa,37,3,14,2013,2024
Psittacula finschii,37,5,15,2002,2024
Trochalopteron variegatum,37,5,7,2001,2024
Charadrius hiaticula,36,4,25,2009,2024
Indicator xanthonotus,36,4,11,2005,2024
Pyrrhula erythrocephala,36,3,9,2010,2024
Alcedo hercules,35,5,15,2001,2024
Alcippe cinerea,35,5,9,2002,2023
Myzornis pyrrhoura,35,4,8,2002,2024
Treron apicauda,35,4,8,2008,2023
Carpodacus rodochroa,34,4,12,2009,2024
Falco severus,34,3,9,2013,2024
Hemiprocne coronata,34,5,10,2002,2024
Hirundapus cochinchinensis,34,3,21,2011,2024
Microcarbo niger,34,5,9,2002,2024
Niltava oatesi,34,5,21,2000,2024
Pyrrhoplectes epauletta,34,4,10,2006,2024
Sittiparus varius,34,2,22,2010,2024
Trochalopteron lineatum,34,5,7,2001,2024
Zoothera salimalii,34,4,13,2005,2024
Arborophila brunneopectus,33,3,8,2013,2024
Cholornis paradoxus,33,3,15,2009,2024
Dicaeum chrysorrheum,33,4,10,2006,2023
Ficedula hodgsoni,33,4,13,2005,2024
Lonchura atricapilla,33,4,15,2006,2024
Mixornis gularis,33,4,10,2006,2024
Phylloscopus whistleri,33,2,14,2018,2024
Psittacula derbiana,33,3,14,2012,2024
Spelaeornis troglodytoides,33,5,13,2002,2024
Cairina moschata,32,3,22,2014,2023
Corvus cornix,32,2,25,2017,2024
Corvus splendens,32,5,23,2001,2024
Garrulax ruficollis,32,5,6,2002,2023
Ianthocincla sukatschewi,32,3,12,2009,2024
Napothera epilepidota,32,5,10,2002,2024
Psittacula eupatria,32,3,13,2013,2024
Thalasseus bernsteini,32,3,16,2010,2024
Zoothera marginata,32,5,8,2001,2023
Actinodura strigula,31,3,13,2013,2024
Calidris melanotos,31,4,24,2007,2024
Circus macrourus,31,4,15,2008,2024
Curruca nana,31,2,20,2015,2024
Irena puella,31,5,9,2002,2023
Phylloscopus hainanus,31,5,6,2003,2024
Anthracoceros albirostris,30,4,8,2009,2024
Bambusicola sonorivox,30,2,19,2016,2024
Garrulax caerulatus,30,4,7,2005,2023
Heteroxenicus stellatus,30,5,14,2003,2024
Locustella naevia,30,2,19,2015,2024
Microcarbo pygmaeus,30,2,13,2018,2024
Calonectris leucomelas,29,4,20,2005,2024
Cissa chinensis,29,3,12,2013,2024
Gavia stellata,29,4,19,2008,2024
Hemitesia pallidipes,29,2,15,2015,2024
Phylloscopus burkii,29,3,19,2014,2024
Pomatorhinus phayrei,29,5,9,2002,2023
Prinia atrogularis,29,2,21,2018,2024
Seicercus whistleri,29,4,14,2007,2023
Sitta magna,29,5,11,2002,2024
Sylvia nana,29,5,15,2001,2023
Tarsiger hyperythrus,29,4,12,2003,2024
Vanellus indicus,29,4,8,2002,2023
Calliope pectoralis,28,3,19,2014,2024
Garrulax castanotis,28,5,6,2003,2024
Grus canadensis,28,4,14,2007,2024
Phylloscopus calciatilis,28,3,8,2011,2024
Phylloscopus sindianus,28,3,16,2011,2024
Pomatorhinus superciliaris,28,4,6,2007,2024
Pterorhinus koslowi,28,2,8,2015,2024
Tickellia hodgsoni,28,5,11,2002,2024
Aegithina lafresnayei,27,5,3,2002,2023
Dendrocitta frontalis,27,2,7,2015,2024
Horornis brunnescens,27,2,10,2018,2024
Melanocorypha yeltoniensis,27,2,14,2018,2024
Strix nebulosa,27,2,13,2016,2024
Aegolius funereus,26,4,13,2009,2024
Aerodramus fuciphagus,26,1,15,2020,2024
Arborophila ardens,26,5,3,2003,2024
Brachypteryx cruralis,26,2,12,2018,2024
Crex crex,26,4,14,2001,2024
Hypogramma hypogrammicum,26,4,7,2006,2023
Alcippe variegaticeps,25,4,7,2005,2023
Branta bernicla,25,3,19,2010,2024
Hirundo tahitica,25,2,11,2016,2024
Otus brucei,25,3,15,2001,2024
Pericrocotus tegimae,25,2,17,2014,2024
Perisoreus infaustus,25,3,11,2012,2024
Surnia ulula,25,2,9,2015,2024
Actinodura ramsayi,24,4,12,2006,2024
Calliope pectardens,24,2,13,2015,2024
Cyanoderma chrysaeum,24,2,8,2015,2024
Cyornis concretus,24,4,8,2007,2023
Merops leschenaulti,24,5,7,2002,2023
Psilopogon nuchalis,24,2,8,2016,2024
Sitta solangiae,24,5,3,2003,2024
Turdus philomelos,24,4,8,2008,2024
Cochoa viridis,23,3,11,2006,2024
Fregata ariel,23,4,17,2007,2024
Melanocorypha bimaculata,23,4,13,2001,2024
Melanocorypha calandra,23,2,8,2018,2024
Prunella koslowi,23,3,9,2011,2024
Spelaeornis reptatus,23,4,5,2005,2023
Syrmaticus humiae,23,4,10,2007,2023
Zoothera griseiceps,23,2,11,2017,2024
Bubo nipalensis,22,4,9,2006,2024
Cochoa purpurea,22,4,11,2000,2024
Gypsophila brevicaudata,22,4,6,2006,2024
Ketupa zeylonensis,22,2,13,2016,2023
Liocichla omeiensis,22,4,6,2003,2024
Phylloscopus poliogenys,22,3,9,2014,2024
Polyplectron bicalcaratum,22,3,6,2011,2024
Temnurus temnurus,22,4,4,2007,2024
Turdus iliacus,22,2,10,2016,2024
Agropsar philippensis,21,3,18,2010,2024
Certhia discolor,21,3,6,2001,2024
Chrysocolaptes guttacristatus,21,3,8,2013,2023
Gallinago nemoricola,21,5,5,2000,2024
Hydrornis soror,21,2,5,2015,2024
Mareca americana,21,1,14,2020,2024
Picus squamatus,21,3,4,2001,2024
Pitta soror,21,5,4,2003,2023
Yuhina bakeri,21,4,6,2009,2023
Branta ruficollis,20,2,16,2018,2024
Chlamydotis macqueenii,20,3,10,2006,2024
Fulvetta ludlowi,20,3,6,2010,2024
Pomatorhinus musicus,20,2,7,2016,2024
Stachyris nonggangensis,20,4,3,2008,2024
Aerodramus germani,19,4,11,2007,2023
Ceyx erithaca,19,5,8,2002,2023
Erythrogenys hypoleucos,19,2,8,2016,2024
Ploceus philippinus,19,3,9,2012,2023
Porzana paykullii,19,3,12,2011,2023
Pterorhinus courtoisi,19,4,3,2008,2024
Sphenocichla roberti,19,4,5,2006,2023
Zosterops japonicus,19,2,10,2019,2024
Amaurornis cinerea,18,2,6,2018,2024
Columba pulchricollis,18,5,10,2003,2024
Glareola lactea,18,4,4,2009,2023
Haliastur indus,18,2,15,2013,2024
Hirundo smithii,18,4,7,2008,2023
Oriolus mellianus,18,4,5,2008,2022
Pitta nipalensis,18,3,4,2013,2023
Pycnonotus taivanus,18,3,8,2004,2024
Arborophila rufipectus,17,4,7,2005,2024
Branta leucopsis,17,2,13,2015,2024
Garrulax owstoni,17,3,14,2012,2024
Heterophasia auricularis,17,2,5,2016,2024
Hierococcyx varius,17,2,17,2018,2024
Liocichla phoenicea,17,3,6,2013,2024
Luscinia ruficeps,17,4,4,2000,2019
Napothera crispifrons,17,5,2,2001,2023
Parayuhina bakeri,17,2,7,2019,2024
Psittacula krameri,17,3,8,2006,2024
Sitta formosa,17,3,5,2013,2024
Sterna aurantia,17,4,2,2009,2023
Tetrao urogalloides,17,3,7,2013,2024
Treron phayrei,17,4,5,2006,2024
Anthreptes malacensis,16,3,5,2012,2024
Coturnicops exquisitus,16,5,11,2004,2024
Curruca althaea,16,2,10,2012,2024
Cyornis rubeculoides,16,3,9,2007,2024
Periparus rufonuchalis,16,3,9,2011,2024
Phalacrocorax pelagicus,16,3,5,2012,2024
Schoeniparus castaneceps,16,2,7,2019,2024
Trochalopteron morrisonianum,16,2,4,2016,2024
Alcippe morrisonia,15,2,5,2016,2024
Amandava amandava,15,4,9,2009,2024
Chrysococcyx xanthorhynchus,15,3,4,2011,2023
Lagopus muta,15,2,5,2015,2024
Liocichla steerii,15,2,4,2016,2024
Loxia leucoptera,15,3,8,2012,2024
Lymnocryptes minimus,15,3,11,2010,2024
Myophonus insularis,15,2,4,2016,2024
Pomatorhinus ferruginosus,15,3,4,2013,2024
Psittacula alexandri,15,3,6,2008,2023
Pycnonotus leucogenys,15,3,6,2013,2024
Pyrrhula owstoni,15,2,10,2017,2024
Sinosuthora przewalskii,15,4,4,2007,2024
Tarsiger johnstoniae,15,2,4,2016,2024
Urocissa caerulea,15,2,5,2016,2024
Yuhina brunneiceps,15,2,4,2016,2024
Zapornia bicolor,15,2,10,2019,2024
Zapornia paykullii,15,2,14,2016,2024
Acrocephalus schoenobaenus,14,3,6,2005,2024
Calliope obscura,14,3,8,2013,2024
Carpodacus formosanus,14,2,4,2016,2024
Cyornis poliogenys,14,4,7,2005,2022
Grammatoptila striata,14,2,6,2019,2024
Locustella ochotensis,14,3,11,2010,2023
Lophura swinhoii,14,2,5,2016,2024
Luscinia obscura,14,5,6,2002,2023
Melopsittacus undulatus,14,2,8,2016,2023
Onychoprion aleuticus,14,2,13,2018,2024
Oriolus xanthornus,14,3,4,2014,2024
Pnoepyga immaculata,14,3,4,2013,2024
Regulus goodfellowi,14,3,4,2011,2024
Seicercus burkii,14,5,8,2001,2023
Spelaeornis kinneari,14,3,5,2002,2024
Synoicus chinensis,14,3,9,2014,2024
Aplonis panayensis,13,2,11,2016,2024
Batrachostomus hodgsoni,13,2,5,2015,2023
Buceros bicornis,13,2,5,2015,2024
Gracupica contra,13,4,5,2003,2023
Harpactes wardi,13,4,5,2005,2023
Helopsaltes ochotensis,13,1,9,2022,2024
Lophotriorchis kienerii,13,2,8,2018,2024
Microhierax caerulescens,13,2,2,2015,2023
Niltava vivida,13,2,4,2016,2024
Pavo cristatus,13,4,5,2007,2023
Pavo muticus,13,2,11,2015,2024
Perdix perdix,13,2,9,2018,2024
Pitta sordida,13,4,5,2006,2023
Porzana cinerea,13,2,7,2016,2023
Psittacula roseata,13,2,4,2015,2023
Psittiparus ruficeps,13,3,2,2013,2024
Tyto javanica,13,1,8,2021,2024
Zoothera monticola,13,3,8,2005,2024
Actinodura morrisoniana,12,2,4,2016,2024
Actinodura nipalensis,12,3,6,2010,2024
Branta canadensis,12,2,7,2017,2024
Dendrocopos macei,12,2,3,2018,2024
Garrulax taewanus,12,2,7,2017,2024
Haliaeetus pelagicus,12,2,3,2015,2024
Harpactes oreskios,12,3,2,2005,2023
Leioptila annectens,12,1,4,2020,2024
Mulleripicus pulverulentus,12,2,3,2016,2024
Phalaropus fulicarius,12,3,10,2014,2024
Schoeniparus variegaticeps,12,2,5,2017,2024
Terpsiphone affinis,12,2,10,2016,2024
Acridotheres javanicus,11,2,10,2016,2024
Acrocephalus melanopogon,11,2,7,2017,2024
Arborophila atrogularis,11,3,4,2013,2023
Cinclidium frontale,11,3,3,2004,2024
Cyanoderma pyrrhops,11,1,8,2023,2024
Dicaeum agile,11,4,3,2002,2023
Erythrogenys erythrocnemis,11,2,4,2016,2024
Fulvetta formosana,11,2,4,2016,2024
Gorsachius goisagi,11,3,11,2011,2024
Haliaeetus leucogaster,11,3,7,2009,2024
Lagopus lagopus,11,1,6,2021,2024
Lophophorus sclateri,11,4,8,2003,2024
Machlolophus holsti,11,2,4,2015,2024
Pitta oatesi,11,2,4,2017,2023
Pnoepyga formosana,11,2,3,2016,2024
Rhyticeros undulatus,11,3,2,2013,2023
Rimator malacoptilus,11,3,4,2013,2023
Syrmaticus mikado,11,2,3,2017,2024
Alcippe rufogularis,10,4,3,2006,2023
Branta hutchinsii,10,2,7,2015,2024
Bulweria bulwerii,10,2,10,2015,2024
Carpodacus grandis,10,1,10,2023,2024
Nymphicus hollandicus,10,2,7,2018,2023
Oenanthe picata,10,2,8,2015,2024
Phodilus badius,10,1,5,2021,2024
Sittiparus castaneoventris,10,2,3,2016,2024
Stercorarius parasiticus,10,2,9,2017,2024
Tarsiger formosanus,10,2,5,2018,2024
Tetraogallus altaicus,10,1,6,2021,2024
Tetrax tetrax,10,2,4,2016,2024
Tragopan satyra,10,3,3,2010,2024
Acridotheres burmannicus,9,3,3,2013,2023
Alaudala heinei,9,1,9,2023,2024
Arborophila crudigularis,9,2,3,2016,2024
Brachypteryx goodfellowi,9,2,4,2017,2024
Dryocopus javensis,9,2,7,2017,2023
Erythropygia galactotes,9,3,3,2012,2023
Eudromias morinellus,9,2,3,2015,2024
Garrulax strepitans,9,3,3,2014,2024
Graminicola striatus,9,2,5,2015,2024
Histrionicus histrionicus,9,2,8,2017,2024
Leucosticte sillemi,9,3,4,2013,2023
Luscinia pectoralis,9,3,6,2011,2023
Onychoprion fuscatus,9,2,7,2018,2024
Phylloscopus trochilus,9,2,9,2019,2024
Phylloscopus xanthodryas,9,1,9,2021,2024
Saroglossa spiloptera,9,4,5,2007,2023
Saxicola insignis,9,1,9,2021,2024
Schoeniparus cinereus,9,2,2,2019,2024
Stercorarius pomarinus,9,2,7,2016,2023
Strix davidi,9,1,5,2020,2024
Carpodacus sillemi,8,1,4,2020,2024
Cercotrichas galactotes,8,2,4,2012,2024
Charadrius morinellus,8,2,2,2015,2023
Leiopicus auriceps,8,1,4,2021,2024
Locustella alishanensis,8,2,4,2017,2024
Phylloscopus sibilatrix,8,1,7,2023,2024
Pterorhinus poecilorhynchus,8,2,3,2016,2024
Trochalopteron imbricatum,8,2,3,2018,2024
Zosterops meyeni,8,2,4,2017,2024
Alcurus striatus,7,2,2,2019,2024
Arborophila mandellii,7,2,4,2019,2024
Ficedula owstoni,7,2,5,2018,2024
Hydrobates monorhis,7,2,6,2019,2024
Motacilla grandis,7,1,7,2021,2024
Porzana porzana,7,2,5,2015,2023
Pterorhinus ruficeps,7,2,2,2016,2024
Rhodopechys sanguineus,7,1,3,2021,2024
Stachyris humei,7,1,2,2021,2024
Sterna acuticauda,7,1,7,2023,2024
Tropicoperdix chloropus,7,4,3,2001,2023
Agapornis fischeri,6,3,5,2014,2023
Ampeliceps coronatus,6,1,6,2020,2024
Brachypteryx hyperythra,6,1,2,2021,2024
Chloropsis cochinchinensis,6,2,6,2018,2024
Garrulax rufogularis,6,3,2,2014,2022
Geopelia striata,6,1,4,2021,2024
Machlolophus xanthogenys,6,1,4,2023,2024
Napothera malacoptila,6,2,2,2019,2024
Oceanodroma monorhis,6,2,5,2017,2022
Pterorhinus ruficollis,6,2,3,2018,2024
Ptyonoprogne concolor,6,3,4,2006,2023
Threskiornis melanocephalus,6,2,5,2005,2024
Treron bicinctus,6,1,4,2021,2024
Treron formosae,6,2,3,2016,2024
Aceros nipalensis,5,1,2,2022,2024
Brachypodius atriceps,5,1,5,2022,2024
Dendrocitta vagabunda,5,2,4,2018,2024
Ducula aenea,5,3,3,2005,2020
Gampsorhynchus torquatus,5,2,4,2016,2023
Glaucidium passerinum,5,2,4,2019,2024
Hirundapus giganteus,5,2,2,2017,2023
Iduna pallida,5,1,5,2024,2024
Macropygia ruficeps,5,2,4,2018,2024
Pterorhinus caerulatus,5,1,2,2021,2024
Spelaeornis badeigularis,5,1,2,2021,2024
Sphenocichla humei,5,1,2,2020,2023
Turdus niveiceps,5,2,2,2017,2024
Zapornia parva,5,1,4,2021,2024
Acrocephalus sorghophilus,4,3,2,2009,2019
Anous stolidus,4,1,4,2021,2024
Anthocincla phayrei,4,1,2,2021,2023
Ardenna pacifica,4,2,4,2019,2024
Ardenna tenuirostris,4,2,4,2019,2024
Columba punicea,4,2,4,2005,2024
Dinopium javanense,4,2,3,2010,2019
Euodice malabarica,4,1,4,2024,2024
Falco rusticolus,4,1,4,2023,2024
Gavia pacifica,4,2,3,2008,2024
Halcyon coromanda,4,2,4,2017,2024
Helopsaltes pleskei,4,1,4,2023,2024
Lanius vittatus,4,1,4,2024,2024
Larus glaucescens,4,2,4,2015,2024
Leptoptilos javanicus,4,2,4,2013,2023
Locustella pleskei,4,2,4,2018,2023
Melanitta americana,4,1,4,2020,2024
Mycteria leucocephala,4,1,4,2020,2024
Polyplectron katsumatae,4,2,1,2017,2024
Psilopogon faiostrictus,4,1,3,2023,2024
Stachyridopsis ambigua,4,2,2,2017,2020
Sula leucogaster,4,2,4,2019,2024
Trochalopteron melanostigma,4,2,3,2018,2024
Ardeola grayii,3,1,3,2020,2024
Ardeola speciosa,3,1,3,2024,2024
Columba eversmanni,3,1,3,2023,2024
Cyanoderma ambiguum,3,1,3,2023,2024
Erythrogenys erythrogenys,3,1,3,2023,2024
Gyps fulvus,3,1,3,2022,2024
Hydrornis nipalensis,3,2,2,2017,2024
Macropygia tenuirostris,3,2,1,2017,2024
Merops persicus,3,1,2,2018,2019
Nisaetus cirrhatus,3,1,3,2023,2024
Nycticorax caledonicus,3,2,3,2019,2024
Otus elegans,3,2,1,2017,2024
Phaethon lepturus,3,1,3,2023,2024
Phylloscopus sibillatrix,3,3,3,2008,2023
Ploceus manyar,3,1,2,2018,2019
Pluvialis apricaria,3,1,3,2023,2024
Puffinus tenuirostris,3,2,3,2009,2019
Remiz macronyx,3,1,2,2023,2024
Saxicola rubetra,3,1,3,2023,2024
Stachyris roberti,3,1,2,2021,2023
Stercorarius longicaudus,3,2,3,2018,2024
Sula sula,3,2,3,2016,2024
Tachymarptis melba,3,3,2,2014,2023
Thalasseus sandvicensis,3,2,3,2015,2024
Treron phoenicopterus,3,3,3,2014,2024
Alcedo meninting,2,1,2,2024,2024
Anas luzonica,2,1,2,2024,2024
Brachyramphus perdix,2,2,2,2016,2024
Calidris bairdii,2,1,2,2024,2024
Calidris subruficollis,2,2,2,2016,2023
Chroicocephalus novaehollandiae,2,1,2,2021,2024
Ciconia ciconia,2,1,2,2023,2024
Ciconia episcopus,2,2,2,2011,2024
Columba janthina,2,1,2,2024,2024
Crithagra mozambica,2,2,2,2012,2020
Erythrura prasina,2,1,1,2015,2018
Estrilda melpoda,2,1,2,2024,2024
Fregata andrewsi,2,2,2,2001,2024
Gallinago hardwickii,2,2,2,2009,2024
Gavia adamsii,2,1,2,2022,2024
Glareola nordmanni,2,1,2,2024,2024
Hydrobates leucorhous,2,1,2,2023,2023
Ianthocincla bieti,2,1,2,2024,2024
Larvivora ruficeps,2,1,2,2022,2024
Lonchura oryzivora,2,2,2,2000,2024
Lyncornis macrotis,2,1,2,2016,2016
Melanitta fusca,2,1,2,2023,2024
Mirafra javanica,2,1,2,2022,2024
Neophron percnopterus,2,2,2,2001,2023
Parus xanthogenys,2,2,2,2013,2023
Pelecanus philippensis,2,1,2,2023,2024
Phaethon rubricauda,2,1,2,2024,2024
Pitta moluccensis,2,2,2,2009,2021
Psittacula himalayana,2,1,1,2013,2014
Puffinus pacificus,2,2,2,2018,2021
Saxicola jerdoni,2,1,2,2021,2021
Stachyridopsis pyrrhops,2,2,2,2013,2023
Sturnia pagodarum,2,1,2,2024,2024
Sula dactylatra,2,1,2,2021,2022
Synthliboramphus antiquus,2,2,2,2019,2024
Tetrao urogallus,2,1,1,2021,2024
Thalasseus bengalensis,2,2,2,2017,2024
Todiramphus chloris,2,2,2,2018,2024
Tringa flavipes,2,1,2,2024,2024
Turdus unicolor,2,2,2,2007,2024
Agapornis roseicollis,1,1,1,2021,2021
Anser canagicus,1,1,1,2019,2019
Ardenna carneipes,1,1,1,2019,2019
Asarcornis scutulata,1,1,1,2024,2024
Aythya affinis,1,1,1,2024,2024
Aythya collaris,1,1,1,2024,2024
Aythya valisineria,1,1,1,2024,2024
Butastur liventer,1,1,1,2006,2006
Calandrella rufescens,1,1,1,2022,2022
Calidris fuscicollis,1,1,1,2014,2014
Emberiza stewarti,1,1,1,2024,2024
Eudocimus ruber,1,1,1,2018,2018
Ficedula hypoleuca,1,1,1,2024,2024
Ficedula ruficauda,1,1,1,2024,2024
Fregata minor,1,1,1,2016,2016
Fulvetta danisi,1,1,1,2018,2018
Geokichla wardii,1,1,1,2024,2024
Gygis alba,1,1,1,2022,2022
Gypsophila annamensis,1,1,1,2024,2024
Ianthocincla rufogularis,1,1,1,2024,2024
Kurochkinegramma hypogrammicum,1,1,1,2024,2024
Lonchura maja,1,1,1,2020,2020
Loriculus vernalis,1,1,1,2024,2024
Marmaronetta angustirostris,1,1,1,2024,2024
Melanocorypha leucoptera,1,1,1,2018,2018
Monticola cinclorhyncha,1,1,1,2024,2024
Oceanites oceanicus,1,1,1,2019,2019
Pelargopsis capensis,1,1,1,2023,2023
Pernis apivorus,1,1,1,2023,2023
Phalacrocorax urile,1,1,1,2019,2019
Phylloscopus ijimae,1,1,1,2024,2024
Picus vittatus,1,1,1,2024,2024
Poicephalus senegalus,1,1,1,2019,2019
Pomatorhinus erythrogenys,1,1,1,2013,2013
Pomatorhinus schisticeps,1,1,1,2023,2023
Porzana parva,1,1,1,2018,2018
Psittacus erithacus,1,1,1,2018,2018
Pterodroma hypoleuca,1,1,1,2017,2017
Ptilinopus leclancheri,1,1,1,2024,2024
Rallina fasciata,1,1,1,2024,2024
Sarcogyps calvus,1,1,1,2018,2018
Tragopan blythii,1,1,1,2024,2024
Treron seimundi,1,1,1,2020,2020
Turdus migratorius,1,1,1,2024,2024
Turnix sylvaticus,1,1,1,2024,2024
Vanellus leucurus,1,1,1,2023,2023
