grid_cell,cluster
56,Type-A
57,Type-A
128,Type-A
129,Type-A
130,Type-A
198,Type-A
199,Type-A
203,Type-A
270,Type-A
271,Type-A
272,Type-A
274,Type-A
276,Type-A
341,Type-A
342,Type-A
343,Type-A
344,Type-A
345,Type-A
347,Type-A
412,Type-A
413,Type-A
414,Type-A
415,Type-A
416,Type-A
417,Type-A
418,Type-A
483,Type-A
484,Type-A
485,Type-A
486,Type-A
487,Type-A
488,Type-A
554,Type-A
555,Type-A
556,Type-A
557,Type-A
558,Type-A
559,Type-A
560,Type-A
561,Type-A
563,Type-A
564,Type-A
592,Type-C
593,Type-C
625,Type-A
626,Type-A
627,Type-A
628,Type-A
629,Type-A
630,Type-A
631,Type-A
632,Type-A
634,Type-A
635,Type-A
636,Type-A
637,Type-A
640,Type-A
663,Type-C
664,Type-C
665,Type-C
666,Type-C
696,Type-A
698,Type-A
699,Type-A
700,Type-A
701,Type-A
702,Type-A
704,Type-A
705,Type-A
706,Type-A
708,Type-A
710,Type-A
711,Type-A
712,Type-A
716,Type-A
717,Type-A
735,Type-C
736,Type-C
737,Type-C
738,Type-C
772,Type-A
773,Type-A
774,Type-A
775,Type-A
776,Type-A
777,Type-A
778,Type-A
783,Type-A
784,Type-A
785,Type-A
787,Type-A
788,Type-A
804,Type-C
805,Type-C
806,Type-C
807,Type-C
808,Type-C
809,Type-C
810,Type-C
811,Type-C
812,Type-C
813,Type-C
845,Type-A
846,Type-A
847,Type-A
848,Type-A
849,Type-A
850,Type-A
851,Type-A
854,Type-A
855,Type-A
856,Type-A
857,Type-A
858,Type-A
859,Type-A
860,Type-A
876,Type-C
877,Type-C
878,Type-C
879,Type-C
881,Type-C
882,Type-C
883,Type-C
884,Type-C
885,Type-C
916,Type-A
917,Type-A
918,Type-A
919,Type-A
920,Type-A
921,Type-A
922,Type-A
923,Type-A
926,Type-A
927,Type-A
929,Type-A
930,Type-A
931,Type-A
947,Type-C
948,Type-C
949,Type-C
950,Type-C
951,Type-C
952,Type-C
953,Type-C
955,Type-C
956,Type-C
985,Type-A
986,Type-A
987,Type-A
988,Type-A
989,Type-A
991,Type-A
992,Type-A
993,Type-A
994,Type-A
995,Type-A
996,Type-A
997,Type-A
999,Type-A
1001,Type-A
1002,Type-A
1003,Type-A
1018,Type-C
1019,Type-C
1020,Type-C
1021,Type-C
1022,Type-C
1023,Type-C
1025,Type-C
1026,Type-C
1027,Type-C
1028,Type-C
1029,Type-C
1055,Type-A
1057,Type-A
1058,Type-A
1061,Type-A
1063,Type-A
1064,Type-A
1065,Type-A
1066,Type-A
1068,Type-A
1069,Type-A
1070,Type-A
1073,Type-A
1075,Type-A
1076,Type-A
1089,Type-C
1090,Type-C
1091,Type-C
1092,Type-C
1093,Type-C
1094,Type-C
1095,Type-C
1096,Type-C
1097,Type-C
1098,Type-C
1099,Type-C
1100,Type-C
1101,Type-C
1103,Type-C
1125,Type-A
1126,Type-A
1127,Type-A
1128,Type-A
1129,Type-A
1130,Type-A
1131,Type-A
1132,Type-A
1133,Type-A
1134,Type-A
1136,Type-A
1137,Type-A
1138,Type-A
1139,Type-A
1140,Type-A
1141,Type-A
1142,Type-A
1143,Type-A
1144,Type-A
1145,Type-A
1161,Type-C
1162,Type-C
1163,Type-C
1164,Type-C
1165,Type-C
1166,Type-C
1167,Type-C
1168,Type-C
1169,Type-C
1170,Type-C
1171,Type-C
1172,Type-C
1173,Type-C
1175,Type-C
1196,Type-A
1197,Type-A
1198,Type-A
1199,Type-A
1200,Type-A
1201,Type-A
1202,Type-A
1203,Type-A
1204,Type-A
1205,Type-A
1206,Type-A
1207,Type-A
1208,Type-A
1209,Type-A
1210,Type-A
1211,Type-A
1212,Type-A
1213,Type-A
1214,Type-A
1215,Type-A
1216,Type-A
1234,Type-C
1235,Type-C
1236,Type-C
1237,Type-C
1238,Type-C
1239,Type-C
1240,Type-C
1241,Type-C
1242,Type-C
1243,Type-C
1244,Type-C
1245,Type-C
1246,Type-C
1247,Type-C
1248,Type-C
1249,Type-C
1268,Type-A
1269,Type-A
1270,Type-A
1271,Type-A
1272,Type-A
1273,Type-A
1274,Type-A
1275,Type-A
1276,Type-A
1277,Type-A
1279,Type-A
1280,Type-A
1281,Type-A
1282,Type-A
1283,Type-A
1284,Type-A
1285,Type-A
1286,Type-A
1287,Type-A
1288,Type-A
1289,Type-A
1305,Type-C
1306,Type-C
1307,Type-C
1308,Type-C
1309,Type-C
1312,Type-C
1313,Type-C
1314,Type-C
1315,Type-C
1316,Type-C
1319,Type-C
1320,Type-C
1321,Type-C
1322,Type-C
1328,Type-C
1339,Type-C
1340,Type-C
1341,Type-C
1342,Type-A
1344,Type-A
1345,Type-A
1346,Type-A
1348,Type-A
1349,Type-A
1350,Type-A
1351,Type-A
1352,Type-A
1353,Type-A
1354,Type-A
1355,Type-A
1356,Type-A
1357,Type-A
1358,Type-A
1359,Type-A
1360,Type-A
1361,Type-A
1377,Type-C
1379,Type-C
1380,Type-C
1381,Type-C
1382,Type-C
1383,Type-C
1384,Type-C
1385,Type-C
1386,Type-C
1393,Type-C
1400,Type-C
1401,Type-C
1410,Type-A
1412,Type-A
1413,Type-A
1414,Type-A
1415,Type-A
1416,Type-A
1417,Type-A
1418,Type-A
1419,Type-A
1420,Type-A
1421,Type-A
1422,Type-A
1423,Type-A
1424,Type-A
1425,Type-A
1426,Type-A
1427,Type-A
1428,Type-A
1429,Type-A
1430,Type-A
1447,Type-C
1448,Type-C
1449,Type-C
1450,Type-C
1452,Type-C
1453,Type-C
1454,Type-C
1455,Type-C
1456,Type-C
1462,Type-C
1465,Type-C
1466,Type-C
1468,Type-C
1471,Type-C
1476,Type-C
1477,Type-A
1479,Type-A
1480,Type-A
1481,Type-A
1482,Type-A
1483,Type-A
1484,Type-A
1485,Type-A
1486,Type-A
1487,Type-A
1488,Type-A
1489,Type-A
1490,Type-A
1491,Type-A
1492,Type-A
1493,Type-A
1494,Type-A
1495,Type-A
1496,Type-A
1497,Type-A
1498,Type-A
1499,Type-A
1500,Type-A
1502,Type-A
1518,Type-C
1520,Type-C
1521,Type-C
1522,Type-C
1523,Type-C
1528,Type-C
1529,Type-C
1533,Type-C
1535,Type-C
1536,Type-C
1537,Type-C
1538,Type-C
1539,Type-C
1540,Type-C
1542,Type-C
1549,Type-A
1550,Type-A
1551,Type-A
1552,Type-A
1553,Type-A
1554,Type-A
1555,Type-A
1556,Type-A
1557,Type-A
1558,Type-A
1559,Type-A
1560,Type-A
1561,Type-A
1562,Type-A
1563,Type-A
1564,Type-A
1565,Type-A
1566,Type-A
1567,Type-A
1568,Type-A
1569,Type-A
1570,Type-A
1571,Type-A
1586,Type-C
1587,Type-C
1588,Type-C
1589,Type-C
1590,Type-C
1591,Type-C
1592,Type-C
1593,Type-C
1594,Type-C
1597,Type-C
1599,Type-C
1602,Type-C
1608,Type-C
1609,Type-C
1610,Type-C
1611,Type-C
1612,Type-C
1613,Type-C
1614,Type-C
1616,Type-C
1617,Type-A
1618,Type-A
1619,Type-A
1620,Type-A
1621,Type-A
1622,Type-A
1623,Type-A
1624,Type-A
1625,Type-A
1626,Type-A
1627,Type-A
1628,Type-A
1629,Type-A
1630,Type-A
1631,Type-A
1632,Type-A
1633,Type-A
1634,Type-A
1635,Type-A
1636,Type-A
1637,Type-A
1639,Type-A
1640,Type-A
1641,Type-A
1642,Type-A
1658,Type-C
1659,Type-C
1660,Type-C
1661,Type-C
1662,Type-C
1666,Type-C
1669,Type-C
1672,Type-C
1674,Type-C
1675,Type-C
1676,Type-C
1678,Type-C
1679,Type-C
1680,Type-C
1681,Type-C
1684,Type-C
1685,Type-C
1686,Type-A
1687,Type-A
1688,Type-A
1689,Type-A
1691,Type-A
1692,Type-A
1693,Type-A
1694,Type-A
1695,Type-A
1696,Type-A
1697,Type-A
1698,Type-A
1699,Type-A
1700,Type-A
1701,Type-A
1702,Type-A
1703,Type-A
1704,Type-B
1705,Type-A
1706,Type-A
1707,Type-A
1708,Type-B
1710,Type-B
1711,Type-A
1712,Type-A
1731,Type-C
1732,Type-C
1733,Type-C
1734,Type-C
1737,Type-C
1738,Type-C
1739,Type-C
1743,Type-C
1748,Type-C
1749,Type-C
1753,Type-C
1755,Type-C
1756,Type-C
1757,Type-C
1758,Type-C
1759,Type-C
1760,Type-A
1761,Type-A
1762,Type-A
1764,Type-A
1765,Type-A
1766,Type-A
1767,Type-A
1769,Type-A
1770,Type-A
1771,Type-A
1772,Type-A
1773,Type-A
1774,Type-A
1775,Type-A
1776,Type-A
1777,Type-A
1778,Type-A
1779,Type-A
1782,Type-A
1783,Type-A
1803,Type-C
1804,Type-C
1805,Type-C
1806,Type-C
1807,Type-C
1808,Type-C
1809,Type-C
1815,Type-C
1816,Type-C
1819,Type-C
1820,Type-C
1821,Type-C
1822,Type-C
1823,Type-C
1824,Type-C
1825,Type-C
1826,Type-C
1827,Type-C
1828,Type-C
1829,Type-C
1830,Type-C
1831,Type-C
1832,Type-A
1833,Type-A
1834,Type-A
1835,Type-A
1836,Type-A
1837,Type-A
1838,Type-A
1839,Type-A
1840,Type-A
1841,Type-A
1842,Type-A
1843,Type-A
1844,Type-A
1845,Type-A
1846,Type-A
1847,Type-A
1848,Type-A
1849,Type-A
1850,Type-A
1851,Type-A
1852,Type-A
1853,Type-A
1854,Type-A
1855,Type-A
1856,Type-A
1875,Type-C
1876,Type-C
1877,Type-C
1878,Type-C
1879,Type-C
1880,Type-C
1881,Type-C
1882,Type-C
1884,Type-C
1892,Type-C
1895,Type-C
1896,Type-C
1897,Type-C
1898,Type-C
1899,Type-C
1900,Type-C
1901,Type-C
1902,Type-C
1903,Type-A
1904,Type-A
1905,Type-A
1906,Type-A
1907,Type-A
1908,Type-A
1909,Type-A
1910,Type-A
1911,Type-A
1912,Type-A
1913,Type-A
1914,Type-A
1915,Type-A
1916,Type-A
1917,Type-A
1918,Type-A
1919,Type-A
1920,Type-A
1921,Type-A
1922,Type-A
1923,Type-A
1924,Type-A
1925,Type-A
1926,Type-A
1927,Type-B
1928,Type-B
1950,Type-C
1951,Type-C
1952,Type-C
1953,Type-C
1954,Type-C
1967,Type-C
1968,Type-C
1969,Type-C
1970,Type-C
1971,Type-C
1972,Type-C
1973,Type-C
1974,Type-C
1975,Type-A
1976,Type-A
1977,Type-A
1978,Type-A
1979,Type-A
1980,Type-A
1981,Type-A
1982,Type-A
1983,Type-A
1984,Type-A
1985,Type-A
1986,Type-A
1987,Type-A
1988,Type-A
1989,Type-A
1990,Type-A
1991,Type-A
1992,Type-A
1993,Type-A
1994,Type-A
1995,Type-A
1996,Type-B
1997,Type-B
1998,Type-B
2024,Type-C
2025,Type-C
2027,Type-C
2028,Type-C
2039,Type-C
2040,Type-C
2041,Type-C
2044,Type-C
2045,Type-C
2046,Type-A
2047,Type-A
2048,Type-A
2049,Type-A
2050,Type-A
2051,Type-A
2052,Type-A
2053,Type-A
2054,Type-A
2055,Type-A
2056,Type-A
2057,Type-A
2058,Type-A
2059,Type-A
2060,Type-A
2061,Type-A
2062,Type-A
2063,Type-A
2064,Type-A
2065,Type-A
2066,Type-B
2067,Type-B
2068,Type-B
2069,Type-B
2100,Type-C
2111,Type-C
2112,Type-C
2113,Type-C
2114,Type-C
2116,Type-C
2117,Type-C
2118,Type-A
2119,Type-A
2120,Type-A
2121,Type-A
2122,Type-A
2123,Type-A
2124,Type-A
2125,Type-A
2126,Type-A
2127,Type-A
2128,Type-A
2129,Type-A
2130,Type-A
2131,Type-A
2132,Type-A
2133,Type-A
2134,Type-A
2135,Type-B
2136,Type-B
2137,Type-B
2138,Type-B
2139,Type-B
2140,Type-B
2141,Type-B
2171,Type-C
2181,Type-C
2182,Type-C
2183,Type-C
2184,Type-C
2186,Type-C
2187,Type-C
2188,Type-C
2189,Type-A
2191,Type-A
2193,Type-A
2194,Type-A
2195,Type-A
2196,Type-A
2197,Type-A
2198,Type-A
2199,Type-A
2200,Type-A
2201,Type-A
2202,Type-A
2203,Type-A
2204,Type-A
2205,Type-B
2206,Type-B
2207,Type-B
2208,Type-B
2209,Type-B
2210,Type-B
2211,Type-B
2212,Type-B
2213,Type-B
2214,Type-B
2240,Type-C
2241,Type-C
2250,Type-C
2254,Type-C
2255,Type-C
2257,Type-C
2258,Type-C
2259,Type-C
2260,Type-C
2261,Type-A
2262,Type-A
2263,Type-A
2264,Type-A
2265,Type-A
2266,Type-A
2267,Type-A
2268,Type-A
2269,Type-A
2270,Type-A
2271,Type-A
2272,Type-A
2273,Type-A
2274,Type-A
2275,Type-B
2276,Type-B
2277,Type-B
2278,Type-B
2279,Type-B
2280,Type-B
2281,Type-B
2282,Type-B
2283,Type-B
2284,Type-B
2285,Type-B
2286,Type-B
2312,Type-C
2313,Type-C
2320,Type-C
2323,Type-C
2326,Type-C
2327,Type-C
2328,Type-C
2329,Type-C
2330,Type-C
2331,Type-C
2332,Type-A
2333,Type-A
2334,Type-A
2335,Type-A
2336,Type-A
2337,Type-A
2338,Type-A
2339,Type-A
2340,Type-A
2341,Type-A
2342,Type-A
2343,Type-A
2344,Type-B
2345,Type-B
2346,Type-B
2347,Type-B
2348,Type-B
2349,Type-B
2350,Type-B
2351,Type-B
2352,Type-B
2353,Type-B
2354,Type-B
2355,Type-B
2356,Type-B
2357,Type-B
2358,Type-B
2359,Type-B
2384,Type-C
2385,Type-C
2386,Type-C
2387,Type-C
2390,Type-C
2392,Type-C
2393,Type-C
2394,Type-C
2395,Type-C
2397,Type-C
2398,Type-C
2399,Type-C
2400,Type-C
2401,Type-C
2402,Type-C
2403,Type-A
2404,Type-A
2405,Type-A
2406,Type-A
2407,Type-A
2408,Type-A
2409,Type-A
2410,Type-A
2411,Type-A
2412,Type-A
2413,Type-A
2414,Type-B
2415,Type-B
2416,Type-B
2417,Type-B
2418,Type-B
2419,Type-B
2420,Type-B
2421,Type-B
2422,Type-B
2423,Type-B
2424,Type-B
2425,Type-B
2426,Type-B
2427,Type-B
2428,Type-B
2429,Type-B
2430,Type-B
2431,Type-B
2456,Type-C
2457,Type-C
2458,Type-C
2459,Type-C
2460,Type-C
2461,Type-C
2462,Type-C
2463,Type-C
2464,Type-C
2466,Type-C
2468,Type-C
2469,Type-C
2470,Type-C
2471,Type-C
2472,Type-C
2473,Type-C
2474,Type-A
2475,Type-A
2476,Type-A
2477,Type-A
2478,Type-A
2479,Type-A
2480,Type-A
2481,Type-A
2482,Type-A
2483,Type-A
2484,Type-B
2485,Type-B
2486,Type-B
2487,Type-B
2488,Type-B
2489,Type-B
2490,Type-B
2491,Type-B
2492,Type-B
2493,Type-B
2494,Type-B
2495,Type-B
2496,Type-B
2497,Type-B
2498,Type-B
2499,Type-B
2500,Type-B
2501,Type-B
2502,Type-B
2503,Type-B
2530,Type-C
2531,Type-C
2532,Type-C
2535,Type-C
2539,Type-C
2540,Type-C
2541,Type-C
2542,Type-C
2543,Type-C
2544,Type-C
2545,Type-A
2546,Type-A
2547,Type-A
2548,Type-A
2549,Type-A
2550,Type-A
2551,Type-A
2552,Type-A
2553,Type-A
2554,Type-B
2555,Type-B
2556,Type-B
2557,Type-B
2558,Type-B
2559,Type-B
2560,Type-B
2561,Type-B
2562,Type-B
2563,Type-B
2564,Type-B
2565,Type-B
2566,Type-B
2567,Type-B
2568,Type-B
2569,Type-B
2570,Type-B
2571,Type-B
2572,Type-B
2573,Type-B
2574,Type-B
2575,Type-B
2576,Type-B
2605,Type-C
2606,Type-C
2607,Type-C
2608,Type-C
2609,Type-C
2610,Type-C
2611,Type-C
2612,Type-C
2613,Type-C
2614,Type-C
2615,Type-C
2616,Type-A
2617,Type-A
2618,Type-A
2619,Type-A
2620,Type-A
2621,Type-A
2622,Type-A
2623,Type-A
2624,Type-B
2625,Type-B
2626,Type-B
2627,Type-B
2628,Type-B
2629,Type-B
2630,Type-B
2631,Type-B
2632,Type-B
2633,Type-B
2634,Type-B
2635,Type-B
2636,Type-B
2637,Type-B
2638,Type-B
2639,Type-B
2640,Type-B
2641,Type-B
2642,Type-B
2643,Type-B
2644,Type-B
2645,Type-B
2646,Type-B
2647,Type-B
2648,Type-B
2678,Type-C
2679,Type-C
2680,Type-C
2681,Type-C
2682,Type-C
2683,Type-C
2684,Type-C
2685,Type-C
2686,Type-A
2687,Type-A
2688,Type-A
2689,Type-A
2691,Type-A
2692,Type-A
2693,Type-A
2694,Type-B
2695,Type-B
2696,Type-B
2697,Type-B
2698,Type-B
2699,Type-B
2700,Type-B
2701,Type-B
2702,Type-B
2703,Type-B
2704,Type-B
2705,Type-B
2706,Type-B
2707,Type-B
2708,Type-B
2709,Type-B
2710,Type-B
2711,Type-B
2712,Type-B
2713,Type-B
2714,Type-B
2715,Type-B
2716,Type-B
2717,Type-B
2718,Type-B
2719,Type-B
2750,Type-C
2751,Type-C
2752,Type-C
2753,Type-C
2754,Type-C
2755,Type-C
2756,Type-C
2757,Type-A
2758,Type-A
2759,Type-A
2765,Type-B
2766,Type-B
2767,Type-B
2768,Type-B
2769,Type-B
2770,Type-B
2771,Type-B
2772,Type-B
2773,Type-B
2774,Type-B
2775,Type-B
2776,Type-B
2777,Type-B
2778,Type-B
2779,Type-B
2780,Type-B
2781,Type-B
2782,Type-B
2783,Type-B
2784,Type-B
2785,Type-B
2786,Type-B
2787,Type-B
2788,Type-B
2789,Type-B
2790,Type-B
2791,Type-B
2826,Type-C
2827,Type-C
2837,Type-B
2838,Type-B
2839,Type-B
2840,Type-B
2841,Type-B
2842,Type-B
2843,Type-B
2844,Type-B
2845,Type-B
2846,Type-B
2847,Type-B
2848,Type-B
2849,Type-B
2850,Type-B
2851,Type-B
2852,Type-B
2853,Type-B
2854,Type-B
2855,Type-B
2856,Type-B
2857,Type-B
2858,Type-B
2859,Type-B
2860,Type-B
2861,Type-B
2862,Type-B
2909,Type-B
2910,Type-B
2911,Type-B
2912,Type-B
2913,Type-B
2914,Type-B
2915,Type-B
2916,Type-B
2917,Type-B
2918,Type-B
2919,Type-B
2920,Type-B
2921,Type-B
2922,Type-B
2923,Type-B
2924,Type-B
2925,Type-B
2926,Type-B
2927,Type-B
2928,Type-B
2929,Type-B
2930,Type-B
2931,Type-B
2932,Type-B
2933,Type-B
2981,Type-B
2982,Type-B
2983,Type-B
2984,Type-B
2985,Type-B
2986,Type-B
2987,Type-B
2988,Type-B
2989,Type-B
2990,Type-B
2991,Type-B
2992,Type-B
2993,Type-B
2994,Type-B
2995,Type-B
2996,Type-B
2997,Type-B
2998,Type-B
2999,Type-B
3000,Type-B
3001,Type-B
3002,Type-B
3003,Type-B
3004,Type-B
3005,Type-B
3007,Type-B
3052,Type-B
3053,Type-B
3054,Type-B
3055,Type-B
3056,Type-B
3057,Type-B
3058,Type-B
3059,Type-B
3060,Type-B
3061,Type-B
3062,Type-B
3063,Type-B
3064,Type-B
3065,Type-B
3066,Type-B
3067,Type-B
3068,Type-B
3069,Type-B
3070,Type-B
3071,Type-B
3072,Type-B
3073,Type-B
3074,Type-B
3075,Type-B
3076,Type-B
3078,Type-B
3079,Type-B
3124,Type-B
3125,Type-B
3126,Type-B
3127,Type-B
3128,Type-B
3129,Type-B
3130,Type-B
3131,Type-B
3132,Type-B
3133,Type-B
3134,Type-B
3135,Type-B
3136,Type-B
3137,Type-B
3138,Type-B
3139,Type-B
3140,Type-B
3141,Type-B
3142,Type-B
3143,Type-B
3144,Type-B
3145,Type-B
3146,Type-B
3147,Type-B
3149,Type-B
3150,Type-B
3151,Type-B
3198,Type-B
3199,Type-B
3200,Type-B
3201,Type-B
3202,Type-B
3203,Type-B
3204,Type-B
3205,Type-B
3206,Type-B
3207,Type-B
3208,Type-B
3209,Type-B
3210,Type-B
3211,Type-B
3212,Type-B
3213,Type-B
3214,Type-B
3215,Type-B
3216,Type-B
3217,Type-B
3218,Type-B
3221,Type-B
3222,Type-B
3270,Type-B
3271,Type-B
3272,Type-B
3273,Type-B
3275,Type-B
3278,Type-B
3279,Type-B
3280,Type-B
3281,Type-B
3282,Type-B
3283,Type-B
3284,Type-B
3285,Type-B
3286,Type-B
3287,Type-B
3293,Type-B
3294,Type-B
3295,Type-B
3343,Type-B
3344,Type-B
3345,Type-B
3351,Type-B
3352,Type-B
3353,Type-B
3354,Type-B
3355,Type-B
3356,Type-B
3357,Type-B
3426,Type-B
3427,Type-B
3497,Type-B
3498,Type-B
3499,Type-B
3568,Type-B
3569,Type-B
3570,Type-B
3571,Type-B
3641,Type-B
3642,Type-B
