covariate,species,mean,l95,u95,sig95
(Intercept),Accipiter nisus,3.3167966706882908,2.4184687922431216,4.573736769641414,TRUE
(Intercept),Acridotheres cristatellus,-2.579756329319136,-3.2500733698498108,-1.8553250693025425,TRUE
(Intercept),Actitis hypoleucos,2.126509411683265,0.9840531430491004,2.8901635893132647,TRUE
(Intercept),Aegithalos concinnus,-2.614967781415139,-3.2012268768565604,-1.86287947364064,TRUE
(Intercept),Alcedo atthis,0.6875517532526624,-0.08312093012509786,1.2903439615112589,FALSE
(Intercept),Anas carolinensis,0.8709021376606664,0.2019788304457474,2.6773610384191917,TRUE
(Intercept),Anas platyrhynchos,1.6979916455999775,0.5878725428542821,2.3370129130645694,TRUE
(Intercept),Anas zonorhyncha,0.17421286520795817,-0.44914315241956737,0.6918576817836342,FALSE
(Intercept),Anthus hodgsoni,1.5584010573169882,0.20199135774494023,3.863299136516213,TRUE
(Intercept),Ardea alba,1.6995103191259384,1.2004627078084327,2.2758875231887425,TRUE
(Intercept),Ardea cinerea,1.1469349639973985,0.6502480820442524,1.5847854896040663,TRUE
(Intercept),Ardeola bacchus,-0.6242341936676626,-1.4217111170088192,0.008642902677480604,FALSE
(Intercept),Bubulcus coromandus,0.06361426805140064,-0.983144362210788,1.6063537471453104,FALSE
(Intercept),Buteo japonicus,2.0969090085348183,1.0770458630606794,3.4045252046937233,TRUE
(Intercept),Cecropis daurica,0.5098576325146433,-0.48027429171950764,1.4033330898962606,FALSE
(Intercept),Chloris sinica,2.072515528771417,1.1997146539275776,2.73942570859373,TRUE
(Intercept),Chroicocephalus ridibundus,0.5139000534342976,-0.046876869567744374,1.1852723224440544,FALSE
(Intercept),Columba livia,1.9225052321522313,0.9598109462050299,3.077911629393276,TRUE
(Intercept),Copsychus saularis,-4.613240594041267,-5.331324339800483,-3.834843445266891,TRUE
(Intercept),Corvus corone,0.9336876290012949,0.4289966935293286,1.5477682714571854,TRUE
(Intercept),Corvus macrorhynchos,0.35750331800385227,-0.18933059058424012,1.0970709693864826,FALSE
(Intercept),Cuculus canorus,4.253917688653929,2.8690815666516936,5.738850176817687,TRUE
(Intercept),Cyanopica cyanus,-0.25673307681491864,-1.5800627833962713,0.7343268561075649,FALSE
(Intercept),Dendrocopos major,0.3560178271847682,-0.9642764482236552,1.0481837128781146,FALSE
(Intercept),Dicrurus macrocercus,-1.2148634516739039,-1.838141675333759,-0.3252407821774207,TRUE
(Intercept),Egretta garzetta,-0.9075537685689962,-1.9294486194113092,-0.42373337418121476,TRUE
(Intercept),Emberiza pusilla,0.13559539156584077,-1.4770301353922441,1.1079071033334966,FALSE
(Intercept),Falco tinnunculus,2.5574493264130846,1.5677608933896148,3.4680036725430297,TRUE
(Intercept),Fulica atra,0.3973715628936997,-0.24434196042841394,1.3552815027055058,FALSE
(Intercept),Gallinula chloropus,0.3913034993610223,-1.2313100072637218,1.0380322293592927,FALSE
(Intercept),Hirundo rustica,3.0319759500426766,1.9057516216212989,3.688740959587117,TRUE
(Intercept),Lanius cristatus,1.7941087016095802,0.7786802845903499,2.664175212445885,TRUE
(Intercept),Lanius schach,-2.2475473883096084,-2.714478021185088,-1.4641543583466314,TRUE
(Intercept),Milvus migrans,1.0793311279046676,0.468786422594694,1.6561999198767823,TRUE
(Intercept),Motacilla alba,4.939588727843245,3.173461392945828,6.721095434239466,TRUE
(Intercept),Motacilla cinerea,2.2588507198462913,1.4537603570516073,2.9826957405810264,TRUE
(Intercept),Nycticorax nycticorax,-0.4166853041491644,-0.993377249600724,0.3256833846023181,FALSE
(Intercept),Parus minor,0.6247441708158721,0.18926777334325906,1.0391079005104222,TRUE
(Intercept),Passer montanus,4.8270406257443135,3.7943400288368245,5.8813519867802135,TRUE
(Intercept),Phalacrocorax carbo,1.3189585386103366,0.7646179977681651,2.5327829639438733,TRUE
(Intercept),Phasianus colchicus,1.6992751850062682,1.1881254558943812,2.203108637645806,TRUE
(Intercept),Phoenicurus auroreus,1.169096019208088,0.5062795016291198,2.011741489204309,TRUE
(Intercept),Phoenicurus fuliginosus,-1.3145248568522052,-1.803926918412868,-0.5984725309021968,TRUE
(Intercept),Phylloscopus inornatus,-0.4885007664099358,-1.1806328833628088,0.19589806470781518,FALSE
(Intercept),Phylloscopus proregulus,0.21122922469368616,-0.48643231337664683,0.8853501032528647,FALSE
(Intercept),Pica serica,0.44508019100713214,-0.418878376166149,1.080061682507536,FALSE
(Intercept),Podiceps cristatus,0.7608295816794035,0.26307864384423757,1.354235162767497,TRUE
(Intercept),Pycnonotus sinensis,-2.0384649317899806,-2.5429326104636796,-1.1239696947972404,TRUE
(Intercept),Sinosuthora webbiana,-1.7726086260222647,-2.257102176082772,-1.316210972289035,TRUE
(Intercept),Spilopelia chinensis,-1.2766758935651765,-1.812521564001063,-0.6793002146782482,TRUE
(Intercept),Spizixos semitorques,-2.835633686223696,-3.379922680560118,-2.1451446277311517,TRUE
(Intercept),Spodiopsar cineraceus,0.6858524775681549,-1.0594552688692342,2.0528759926646787,FALSE
(Intercept),Streptopelia orientalis,1.7375412926322398,1.3370341854937486,2.146451360373974,TRUE
(Intercept),Tachybaptus ruficollis,0.7302977302152728,0.0938049459370928,2.2891601769257583,TRUE
(Intercept),Tadorna ferruginea,1.1672214677640302,0.5820667550323184,1.9417630814788474,TRUE
(Intercept),Tarsiger cyanurus,0.2455195528501805,-0.2813570308461044,1.0519336591561264,FALSE
(Intercept),Tringa ochropus,1.1713660387586249,-0.5998296288243513,2.158774277307388,FALSE
(Intercept),Turdus mandarinus,-2.0104161465964974,-2.491595834818502,-1.479674550129423,TRUE
(Intercept),Upupa epops,3.154814272290235,2.2637527372552935,5.123336989362016,TRUE
(Intercept),Zosterops simplex,-2.8195464023971426,-3.519022435209216,-1.487000250851133,TRUE
bio11,Accipiter nisus,0.3482023806467547,-0.1491079900776225,0.8930434500162321,FALSE
bio11,Acridotheres cristatellus,0.374126578001738,0.057074048472278836,0.6970611242810958,TRUE
bio11,Actitis hypoleucos,0.4451488944021085,-0.030726359464670953,0.9919831959617049,FALSE
bio11,Aegithalos concinnus,-0.05026653219796667,-0.6138119234212391,0.4144210544158579,FALSE
bio11,Alcedo atthis,0.47332445527694866,0.14933260919474156,0.8296746445635903,TRUE
bio11,Anas carolinensis,0.19710886055187238,-0.1433457576713697,0.5605161961035665,FALSE
bio11,Anas platyrhynchos,0.4326911720467817,-0.03129025772899388,0.9068854664461508,FALSE
bio11,Anas zonorhyncha,0.19523836575454173,-0.18234965539479114,0.6332519865408024,FALSE
bio11,Anthus hodgsoni,-0.07612095259157592,-0.3597099075798589,0.21315836153086898,FALSE
bio11,Ardea alba,0.5552291033596528,0.15800173577934495,0.9567144015946285,TRUE
bio11,Ardea cinerea,0.580211375106306,0.2044581649093361,0.9545664855692735,TRUE
bio11,Ardeola bacchus,0.26516912667250425,-0.037351378657226604,0.556551758112739,FALSE
bio11,Bubulcus coromandus,0.29305564394614286,-0.008578023305060753,0.5989652028413129,FALSE
bio11,Buteo japonicus,0.413497635687433,-0.09282075552066976,0.9901425344859207,FALSE
bio11,Cecropis daurica,0.25724617091608415,-0.0828822706290886,0.6352012215098606,FALSE
bio11,Chloris sinica,0.19396031505643427,-0.28072912563033253,0.6009198321176116,FALSE
bio11,Chroicocephalus ridibundus,0.660987203957874,0.28217328749200665,1.071393334762544,TRUE
bio11,Columba livia,0.31389412215044715,0.010616063666067417,0.6415582908638048,TRUE
bio11,Copsychus saularis,0.29308407431062145,-0.08117300862083117,0.6744278270895485,FALSE
bio11,Corvus corone,0.23259478876121253,-0.1178427706106325,0.7133919011252989,FALSE
bio11,Corvus macrorhynchos,-0.032353673635632386,-0.27052815171949374,0.1918031967066136,FALSE
bio11,Cuculus canorus,0.09770358092646744,-0.33872568856647667,0.6313204953714837,FALSE
bio11,Cyanopica cyanus,0.0055480469274694424,-0.3078388200471115,0.32153909401609115,FALSE
bio11,Dendrocopos major,0.41640170094363177,0.11989443351273818,0.7469857121405652,TRUE
bio11,Dicrurus macrocercus,0.20974440148380363,-0.15815904627400162,0.559786464747327,FALSE
bio11,Egretta garzetta,0.3490726372855208,0.07574003201335121,0.6377463734824016,TRUE
bio11,Emberiza pusilla,0.21513626721791043,-0.2061970543543893,0.6936437078940132,FALSE
bio11,Falco tinnunculus,0.5041229367036565,0.05067586310791718,1.0109829684632163,TRUE
bio11,Fulica atra,0.5302652528708449,0.20377206019284022,0.8834873547270744,TRUE
bio11,Gallinula chloropus,0.6192599518284586,0.2535344615343491,1.0118900078095483,TRUE
bio11,Hirundo rustica,0.4759976982150808,0.06489215327176842,0.9603609777494075,TRUE
bio11,Lanius cristatus,0.37150032976987296,-0.05737316580470085,0.854272322907151,FALSE
bio11,Lanius schach,0.476291534474188,0.18620590554701105,0.7709083255180784,TRUE
bio11,Milvus migrans,0.02821365476501216,-0.23037909586267802,0.28120299073345784,FALSE
bio11,Motacilla alba,0.3003803007546837,-0.13681466414880045,0.760272941749278,FALSE
bio11,Motacilla cinerea,0.21803797980469394,-0.28715712052958303,0.7617474935030453,FALSE
bio11,Nycticorax nycticorax,0.23499005967960096,-0.07348798760940534,0.5662964397618535,FALSE
bio11,Parus minor,-0.011731273662552014,-0.3016967576759868,0.28018741567525807,FALSE
bio11,Passer montanus,0.44649993985820724,0.040324242873952046,0.9739915222595491,TRUE
bio11,Phalacrocorax carbo,0.5273356070156827,0.05118063616469286,0.9911911549689172,TRUE
bio11,Phasianus colchicus,0.8125187051427285,0.38925933595064266,1.3356699216352368,TRUE
bio11,Phoenicurus auroreus,0.10801220983982766,-0.33597855242289165,0.5144782193719808,FALSE
bio11,Phoenicurus fuliginosus,0.16958768688820988,-0.12582892483279262,0.45362127891949394,FALSE
bio11,Phylloscopus inornatus,0.21922709502473844,-0.12435662062126371,0.6161711919318601,FALSE
bio11,Phylloscopus proregulus,0.22675219679908784,-0.16079742317038373,0.6558898919578802,FALSE
bio11,Pica serica,0.4282805645182423,0.05459766784456582,0.8140058139571927,TRUE
bio11,Podiceps cristatus,0.31661579460488515,-0.1154454758699189,0.7916654402313006,FALSE
bio11,Pycnonotus sinensis,0.38299170567112684,0.05297358490094591,0.7350835437879153,TRUE
bio11,Sinosuthora webbiana,0.04886288272871025,-0.27919669737333397,0.38341049045944864,FALSE
bio11,Spilopelia chinensis,0.4466868922434168,0.1398602889318629,0.7834648197650561,TRUE
bio11,Spizixos semitorques,-0.007594668918130378,-0.45585529748158127,0.3696878029988586,FALSE
bio11,Spodiopsar cineraceus,0.4377055280374845,0.0610610429623982,0.8476902909000187,TRUE
bio11,Streptopelia orientalis,0.1401822149402082,-0.14817447441651307,0.4731228220078353,FALSE
bio11,Tachybaptus ruficollis,0.7165119330300561,0.3117705694661086,1.150783208835293,TRUE
bio11,Tadorna ferruginea,0.254623376513992,-0.1579636341868607,0.7729803466438369,FALSE
bio11,Tarsiger cyanurus,0.16323831081549112,-0.2085585035570513,0.4905842285837331,FALSE
bio11,Tringa ochropus,0.3225234650765848,-0.06595762277248976,0.8352914950884266,FALSE
bio11,Turdus mandarinus,0.2734198147608378,-0.028684356073911395,0.5925808640136873,FALSE
bio11,Upupa epops,0.3917201628165662,-0.026130322082903154,0.9073175002446989,FALSE
bio11,Zosterops simplex,0.2897275833440292,-0.037692730720181734,0.6271742361637969,FALSE
bio13,Accipiter nisus,0.7685106239736774,0.03659158580974728,1.4199507848547115,TRUE
bio13,Acridotheres cristatellus,1.011813004848023,0.7423994036344266,1.3405726838561978,TRUE
bio13,Actitis hypoleucos,-0.05791326236156653,-0.5004769628759904,0.4551547564705015,FALSE
bio13,Aegithalos concinnus,0.3857296202288944,-0.08244300717195446,0.8180985841340352,FALSE
bio13,Alcedo atthis,0.4917019279002726,0.1868666928319996,0.8080148203481039,TRUE
bio13,Anas carolinensis,0.502259537711317,0.14237735277383143,0.916462672490806,TRUE
bio13,Anas platyrhynchos,0.4413305202879473,-0.023565121670733172,1.0417105077503699,FALSE
bio13,Anas zonorhyncha,0.5323280782526444,0.1781951581199382,0.8723631592382963,TRUE
bio13,Anthus hodgsoni,0.0663070851788846,-0.16747703350272175,0.3130975261271851,FALSE
bio13,Ardea alba,0.44436819488159685,-0.04802356422340902,0.9904032736405413,FALSE
bio13,Ardea cinerea,0.21714345262960283,-0.11260126026467113,0.5496720440289162,FALSE
bio13,Ardeola bacchus,0.9487044500814471,0.6237469054839395,1.2892071240183904,TRUE
bio13,Bubulcus coromandus,0.3844961191263674,0.10975068955082845,0.6600824556948859,TRUE
bio13,Buteo japonicus,0.6027430621044167,0.21202979646522604,1.0845922609353669,TRUE
bio13,Cecropis daurica,0.6133475588974427,0.229532997540688,1.058089164402519,TRUE
bio13,Chloris sinica,0.8207410460029366,0.31578847802508164,1.2957963220569497,TRUE
bio13,Chroicocephalus ridibundus,0.282864852286721,-0.029097434257795034,0.6499756978776939,FALSE
bio13,Columba livia,0.44121911614412007,0.17145941301206713,0.7493216267589671,TRUE
bio13,Copsychus saularis,0.2956983560652753,-0.19748364645283661,0.79170009630193106,FALSE
bio13,Corvus corone,0.25561371924573406,-0.0771361622060928,0.7146958138322513,FALSE
bio13,Corvus macrorhynchos,0.2723712170988543,0.1020086908852007,0.4551171666826197,TRUE
bio13,Cuculus canorus,0.44053740397762187,-0.29424065243894515,1.079855405633775,FALSE
bio13,Cyanopica cyanus,0.89881135620354,0.4784815589526587,1.329994940256249,TRUE
bio13,Dendrocopos major,0.9992800550973235,0.6706567942504735,1.3776973346396986,TRUE
bio13,Dicrurus macrocercus,1.169047776229782,0.7925502773923248,1.5468700782562887,TRUE
bio13,Egretta garzetta,0.7121411309455361,0.451110285304355,1.0201926050054846,TRUE
bio13,Emberiza pusilla,0.5461686469677971,0.07657650024979457,1.1060353317020346,TRUE
bio13,Falco tinnunculus,0.5126615351061924,-0.12315357674921462,1.1415621980453923,FALSE
bio13,Fulica atra,0.576398759993187,0.2932792019370804,0.9161580600698261,TRUE
bio13,Gallinula chloropus,0.7886911258494285,0.38599914222380544,1.2014318239283912,TRUE
bio13,Hirundo rustica,0.031468121835626535,-0.3505288353034438,0.4331622690156486,FALSE
bio13,Lanius cristatus,0.3092076204220127,-0.10654024016587134,0.7152021698824628,FALSE
bio13,Lanius schach,0.7773762566754429,0.5089321684297852,1.075615993169185,TRUE
bio13,Milvus migrans,-0.10026126866564533,-0.2885684034806487,0.08690716025849318,FALSE
bio13,Motacilla alba,0.3810247491125592,-0.17971966713758109,0.9602334315462238,FALSE
bio13,Motacilla cinerea,0.07995270719645498,-0.24869907159956206,0.523868928128544,FALSE
bio13,Nycticorax nycticorax,1.1549798005179521,0.8259143045284126,1.4817977360100576,TRUE
bio13,Parus minor,0.6230150570830054,0.3632754980711086,0.9501977393060499,TRUE
bio13,Passer montanus,0.8616114209446553,0.1874832701475585,1.6516655387406498,TRUE
bio13,Phalacrocorax carbo,-0.019995871453536266,-0.3783961290204718,0.364908975462542,FALSE
bio13,Phasianus colchicus,1.0482401806652357,0.5146133401955472,1.7604199117187624,TRUE
bio13,Phoenicurus auroreus,0.2780281582272528,-0.04014156195114082,0.6231393133896086,FALSE
bio13,Phoenicurus fuliginosus,0.6173025825522148,0.3303822366148179,0.9148279648652586,TRUE
bio13,Phylloscopus inornatus,0.39326724075023833,0.014167876461588125,0.767542784208605,TRUE
bio13,Phylloscopus proregulus,0.4619258078231143,-0.04746357290274966,1.0211405977791796,FALSE
bio13,Pica serica,0.8127209965924357,0.4308515202049328,1.1802233732098435,TRUE
bio13,Podiceps cristatus,0.739732124344243,0.25689168720971867,1.4610567587303134,TRUE
bio13,Pycnonotus sinensis,1.763779855765352,1.3400240435833952,2.241907574990583,TRUE
bio13,Sinosuthora webbiana,1.7604625340828304,1.30255806127763,2.3126605835986602,TRUE
bio13,Spilopelia chinensis,1.7069565157854651,1.2948148301262385,2.169012585434376,TRUE
bio13,Spizixos semitorques,0.7741594201226328,0.46873190256510355,1.1202573132060145,TRUE
bio13,Spodiopsar cineraceus,0.6025300491946619,0.1411460755860736,1.0616504302976117,TRUE
bio13,Streptopelia orientalis,0.08844263156484666,-0.20811706976477445,0.38547611510085256,FALSE
bio13,Tachybaptus ruficollis,0.7058629108028457,0.3758416889867507,1.0611513083272774,TRUE
bio13,Tadorna ferruginea,0.4241206409144446,0.14645402237133556,0.735523892738487,TRUE
bio13,Tarsiger cyanurus,0.6236205627736945,0.2229632162817184,1.0857634464327952,TRUE
bio13,Tringa ochropus,0.5643411480736067,0.21305266735449696,0.9792489197836078,TRUE
bio13,Turdus mandarinus,0.9793526874992102,0.7024122025630071,1.2649759680383543,TRUE
bio13,Upupa epops,1.1077335276183076,0.5916754935068091,1.7504232655697427,TRUE
bio13,Zosterops simplex,1.143911394345565,0.7785910741566888,1.5477497317554425,TRUE
bio7,Accipiter nisus,0.14710502948356505,-0.46311005477065426,0.7206015505951276,FALSE
bio7,Acridotheres cristatellus,0.3159093598197905,-0.02178742595889715,0.6858139061575289,FALSE
bio7,Actitis hypoleucos,0.22318956484128746,-0.1498648124769521,0.6206181944561469,FALSE
bio7,Aegithalos concinnus,0.17839715666950726,-0.31707235887334473,0.6467209432296352,FALSE
bio7,Alcedo atthis,0.2709632940660711,-0.1354081073376091,0.6742041060379036,FALSE
bio7,Anas carolinensis,0.635055192100156,0.2727721560549533,1.0491682521870105,TRUE
bio7,Anas platyrhynchos,0.05987524551605429,-0.42354406212766016,0.5275372107572018,FALSE
bio7,Anas zonorhyncha,-0.056983788655751995,-0.41684427999505924,0.3082786753045348,FALSE
bio7,Anthus hodgsoni,0.3520089239010907,0.02810265264794595,0.696201331475252,TRUE
bio7,Ardea alba,0.15296597300612205,-0.3326470113788812,0.6288399547432595,FALSE
bio7,Ardea cinerea,0.2865156281210001,-0.03518329231027919,0.607387727656571,FALSE
bio7,Ardeola bacchus,-0.15740511128262677,-0.518679351937426,0.17082741755711633,FALSE
bio7,Bubulcus coromandus,0.2700513719459019,-0.038434755379171806,0.6300699100224373,FALSE
bio7,Buteo japonicus,0.21761863808779794,-0.13869615140082053,0.5769361202187686,FALSE
bio7,Cecropis daurica,0.08898945957216123,-0.3358224922381563,0.5235647287575226,FALSE
bio7,Chloris sinica,0.06374330946639703,-0.3651770635802179,0.549843182677549,FALSE
bio7,Chroicocephalus ridibundus,0.39401386125819204,0.07400579874712446,0.714668083889324,TRUE
bio7,Columba livia,0.30563884126775975,0.01186893773987008,0.5935008148370822,TRUE
bio7,Copsychus saularis,0.051713969867115704,-0.49507126406522584,0.5816409848832516,FALSE
bio7,Corvus corone,0.25666559699717206,-0.103943257790616,0.6834637454212575,FALSE
bio7,Corvus macrorhynchos,-0.07664162988615396,-0.29101822327677174,0.1369748931184462,FALSE
bio7,Cuculus canorus,0.5454077877384129,-0.009385387589189782,1.1422808295034388,FALSE
bio7,Cyanopica cyanus,0.27849793322647776,-0.12590199067750352,0.6622496649835657,FALSE
bio7,Dendrocopos major,0.23566585583641675,-0.10730228480956286,0.5890289472642023,FALSE
bio7,Dicrurus macrocercus,0.13147273455515576,-0.2750855448201045,0.5412290998023144,FALSE
bio7,Egretta garzetta,0.05107982075542032,-0.2194392338627415,0.34208671321924355,FALSE
bio7,Emberiza pusilla,0.36123690229215033,-0.10293176026784306,0.83732138332377,FALSE
bio7,Falco tinnunculus,0.15980070941505733,-0.30320072982049207,0.6839788762293016,FALSE
bio7,Fulica atra,0.098748138531249,-0.175668726647276,0.35964475321107936,FALSE
bio7,Gallinula chloropus,0.30813368008508035,-0.05422073252102759,0.6634029777758078,FALSE
bio7,Hirundo rustica,0.24404298999636898,-0.08971467627977212,0.5836254837669873,FALSE
bio7,Lanius cristatus,-0.05717329415200585,-0.5774501677377076,0.3820393677116269,FALSE
bio7,Lanius schach,0.2734656204848803,-0.05293474390867052,0.6216408274804157,FALSE
bio7,Milvus migrans,0.19169788828001758,-0.06253990760024342,0.43026710418670344,FALSE
bio7,Motacilla alba,0.17764956579051241,-0.3655902158481096,0.7105888015107136,FALSE
bio7,Motacilla cinerea,-0.04262181901083202,-0.4276224594315897,0.29598977998451104,FALSE
bio7,Nycticorax nycticorax,-0.382416858123964,-0.7148496973020521,-0.058610135314091004,TRUE
bio7,Parus minor,-0.08476303575031814,-0.3478407612146456,0.1755427033074895,FALSE
bio7,Passer montanus,-0.021055862817145676,-0.48427317482246757,0.39933641535153064,FALSE
bio7,Phalacrocorax carbo,0.14583471748998358,-0.23979495125089426,0.49704756264680483,FALSE
bio7,Phasianus colchicus,0.4320273695414931,0.051489016825591816,0.806331851848967,TRUE
bio7,Phoenicurus auroreus,0.13904776291941184,-0.1945459745956013,0.46887747414340497,FALSE
bio7,Phoenicurus fuliginosus,0.047635038749421835,-0.3102420008520056,0.4066462277629941,FALSE
bio7,Phylloscopus inornatus,-0.0938539460318233,-0.5883777978623234,0.3216375728779882,FALSE
bio7,Phylloscopus proregulus,0.31976160101501283,-0.27264214921260577,0.8978785068074697,FALSE
bio7,Pica serica,0.2862766891523272,-0.04899380037791666,0.6413143389650323,FALSE
bio7,Podiceps cristatus,0.1379095441489079,-0.32544371847056075,0.6202011351172724,FALSE
bio7,Pycnonotus sinensis,-0.5081078679094079,-0.8368349498727693,-0.19870381958183603,TRUE
bio7,Sinosuthora webbiana,-0.5280969292842842,-0.9383443891045732,-0.160478269976926,TRUE
bio7,Spilopelia chinensis,-0.2886783245687017,-0.6099738403723569,0.06593324965290451,FALSE
bio7,Spizixos semitorques,-0.08846489521068747,-0.4510887493165941,0.2551046197936567,FALSE
bio7,Spodiopsar cineraceus,0.17120637869627514,-0.22002496903936986,0.5409090235310923,FALSE
bio7,Streptopelia orientalis,0.49643585612280583,0.14352559288721883,0.8675208069319267,TRUE
bio7,Tachybaptus ruficollis,0.23838749333354986,-0.12925706417772537,0.6049164974549426,FALSE
bio7,Tadorna ferruginea,-0.2855946742945608,-0.6191090389340708,0.04580043739559426,FALSE
bio7,Tarsiger cyanurus,0.12287784532065518,-0.2648021446488835,0.5157245804620535,FALSE
bio7,Tringa ochropus,0.10548550600408728,-0.26868597842616115,0.46539917133320463,FALSE
bio7,Turdus mandarinus,0.10433001126435942,-0.19657512337048247,0.4496490822809369,FALSE
bio7,Upupa epops,0.5427833146054201,0.026177251498884967,1.113779304183629,TRUE
bio7,Zosterops simplex,0.11185537490858549,-0.3735211928271515,0.5634223708004084,FALSE
centroid_lat,Accipiter nisus,2.398649101175675,1.8453907187777023,3.026511405257937,TRUE
centroid_lat,Acridotheres cristatellus,-2.8758632056505533,-3.2996956667287205,-2.5092738070577676,TRUE
centroid_lat,Actitis hypoleucos,0.4169124473022693,0.14605072540976277,0.7370196169610717,TRUE
centroid_lat,Aegithalos concinnus,-3.2878699501185107,-3.7801859861568055,-2.8495081746887054,TRUE
centroid_lat,Alcedo atthis,-0.6955053534101328,-0.9268342275104717,-0.43170785852307214,TRUE
centroid_lat,Anas carolinensis,0.9334190201431055,0.6822114786110302,1.1890868080276646,TRUE
centroid_lat,Anas platyrhynchos,1.6233221307367447,1.3786537611043777,1.8876259259200305,TRUE
centroid_lat,Anas zonorhyncha,1.0447037007024913,0.8127304352675304,1.2797954117944261,TRUE
centroid_lat,Anthus hodgsoni,-1.9485367965743725,-2.352526696862987,-1.604555019022675,TRUE
centroid_lat,Ardea alba,0.48414668793405813,0.2673281720105988,0.7017250456543933,TRUE
centroid_lat,Ardea cinerea,0.5952678185235035,0.4101733742421849,0.7833127903238664,TRUE
centroid_lat,Ardeola bacchus,-2.2408441839002204,-2.5714418124062846,-1.9191895498782134,TRUE
centroid_lat,Bubulcus coromandus,-2.417966616843172,-2.7958816109265534,-2.0537395580362285,TRUE
centroid_lat,Buteo japonicus,0.2590760148512153,-0.06608010064746342,0.5982883949065404,FALSE
centroid_lat,Cecropis daurica,-2.676907597824104,-3.2582078995005563,-2.2270215127905435,TRUE
centroid_lat,Chloris sinica,1.4271092869628275,0.9908440962929335,1.8435565464373471,TRUE
centroid_lat,Chroicocephalus ridibundus,0.8292810537301027,0.6467541092075682,1.0179766947652178,TRUE
centroid_lat,Columba livia,0.5327587887091796,0.3202284409032795,0.7534660289804342,TRUE
centroid_lat,Copsychus saularis,-6.037312197677731,-6.921841550371381,-5.294787172501078,TRUE
centroid_lat,Corvus corone,1.4540838731642132,1.2335706304141247,1.6951554259394708,TRUE
centroid_lat,Corvus macrorhynchos,-0.27606437974613446,-0.44618618413949224,-0.10408342714564149,TRUE
centroid_lat,Cuculus canorus,3.4213651881376803,2.838616391312952,4.024025117359834,TRUE
centroid_lat,Cyanopica cyanus,2.072426116347356,1.7674510684580085,2.3870033916615823,TRUE
centroid_lat,Dendrocopos major,1.4071109887174433,1.1453408901964441,1.6656895202595106,TRUE
centroid_lat,Dicrurus macrocercus,-3.684143542796463,-4.379053847072601,-3.093985826992936,TRUE
centroid_lat,Egretta garzetta,-2.1069367037651037,-2.3867568786231192,-1.8340177371343516,TRUE
centroid_lat,Emberiza pusilla,-1.2922519297268826,-1.855050721565131,-0.7288556334747047,TRUE
centroid_lat,Falco tinnunculus,1.2339294634667966,0.9794693604285851,1.5297729623308123,TRUE
centroid_lat,Fulica atra,0.8440432097137668,0.6371131251162302,1.0501009671819053,TRUE
centroid_lat,Gallinula chloropus,-0.10321620838731052,-0.31864571386484575,0.1175044132024268,FALSE
centroid_lat,Hirundo rustica,0.5115946188677651,0.27184960205110387,0.7469702723801164,TRUE
centroid_lat,Lanius cristatus,-0.08994659345140489,-0.444781294034431,0.2468124151692021,FALSE
centroid_lat,Lanius schach,-3.4342057039000595,-3.8038992082462375,-3.0966246506375277,TRUE
centroid_lat,Milvus migrans,0.06821059606432679,-0.10650283556184517,0.2579080383814257,FALSE
centroid_lat,Motacilla alba,-1.029078187735666,-2.348774219391741,-0.06278051871761123,TRUE
centroid_lat,Motacilla cinerea,-0.2142058471889161,-0.5668278655572199,0.25175536660618747,FALSE
centroid_lat,Nycticorax nycticorax,-0.7885940450753917,-1.007116256459103,-0.5675785155680564,TRUE
centroid_lat,Parus minor,-3.142020773873625,-3.7476330555927504,-2.6651699032102156,TRUE
centroid_lat,Passer montanus,1.7849430483211677,1.3053328910235473,2.342991111947674,TRUE
centroid_lat,Phalacrocorax carbo,1.0611014306365019,0.8612102398968231,1.272488247075912,TRUE
centroid_lat,Phasianus colchicus,1.8858841502277417,1.6175653792279925,2.1667565343439055,TRUE
centroid_lat,Phoenicurus auroreus,-3.0445481270514043,-3.7742031972979784,-2.4608321431111024,TRUE
centroid_lat,Phoenicurus fuliginosus,-1.9488876454344664,-2.2540119282376754,-1.6896520567023892,TRUE
centroid_lat,Phylloscopus inornatus,-3.1952948004407213,-3.861996254273296,-2.589239692473182,TRUE
centroid_lat,Phylloscopus proregulus,-2.203196165986938,-2.6695224858342135,-1.698823706979376,TRUE
centroid_lat,Pica serica,0.8860555132961873,0.6748314926873396,1.1046047967025503,TRUE
centroid_lat,Podiceps cristatus,1.422411300560889,1.173963638452165,1.6513181250148474,TRUE
centroid_lat,Pycnonotus sinensis,-2.1081355539445745,-2.405651101637879,-1.819994125179386,TRUE
centroid_lat,Sinosuthora webbiana,-0.07652632161471473,-0.3482166186693346,0.18386948094485162,FALSE
centroid_lat,Spilopelia chinensis,-2.0616187595512936,-2.409451808302814,-1.7318843607074432,TRUE
centroid_lat,Spizixos semitorques,-1.3906138720894605,-1.6145186898406134,-1.1992543571507297,TRUE
centroid_lat,Spodiopsar cineraceus,1.057216107750728,0.7894292088898334,1.32483490821497,TRUE
centroid_lat,Streptopelia orientalis,-0.11650560095787213,-0.37900840097385347,0.1839607740163046,FALSE
centroid_lat,Tachybaptus ruficollis,-0.38494840247650014,-0.5897900873580615,-0.1828527144980318,TRUE
centroid_lat,Tadorna ferruginea,1.8218685052028574,1.563389777006648,2.1119845676479354,TRUE
centroid_lat,Tarsiger cyanurus,-0.5874434692059273,-0.9345271898704341,-0.19548369462299792,TRUE
centroid_lat,Tringa ochropus,0.49011542928970997,0.1948692078447032,0.8397173677843508,TRUE
centroid_lat,Turdus mandarinus,-2.5979821097616767,-3.0328492746790507,-2.2016711927239685,TRUE
centroid_lat,Upupa epops,2.0245735569719727,1.7022852624451437,2.3386025902138203,TRUE
centroid_lat,Zosterops simplex,-5.5076194281330935,-6.305628205399351,-4.815866761243545,TRUE
centroid_lon,Accipiter nisus,-1.2458013601014686,-1.832952738694845,-0.6925011973787385,TRUE
centroid_lon,Acridotheres cristatellus,3.2172284056976053,2.8013910942863194,3.6827236782849333,TRUE
centroid_lon,Actitis hypoleucos,0.9454248375436232,0.6396975972086469,1.2676051710851288,TRUE
centroid_lon,Aegithalos concinnus,1.7715913323467791,1.4670705323337243,2.063095031706959,TRUE
centroid_lon,Alcedo atthis,2.394312298191073,2.101214173320955,2.7347406512020642,TRUE
centroid_lon,Anas carolinensis,1.2293254339197706,0.9799069757573102,1.4741773292088942,TRUE
centroid_lon,Anas platyrhynchos,0.6088925491811281,0.41014930145675155,0.8136175378444315,TRUE
centroid_lon,Anas zonorhyncha,2.4219854317195186,2.1131158855493744,2.723993173195594,TRUE
centroid_lon,Anthus hodgsoni,1.940107943767207,1.6338430705771219,2.2581103104337297,TRUE
centroid_lon,Ardea alba,1.1795149240259648,0.9338978881503406,1.4406902309243907,TRUE
centroid_lon,Ardea cinerea,1.4302432297380125,1.2252688556505205,1.6343120490113208,TRUE
centroid_lon,Ardeola bacchus,2.4932675210744875,2.1688476065421676,2.8380719903490967,TRUE
centroid_lon,Bubulcus coromandus,1.7683883204288713,1.4620754852009616,2.076800973466911,TRUE
centroid_lon,Buteo japonicus,1.9856430624082881,1.595170755299055,2.3583305106416805,TRUE
centroid_lon,Cecropis daurica,4.723133357563131,4.141823212686399,5.363956622567342,TRUE
centroid_lon,Chloris sinica,6.175566421437251,4.905008130996695,7.435123230051104,TRUE
centroid_lon,Chroicocephalus ridibundus,0.5450645636679624,0.35786322647796454,0.7290712991112476,TRUE
centroid_lon,Columba livia,-0.6151521762195101,-0.8355569294842439,-0.38393406460585605,TRUE
centroid_lon,Copsychus saularis,3.4264747485217955,2.9143784696935606,4.074260993113972,TRUE
centroid_lon,Corvus corone,-0.5178650934444815,-0.7376762593756605,-0.3022363137913776,TRUE
centroid_lon,Corvus macrorhynchos,0.5379846066634776,0.4097831024390489,0.6707851986243165,TRUE
centroid_lon,Cuculus canorus,-2.2663551690998167,-3.048521542845175,-1.600746917097333,TRUE
centroid_lon,Cyanopica cyanus,2.388221521900598,2.0619926408954625,2.725127442292284,TRUE
centroid_lon,Dendrocopos major,1.4200750160463225,1.1991539902411041,1.6390582953056885,TRUE
centroid_lon,Dicrurus macrocercus,3.2818818084971197,2.7190488036411953,3.859732776927312,TRUE
centroid_lon,Egretta garzetta,2.4490356358172507,2.1756437088355662,2.734579597431212,TRUE
centroid_lon,Emberiza pusilla,3.4143849633770627,2.8312232104169075,3.9687778675138867,TRUE
centroid_lon,Falco tinnunculus,-0.40973583488431276,-0.7391151246726267,-0.07640876807011229,TRUE
centroid_lon,Fulica atra,0.7897154691979474,0.5882979023665056,0.960575102612455,TRUE
centroid_lon,Gallinula chloropus,1.3623058295425388,1.0997874890788686,1.6444324518462516,TRUE
centroid_lon,Hirundo rustica,2.0168450055498717,1.7346501643813343,2.3361354866534523,TRUE
centroid_lon,Lanius cristatus,3.543471036023456,2.9209754805647083,4.203972258562707,TRUE
centroid_lon,Lanius schach,2.7051243511645073,2.392335022320986,3.0220497067095557,TRUE
centroid_lon,Milvus migrans,-0.9132386195024915,-1.1848690619963742,-0.6580457598711571,TRUE
centroid_lon,Motacilla alba,-0.8462338130647333,-1.8750724117135642,-0.2545129645696251,TRUE
centroid_lon,Motacilla cinerea,1.2037237150393625,0.682635255158357,1.7538929064746926,TRUE
centroid_lon,Nycticorax nycticorax,1.5942710965548812,1.3708608237527402,1.8255841530393933,TRUE
centroid_lon,Parus minor,3.431707363209591,2.9868050618603763,4.0133794146177735,TRUE
centroid_lon,Passer montanus,1.8526987726518267,1.1667309183658334,2.331017715038375,TRUE
centroid_lon,Phalacrocorax carbo,0.8171093230338055,0.599457005748004,1.034609688110229,TRUE
centroid_lon,Phasianus colchicus,2.1858212602590603,1.88822873114675,2.481092918277941,TRUE
centroid_lon,Phoenicurus auroreus,4.339027498963789,3.576976174492681,5.011071367631416,TRUE
centroid_lon,Phoenicurus fuliginosus,0.37205304964434127,0.15690169213773483,0.5719383990776371,TRUE
centroid_lon,Phylloscopus inornatus,5.434412131301188,4.52546754741475,6.412933320628239,TRUE
centroid_lon,Phylloscopus proregulus,5.00334926757441,4.361060300560127,5.725585392485715,TRUE
centroid_lon,Pica serica,2.9640354457947033,2.6428381779620516,3.2549978790164014,TRUE
centroid_lon,Podiceps cristatus,0.24319213318683125,0.047005376338550106,0.42745575354114385,TRUE
centroid_lon,Pycnonotus sinensis,4.46047484937861,4.022704253173663,4.881573352581361,TRUE
centroid_lon,Sinosuthora webbiana,3.3780106575035864,2.9642624359339447,3.7809703386133124,TRUE
centroid_lon,Spilopelia chinensis,3.116696848941779,2.725794930186387,3.4961786987594627,TRUE
centroid_lon,Spizixos semitorques,1.8555008364484389,1.626328972938615,2.1067559742048894,TRUE
centroid_lon,Spodiopsar cineraceus,3.56026559080071,3.1044893545702896,4.155221307486301,TRUE
centroid_lon,Streptopelia orientalis,1.0799166128515523,0.8396043987140139,1.348012712881572,TRUE
centroid_lon,Tachybaptus ruficollis,1.9436588033957858,1.6969703278176822,2.166933570702877,TRUE
centroid_lon,Tadorna ferruginea,-2.067016276571977,-2.322890739976443,-1.8119838482311343,TRUE
centroid_lon,Tarsiger cyanurus,2.8577374120795556,2.3122810724753693,3.4347839957332127,TRUE
centroid_lon,Tringa ochropus,1.0746015680018146,0.7427323962473571,1.3960225022011652,TRUE
centroid_lon,Turdus mandarinus,2.9940690848526317,2.6334010740041034,3.4185783155114944,TRUE
centroid_lon,Upupa epops,-1.1655601644407492,-1.5564515518336086,-0.8401989889957187,TRUE
centroid_lon,Zosterops simplex,5.189289954645207,4.412744940473624,5.889884322635581,TRUE
elev_mean,Accipiter nisus,-0.7615649123802776,-1.7049366458278041,0.4452574024189797,FALSE
elev_mean,Acridotheres cristatellus,-1.7796139538224363,-2.427260566404894,-1.2049108089064862,TRUE
elev_mean,Actitis hypoleucos,0.058079915881718035,-0.5901954467164404,0.82259690271409025,FALSE
elev_mean,Aegithalos concinnus,-0.8709743573501112,-1.7314504540958986,-0.17303149571249415,TRUE
elev_mean,Alcedo atthis,-0.4840991223565551,-0.9804614556873522,0.056982738584220094,FALSE
elev_mean,Anas carolinensis,-0.7440409604393677,-1.2712043392532397,-0.1332834749882037,TRUE
elev_mean,Anas platyrhynchos,-0.525131645399722,-1.12284066156588,0.23619375489796177,FALSE
elev_mean,Anas zonorhyncha,-0.6975690837865062,-1.1958671823146676,-0.1980286518461289,TRUE
elev_mean,Anthus hodgsoni,-1.1675959641045373,-1.5727803955048665,-0.7408384870827579,TRUE
elev_mean,Ardea alba,0.5832530852505725,0.026663576365480286,1.2379311039206886,TRUE
elev_mean,Ardea cinerea,0.06179492764279598,-0.3101391349514193,0.4359347933658889,FALSE
elev_mean,Ardeola bacchus,-1.216670418004567,-1.7469063857134266,-0.6958193409291864,TRUE
elev_mean,Bubulcus coromandus,-1.083421720821576,-1.652757073283028,-0.5450746890208832,TRUE
elev_mean,Buteo japonicus,-0.29900506018602246,-0.8259250790253936,0.16237143740856808,FALSE
elev_mean,Cecropis daurica,0.29684128459729847,-0.547380419696706,1.1538191814373757,FALSE
elev_mean,Chloris sinica,-3.2724856922369523,-4.277667951902545,-2.150275518827531,TRUE
elev_mean,Chroicocephalus ridibundus,-0.13261400995263004,-0.5788249849402087,0.4112053616632189,FALSE
elev_mean,Columba livia,-0.37690079179619607,-0.8410809694577293,0.09837437181521098,FALSE
elev_mean,Copsychus saularis,-1.1082049364116657,-2.3302201187549643,-0.039275895608819306,TRUE
elev_mean,Corvus corone,0.0359203075808278,-0.629872879555378,0.9235601406826879,FALSE
elev_mean,Corvus macrorhynchos,-0.7530449295433901,-1.0933575703697764,-0.47223482457048876,TRUE
elev_mean,Cuculus canorus,-1.5645439471320102,-2.610675631178383,-0.49877301562446497,TRUE
elev_mean,Cyanopica cyanus,-1.7315045702237215,-2.2703474612698127,-1.160949183620625,TRUE
elev_mean,Dendrocopos major,-2.0124602053608514,-2.4656689350005996,-1.5595267645419424,TRUE
elev_mean,Dicrurus macrocercus,-2.3175876487713927,-3.2699067586399897,-1.638202749230377,TRUE
elev_mean,Egretta garzetta,-0.7666996428676762,-1.1910793687616001,-0.3208407967345327,TRUE
elev_mean,Emberiza pusilla,-0.29813092053210327,-1.0283511933307268,0.629616489229042,FALSE
elev_mean,Falco tinnunculus,-0.09473973970226325,-0.9364750303440865,0.7668975944161289,FALSE
elev_mean,Fulica atra,-0.6274593594596971,-1.0307539074381817,-0.1744740769578558,TRUE
elev_mean,Gallinula chloropus,-0.10688962570240472,-0.6422107298627306,0.39349881265191544,FALSE
elev_mean,Hirundo rustica,0.9862916094937111,0.481176288001257,1.5337412478853747,TRUE
elev_mean,Lanius cristatus,-0.3696513837607937,-1.0607890634052306,0.3498197733403476,FALSE
elev_mean,Lanius schach,-1.757714225663865,-2.455204286627642,-1.1802680872231783,TRUE
elev_mean,Milvus migrans,-0.33346378955726463,-0.699981635705334,0.06624586954063638,FALSE
elev_mean,Motacilla alba,-0.6436543027063215,-1.296947687539571,0.02917936209237406,FALSE
elev_mean,Motacilla cinerea,0.37647102939354404,-0.23405242227676118,1.0104279681093489,FALSE
elev_mean,Nycticorax nycticorax,-0.7225227543851884,-1.2175069079217629,-0.30347328821666475,TRUE
elev_mean,Parus minor,-0.8582439407763168,-1.2633613094215557,-0.4713885302014423,TRUE
elev_mean,Passer montanus,-1.007385000615378,-1.8289403240070699,-0.24965214662625956,TRUE
elev_mean,Phalacrocorax carbo,-0.0592668143314555,-0.6338421132126658,0.5525388981652904,FALSE
elev_mean,Phasianus colchicus,-0.8587142124104973,-1.3886930470895986,-0.3631033453149333,TRUE
elev_mean,Phoenicurus auroreus,-1.5131292247458903,-2.037130427380205,-1.0066221665345503,TRUE
elev_mean,Phoenicurus fuliginosus,-1.3909978966504621,-2.205459070509737,-0.6967509387862566,TRUE
elev_mean,Phylloscopus inornatus,-0.22504295482358147,-0.950317561391486,0.5949888957365406,FALSE
elev_mean,Phylloscopus proregulus,-0.5650007162779703,-1.5174401931047243,0.7463898258818737,FALSE
elev_mean,Pica serica,-1.133611749848172,-1.5915880337670671,-0.6581758274610767,TRUE
elev_mean,Podiceps cristatus,-0.9273874557279222,-1.4205806742519256,-0.2522190137111524,TRUE
elev_mean,Pycnonotus sinensis,-2.3000155637044983,-2.899212320119932,-1.7920719223708161,TRUE
elev_mean,Sinosuthora webbiana,-2.3456207851165054,-2.984877145716207,-1.7327056603188227,TRUE
elev_mean,Spilopelia chinensis,-2.1188670472125706,-2.6723208034607415,-1.6127142374175842,TRUE
elev_mean,Spizixos semitorques,-1.7167348793246506,-2.4583140814680515,-1.1011328709929997,TRUE
elev_mean,Spodiopsar cineraceus,-0.7098368673030219,-1.3396103241405308,-0.13259150135819592,TRUE
elev_mean,Streptopelia orientalis,-0.21948849104296927,-0.6609335831583885,0.32046182472523443,FALSE
elev_mean,Tachybaptus ruficollis,-0.02094789950088729,-0.5468336532074843,0.4883643947345,FALSE
elev_mean,Tadorna ferruginea,-0.5974148716198772,-1.1744771203623043,0.006910736457760381,FALSE
elev_mean,Tarsiger cyanurus,-1.544209587847522,-2.2379686762551367,-0.8803790495173363,TRUE
elev_mean,Tringa ochropus,-0.5655590178570106,-1.1341157068390297,0.041003255408812216,FALSE
elev_mean,Turdus mandarinus,-1.9902959605336497,-2.5823782166592597,-1.4640701999287877,TRUE
elev_mean,Upupa epops,-1.4934371644740265,-2.204003162521373,-0.7468175015906695,TRUE
elev_mean,Zosterops simplex,-2.3348160325069713,-3.085017390054163,-1.5586342388042536,TRUE
elev_sd,Accipiter nisus,0.10371503082747277,-0.3029971227593188,0.48521542948903734,FALSE
elev_sd,Acridotheres cristatellus,0.1518210485387882,-0.08817715156343583,0.3783370973933935,FALSE
elev_sd,Actitis hypoleucos,0.2163103872495931,-0.08833568268208869,0.544468094818737,FALSE
elev_sd,Aegithalos concinnus,0.08701276689779228,-0.22871760579445283,0.40153539998980414,FALSE
elev_sd,Alcedo atthis,0.24331902216066734,-0.09042261823516842,0.5315513343028784,FALSE
elev_sd,Anas carolinensis,0.12154311700751196,-0.1659105366572337,0.4405586730757107,FALSE
elev_sd,Anas platyrhynchos,0.17127559506379272,-0.16844085971241218,0.5224141545304163,FALSE
elev_sd,Anas zonorhyncha,0.082344107258609,-0.1798012800686608,0.32860009990976835,FALSE
elev_sd,Anthus hodgsoni,0.07230547957070967,-0.14230230092950613,0.3310296214945745,FALSE
elev_sd,Ardea alba,0.4036306508573474,0.08829966199569463,0.7471441116925046,TRUE
elev_sd,Ardea cinerea,0.2975317173539524,0.04583651788487393,0.5969968820106379,TRUE
elev_sd,Ardeola bacchus,0.06834465520281467,-0.17470616370353423,0.2855645421008825,FALSE
elev_sd,Bubulcus coromandus,-0.09252627128273587,-0.35915951104211463,0.1632115169969574,FALSE
elev_sd,Buteo japonicus,0.21671920383216328,-0.06452088403002307,0.5506142139320076,FALSE
elev_sd,Cecropis daurica,0.040648211442857685,-0.2722188358490434,0.3695912956361278,FALSE
elev_sd,Chloris sinica,0.08721226928507822,-0.25891982032629146,0.46546421099487567,FALSE
elev_sd,Chroicocephalus ridibundus,0.26502325650450853,-0.05887808888015897,0.59898865562168635,FALSE
elev_sd,Columba livia,0.04711930912940617,-0.1967031712906334,0.29612285908319147,FALSE
elev_sd,Copsychus saularis,0.11288499370730169,-0.25653280074349505,0.5117307173521306,FALSE
elev_sd,Corvus corone,0.2583484894025574,-0.09496601739196141,0.686230319579992,FALSE
elev_sd,Corvus macrorhynchos,0.08935247607546742,-0.06972146901483942,0.2622771510548922,FALSE
elev_sd,Cuculus canorus,0.025027085342428156,-0.4143157699355281,0.4274488112802888,FALSE
elev_sd,Cyanopica cyanus,0.09077329143962559,-0.17802713975316392,0.31501963292753693,FALSE
elev_sd,Dendrocopos major,0.11331534578538993,-0.1406845881096719,0.3897442286259617,FALSE
elev_sd,Dicrurus macrocercus,0.2785228591660518,0.021915347635604928,0.5679067632933099,TRUE
elev_sd,Egretta garzetta,0.04418354803999938,-0.17750126883939688,0.2739649158599461,FALSE
elev_sd,Emberiza pusilla,0.047866360345855584,-0.27470949464280703,0.39541505881939354,FALSE
elev_sd,Falco tinnunculus,0.11547505098462596,-0.2317118848378525,0.48441876891276725,FALSE
elev_sd,Fulica atra,0.15017260067260477,-0.12730975304693104,0.4356749145152603,FALSE
elev_sd,Gallinula chloropus,0.31519943335643225,0.025494779417276413,0.6281012279063827,TRUE
elev_sd,Hirundo rustica,0.2515132073608206,-0.06217335411933904,0.5700429089816612,FALSE
elev_sd,Lanius cristatus,0.12352853448493677,-0.16506922235127203,0.44775010058491593,FALSE
elev_sd,Lanius schach,0.19477205609135723,-0.036539404086558924,0.4157705063206033,FALSE
elev_sd,Milvus migrans,0.039894247854509686,-0.14987137987522475,0.217050479505355,FALSE
elev_sd,Motacilla alba,0.09554644027242032,-0.2168995909090059,0.43175868289330366,FALSE
elev_sd,Motacilla cinerea,0.03157028526787828,-0.23419023962831287,0.32697601756995176,FALSE
elev_sd,Nycticorax nycticorax,-0.2737384452742561,-0.5091573638059026,-0.02317643058363903,TRUE
elev_sd,Parus minor,0.016579369926099322,-0.1991323110696998,0.22671562319081157,FALSE
elev_sd,Passer montanus,0.12635136426451446,-0.215854715066269,0.5059389771898822,FALSE
elev_sd,Phalacrocorax carbo,0.14652552306169858,-0.14697426121444013,0.44996590248370133,FALSE
elev_sd,Phasianus colchicus,0.0311008490320697,-0.23909851949455208,0.30552145183128754,FALSE
elev_sd,Phoenicurus auroreus,0.2698228571976153,-0.04666412485065344,0.6247976091219611,FALSE
elev_sd,Phoenicurus fuliginosus,0.11319337769479099,-0.1799561891281399,0.3657533321931703,FALSE
elev_sd,Phylloscopus inornatus,0.18865650567945005,-0.15633760929120752,0.5760012021766334,FALSE
elev_sd,Phylloscopus proregulus,0.06857788417873234,-0.30867277585773906,0.4345551531287183,FALSE
elev_sd,Pica serica,-0.10383123378972339,-0.4597879801880691,0.19090822053765366,FALSE
elev_sd,Podiceps cristatus,0.0791464607639676,-0.2414636846747882,0.41268116379113406,FALSE
elev_sd,Pycnonotus sinensis,-0.021263156558022942,-0.2587014651903854,0.19894151329681392,FALSE
elev_sd,Sinosuthora webbiana,-0.19435002381937116,-0.46147073891853013,0.05478056401080531,FALSE
elev_sd,Spilopelia chinensis,-0.1195170582949105,-0.34345895644935587,0.09194770162124508,FALSE
elev_sd,Spizixos semitorques,0.16368196604522378,-0.08287773772334475,0.4046198003105636,FALSE
elev_sd,Spodiopsar cineraceus,0.024995523978669252,-0.2535267247155631,0.2989841204933455,FALSE
elev_sd,Streptopelia orientalis,0.10704987211456167,-0.15006927406429965,0.3788720513257464,FALSE
elev_sd,Tachybaptus ruficollis,0.13931592276395371,-0.11982489422791807,0.4025553213134101,FALSE
elev_sd,Tadorna ferruginea,0.00930724913763401,-0.25072070899976606,0.31909239132862366,FALSE
elev_sd,Tarsiger cyanurus,0.0019167031611453532,-0.2703146745606424,0.3058988932453046,FALSE
elev_sd,Tringa ochropus,0.013917749206967414,-0.29546465412391043,0.2948343583386782,FALSE
elev_sd,Turdus mandarinus,0.23871893276872425,0.017958308738035597,0.4915478574338489,TRUE
elev_sd,Upupa epops,-0.07042463768624316,-0.4244191143575785,0.29850791548807937,FALSE
elev_sd,Zosterops simplex,0.288811785002803,0.024218255679846756,0.5806908025114054,TRUE
habitat_diversity_shannon,Accipiter nisus,-0.204996725305904,-0.656916371616374,0.2629556676144316,FALSE
habitat_diversity_shannon,Acridotheres cristatellus,-0.23529889603462642,-0.5331232006273856,0.04561609011519048,FALSE
habitat_diversity_shannon,Actitis hypoleucos,0.02832305798901821,-0.2821924701884399,0.33645110998518823,FALSE
habitat_diversity_shannon,Aegithalos concinnus,-0.14041547699668694,-0.4705199250786609,0.19423074861306333,FALSE
habitat_diversity_shannon,Alcedo atthis,-0.18525938835199057,-0.5128009820960464,0.15501234174459494,FALSE
habitat_diversity_shannon,Anas carolinensis,-0.3467394685862698,-0.6602111484002691,-0.04717292676067133,TRUE
habitat_diversity_shannon,Anas platyrhynchos,-0.1911426665621706,-0.6013636244168589,0.22878829001674156,FALSE
habitat_diversity_shannon,Anas zonorhyncha,-0.26359932474990394,-0.5528875813409952,0.008372241332185622,FALSE
habitat_diversity_shannon,Anthus hodgsoni,-0.12046091900065062,-0.40648610655976314,0.13188348021810772,FALSE
habitat_diversity_shannon,Ardea alba,0.09492942458231511,-0.18005340966474503,0.36236966512891644,FALSE
habitat_diversity_shannon,Ardea cinerea,-0.03795066247341854,-0.2957503869498269,0.23142573589622653,FALSE
habitat_diversity_shannon,Ardeola bacchus,-0.16028565183022236,-0.4066570174678124,0.08152094497626758,FALSE
habitat_diversity_shannon,Bubulcus coromandus,-0.3131679495064216,-0.610332214815037,-0.019186861162924777,TRUE
habitat_diversity_shannon,Buteo japonicus,-0.11642069173985563,-0.43907335038750417,0.17402569425988218,FALSE
habitat_diversity_shannon,Cecropis daurica,-0.15926717184881756,-0.46553369158066454,0.14872236787857185,FALSE
habitat_diversity_shannon,Chloris sinica,-0.025061524005759873,-0.37369644777410604,0.3482057877856616,FALSE
habitat_diversity_shannon,Chroicocephalus ridibundus,-0.22894815655892484,-0.49075326195374935,0.046399679429864005,FALSE
habitat_diversity_shannon,Columba livia,-0.16112448475856736,-0.40325284900800507,0.0906001110734603,FALSE
habitat_diversity_shannon,Copsychus saularis,-0.17389308771547482,-0.6144363651759781,0.21649750418906144,FALSE
habitat_diversity_shannon,Corvus corone,-0.1512184903368057,-0.43742708173964373,0.1577967404203374,FALSE
habitat_diversity_shannon,Corvus macrorhynchos,-0.10685629110556291,-0.31519782364891646,0.0883664846974917,FALSE
habitat_diversity_shannon,Cuculus canorus,-0.012295267075249862,-0.43830777681540045,0.4590152549282677,FALSE
habitat_diversity_shannon,Cyanopica cyanus,-0.44300078457616643,-0.761644451693344,-0.15856863845194877,TRUE
habitat_diversity_shannon,Dendrocopos major,-0.35399603352615117,-0.6455523048764138,-0.07687937700084985,TRUE
habitat_diversity_shannon,Dicrurus macrocercus,-0.07138197734054373,-0.3885409521999599,0.25023300083025607,FALSE
habitat_diversity_shannon,Egretta garzetta,-0.1162734357890249,-0.3572531488086004,0.12211543933131921,FALSE
habitat_diversity_shannon,Emberiza pusilla,-0.15718247312350725,-0.5053735726879156,0.2332430831580642,FALSE
habitat_diversity_shannon,Falco tinnunculus,-0.16556684291549445,-0.5536536023563667,0.2213226336158819,FALSE
habitat_diversity_shannon,Fulica atra,-0.22929878375014065,-0.5110836032415992,0.07132766054433659,FALSE
habitat_diversity_shannon,Gallinula chloropus,-0.19199838436484168,-0.4897145433013216,0.09705956152791886,FALSE
habitat_diversity_shannon,Hirundo rustica,0.15809352951094047,-0.13561290949469645,0.4974978630708188,FALSE
habitat_diversity_shannon,Lanius cristatus,-0.1445084107896172,-0.4763223889524244,0.21672285693344806,FALSE
habitat_diversity_shannon,Lanius schach,-0.13119672402842597,-0.4220491496247933,0.15399894840156908,FALSE
habitat_diversity_shannon,Milvus migrans,0.0471669385240005,-0.18413192385284993,0.2875670243407552,FALSE
habitat_diversity_shannon,Motacilla alba,-0.21396441575127365,-0.5839882476949301,0.15920490626337053,FALSE
habitat_diversity_shannon,Motacilla cinerea,0.0531980152441649,-0.23648798476819208,0.39796310233500454,FALSE
habitat_diversity_shannon,Nycticorax nycticorax,-0.16051231902835056,-0.43242828572919156,0.11348573914503196,FALSE
habitat_diversity_shannon,Parus minor,-0.2546404813818748,-0.4997189565760797,-0.008617378320234532,TRUE
habitat_diversity_shannon,Passer montanus,-0.07287039182292218,-0.4550683639617337,0.33934943202273377,FALSE
habitat_diversity_shannon,Phalacrocorax carbo,-0.39800044532054796,-0.7479701634469065,-0.08494301298007283,TRUE
habitat_diversity_shannon,Phasianus colchicus,-0.4510070729751134,-0.7796556221094182,-0.1607602790774738,TRUE
habitat_diversity_shannon,Phoenicurus auroreus,-0.44373405707104485,-0.7857935511038002,-0.1238734302099249,TRUE
habitat_diversity_shannon,Phoenicurus fuliginosus,-0.056196802641298074,-0.3254102332011739,0.2102348855769688,FALSE
habitat_diversity_shannon,Phylloscopus inornatus,-0.25133636617697025,-0.5835796746936129,0.029506481592159364,FALSE
habitat_diversity_shannon,Phylloscopus proregulus,-0.40559122299213096,-0.8492835379356125,-0.03785700378832761,TRUE
habitat_diversity_shannon,Pica serica,-0.29009846794454053,-0.5857653329388122,-0.017922777425815762,TRUE
habitat_diversity_shannon,Podiceps cristatus,-0.4833996032035762,-0.8331010964066312,-0.09832502975008584,TRUE
habitat_diversity_shannon,Pycnonotus sinensis,-0.2794748181634212,-0.5539418710518271,-0.028428912087142905,TRUE
habitat_diversity_shannon,Sinosuthora webbiana,-0.327345121322184,-0.6151973382915548,-0.06055503253961764,TRUE
habitat_diversity_shannon,Spilopelia chinensis,-0.2996805120646707,-0.5739846727336553,-0.06801126441661597,TRUE
habitat_diversity_shannon,Spizixos semitorques,-0.06272662209327025,-0.30739433708608155,0.20610225055232528,FALSE
habitat_diversity_shannon,Spodiopsar cineraceus,-0.31795891637464574,-0.6297874017867231,-0.015707375229012596,TRUE
habitat_diversity_shannon,Streptopelia orientalis,-0.1772617273135792,-0.47057358481013223,0.11516347574968935,FALSE
habitat_diversity_shannon,Tachybaptus ruficollis,-0.18536708966967919,-0.5131039053895594,0.084593885514573,FALSE
habitat_diversity_shannon,Tadorna ferruginea,-0.24402274024937085,-0.553068355839669,0.06782373487652632,FALSE
habitat_diversity_shannon,Tarsiger cyanurus,-0.25336553290771435,-0.617261346683138,0.10574414907665507,FALSE
habitat_diversity_shannon,Tringa ochropus,-0.142042760039217,-0.4656012560797458,0.16429034060887493,FALSE
habitat_diversity_shannon,Turdus mandarinus,-0.12139625157655429,-0.41412342827847803,0.14573638591546356,FALSE
habitat_diversity_shannon,Upupa epops,-0.35713912049246027,-0.8096585229650076,0.08176130983366278,FALSE
habitat_diversity_shannon,Zosterops simplex,-0.1718811758017612,-0.46998525178436246,0.1441946489069723,FALSE
hfi_mean,Accipiter nisus,0.012058342327062757,-0.5670906991139327,0.6597773087787899,FALSE
hfi_mean,Acridotheres cristatellus,-0.1630765268805567,-0.545427695498778,0.2626322243281989,FALSE
hfi_mean,Actitis hypoleucos,-0.05378695186560548,-0.5554862592588232,0.46048821548519137,FALSE
hfi_mean,Aegithalos concinnus,-0.3066718496305358,-0.8451268339637287,0.18708554443383127,FALSE
hfi_mean,Alcedo atthis,0.0025028339229682677,-0.42765474500359546,0.45131406788133777,FALSE
hfi_mean,Anas carolinensis,-0.3687887187249708,-0.8214468064769707,0.07945838492438775,FALSE
hfi_mean,Anas platyrhynchos,0.018661324314991415,-0.5643791865916483,0.6266996420441375,FALSE
hfi_mean,Anas zonorhyncha,-0.09967957178399323,-0.5575052728986771,0.3927398351123278,FALSE
hfi_mean,Anthus hodgsoni,-0.4681339552250532,-0.8326448154633371,-0.1171968305625413,TRUE
hfi_mean,Ardea alba,0.6389196281912569,0.06313988387149536,1.2974731091616492,TRUE
hfi_mean,Ardea cinerea,0.15827349072856586,-0.21825021427677072,0.5767404921326995,FALSE
hfi_mean,Ardeola bacchus,-0.27329706083234856,-0.6650218912200264,0.10389237380228626,FALSE
hfi_mean,Bubulcus coromandus,-0.18919781353442452,-0.5799557233517513,0.20309271524088238,FALSE
hfi_mean,Buteo japonicus,-0.01654285740725676,-0.46610170607357504,0.4292964809979293,FALSE
hfi_mean,Cecropis daurica,0.19921874039277426,-0.24203519100541804,0.644163888087454,FALSE
hfi_mean,Chloris sinica,-0.040809676389103385,-0.62420949740543,0.47178996200660267,FALSE
hfi_mean,Chroicocephalus ridibundus,-0.07620897196612689,-0.4753054641593719,0.3068110074050588,FALSE
hfi_mean,Columba livia,0.0861293779807817,-0.30248065054328793,0.4934162787217742,FALSE
hfi_mean,Copsychus saularis,-0.1619907934883072,-0.734989989193185,0.3512458337118135,FALSE
hfi_mean,Corvus corone,0.09547879067141041,-0.34194669797522087,0.5372692383057729,FALSE
hfi_mean,Corvus macrorhynchos,-0.1839209534900169,-0.4664129259326429,0.11323529106120853,FALSE
hfi_mean,Cuculus canorus,-0.09134339732185158,-0.7223976902733986,0.5693324621859055,FALSE
hfi_mean,Cyanopica cyanus,0.035245700808055044,-0.3325208766421052,0.45991119804236347,FALSE
hfi_mean,Dendrocopos major,-0.08155375115487744,-0.4801757289163737,0.3410788321032635,FALSE
hfi_mean,Dicrurus macrocercus,0.11342486212762924,-0.3235973077396977,0.5929323624421796,FALSE
hfi_mean,Egretta garzetta,-0.025321289479367955,-0.4140480547217954,0.3953275969672937,FALSE
hfi_mean,Emberiza pusilla,-0.09212280033905956,-0.6539038751366,0.47371608704815305,FALSE
hfi_mean,Falco tinnunculus,0.10232001450055393,-0.41366338069875874,0.610276818754827,FALSE
hfi_mean,Fulica atra,-0.10587389730677932,-0.47906227888053,0.33567765854991394,FALSE
hfi_mean,Gallinula chloropus,0.4312895387759551,-0.048915282963162623,1.004915384841992,FALSE
hfi_mean,Hirundo rustica,0.25484008504771505,-0.24257853524839945,0.7446898385348983,FALSE
hfi_mean,Lanius cristatus,0.15925949623547292,-0.3211732356601382,0.6464167331318817,FALSE
hfi_mean,Lanius schach,-0.4289650744684094,-0.8151228204211923,-0.047562316525172094,TRUE
hfi_mean,Milvus migrans,-0.5020434084949147,-0.9081609239582877,-0.16782841373539165,TRUE
hfi_mean,Motacilla alba,-0.0228819319594441,-0.5474616311662428,0.4816639510320678,FALSE
hfi_mean,Motacilla cinerea,0.05442068556586458,-0.3642783387595554,0.5043871058169707,FALSE
hfi_mean,Nycticorax nycticorax,0.018986886457327955,-0.38198857493716887,0.46426455250325105,FALSE
hfi_mean,Parus minor,0.02653451717000492,-0.3542619429257648,0.3813438829697863,FALSE
hfi_mean,Passer montanus,0.15992966864273647,-0.4294881210216867,0.8175745954783973,FALSE
hfi_mean,Phalacrocorax carbo,-0.11306486034380911,-0.5358842875956491,0.29540092261959194,FALSE
hfi_mean,Phasianus colchicus,0.23788213680447884,-0.21578428873571676,0.7890601273920482,FALSE
hfi_mean,Phoenicurus auroreus,-0.17055997439759163,-0.619922078568371,0.34532440768028183,FALSE
hfi_mean,Phoenicurus fuliginosus,0.007337734842739073,-0.33920855066399835,0.38197033163286254,FALSE
hfi_mean,Phylloscopus inornatus,-0.015458847187408349,-0.4692025158017402,0.4177283441160076,FALSE
hfi_mean,Phylloscopus proregulus,0.15465496787596347,-0.33131330334805864,0.7026448328114392,FALSE
hfi_mean,Pica serica,-0.030368632860792874,-0.4149703215494588,0.35675360177723536,FALSE
hfi_mean,Podiceps cristatus,-0.041752817216732865,-0.5126912208821081,0.5121503473607445,FALSE
hfi_mean,Pycnonotus sinensis,-0.3115398387811519,-0.6805255386953757,0.06392246043522379,FALSE
hfi_mean,Sinosuthora webbiana,-0.12860679080097803,-0.5726611062293318,0.3051113713433182,FALSE
hfi_mean,Spilopelia chinensis,0.1822307839645385,-0.17784395895900185,0.560844661668507,FALSE
hfi_mean,Spizixos semitorques,-0.37753268028409415,-0.8088305308668504,0.010819997412684771,FALSE
hfi_mean,Spodiopsar cineraceus,0.05629309763622803,-0.46931507004430406,0.516874312631374,FALSE
hfi_mean,Streptopelia orientalis,-0.059741402334363126,-0.5003550885034855,0.37792726937804183,FALSE
hfi_mean,Tachybaptus ruficollis,0.4099789297806649,-0.008226112515292861,0.8371390437883202,FALSE
hfi_mean,Tadorna ferruginea,-0.2086121104953147,-0.6147090859383166,0.22618808562949175,FALSE
hfi_mean,Tarsiger cyanurus,-0.7922004008931461,-1.3318804058629035,-0.278407804222343,TRUE
hfi_mean,Tringa ochropus,0.18864526719500074,-0.32569607065672257,0.7630546559877505,FALSE
hfi_mean,Turdus mandarinus,-0.3634569525384609,-0.8000656507466395,0.044370167501855684,FALSE
hfi_mean,Upupa epops,-0.25003939822023374,-0.8085801701353001,0.30328702112721195,FALSE
hfi_mean,Zosterops simplex,-0.1343637885975418,-0.6110128396348071,0.29601631424421615,FALSE
landcover_grassland,Accipiter nisus,-0.04293406645795896,-0.6162433446519162,0.6815460031582283,FALSE
landcover_grassland,Acridotheres cristatellus,-0.41863245331375887,-0.8947233108570618,-1.3156104889917343e-5,TRUE
landcover_grassland,Actitis hypoleucos,0.2461841135026483,-0.1488078480142978,0.71576737287473,FALSE
landcover_grassland,Aegithalos concinnus,-0.26244821667406143,-0.8803326674383929,0.24494914373959098,FALSE
landcover_grassland,Alcedo atthis,0.4589043873107762,0.06964891413157188,0.8179638081840686,TRUE
landcover_grassland,Anas carolinensis,-0.11808161513516868,-0.429677111694284,0.24589620355202088,FALSE
landcover_grassland,Anas platyrhynchos,0.31703478444361555,-0.14446954734369832,0.8569687858136409,FALSE
landcover_grassland,Anas zonorhyncha,-0.11512020621647541,-0.47942599108777306,0.17921753345569355,FALSE
landcover_grassland,Anthus hodgsoni,0.1818039543382325,-0.1097330054299107,0.471851309105295,FALSE
landcover_grassland,Ardea alba,0.365826835927864,-0.08564116783630105,0.9236166621336028,FALSE
landcover_grassland,Ardea cinerea,0.198422629137965,-0.075809543759494,0.5045339539157391,FALSE
landcover_grassland,Ardeola bacchus,0.08544067787194254,-0.27694976114796654,0.4029764150556646,FALSE
landcover_grassland,Bubulcus coromandus,-0.089191346638947,-0.4110644659059359,0.27888963171149017,FALSE
landcover_grassland,Buteo japonicus,-0.029824919557473094,-0.3428238934439239,0.27414743304954226,FALSE
landcover_grassland,Cecropis daurica,-0.26354550980901537,-0.6729223350049833,0.16372382668025157,FALSE
landcover_grassland,Chloris sinica,0.02256467021519133,-0.5344167062086078,0.5463093419278199,FALSE
landcover_grassland,Chroicocephalus ridibundus,0.584986213817795,0.17607624768562155,1.0373362521713636,TRUE
landcover_grassland,Columba livia,-0.09310425586584967,-0.38270544434248066,0.19494657409121968,FALSE
landcover_grassland,Copsychus saularis,-0.08908229331212802,-0.8730805985397926,0.5809472683346555,FALSE
landcover_grassland,Corvus corone,0.24182666703601696,-0.31861746099691024,0.9353728711747167,FALSE
landcover_grassland,Corvus macrorhynchos,0.05879035005222692,-0.12653193568564583,0.2506951513834015,FALSE
landcover_grassland,Cuculus canorus,-0.12970761206846557,-0.7481929745537073,0.44588906756562696,FALSE
landcover_grassland,Cyanopica cyanus,-0.46447732085649684,-0.7970736231741508,-0.13885273172512075,TRUE
landcover_grassland,Dendrocopos major,-0.11556518868133757,-0.3954329928207436,0.18868242783516964,FALSE
landcover_grassland,Dicrurus macrocercus,-0.48467618655167977,-1.061722627594731,-0.00467876552276063,TRUE
landcover_grassland,Egretta garzetta,-0.06345404423643604,-0.36022890506497474,0.2185782516338471,FALSE
landcover_grassland,Emberiza pusilla,-0.17431786164296062,-0.6167509487895702,0.2916146864742989,FALSE
landcover_grassland,Falco tinnunculus,0.10522615339048465,-0.45514780526760923,0.7391636135471584,FALSE
landcover_grassland,Fulica atra,-0.061147433826146194,-0.3416058916982184,0.20132971362381408,FALSE
landcover_grassland,Gallinula chloropus,0.5133570338439097,0.15268314301114583,0.948367850470306,TRUE
landcover_grassland,Hirundo rustica,0.39938225809646327,0.009365600179023454,0.8909770783183025,TRUE
landcover_grassland,Lanius cristatus,0.1699218844764584,-0.2406166576943985,0.5787087388797507,FALSE
landcover_grassland,Lanius schach,-0.21827052213847345,-0.6429133418954095,0.17024332295844175,FALSE
landcover_grassland,Milvus migrans,0.1099394919391911,-0.1304588372635895,0.4176988282363945,FALSE
landcover_grassland,Motacilla alba,-0.374108939880181,-0.7522841297487952,-0.03591744107399982,TRUE
landcover_grassland,Motacilla cinerea,0.2199625005583316,-0.1348836920129189,0.67575288459531,FALSE
landcover_grassland,Nycticorax nycticorax,0.11528444910489676,-0.14817945472473185,0.41425847560299767,FALSE
landcover_grassland,Parus minor,-0.19965921812406234,-0.46671770127162493,0.047607378628813035,FALSE
landcover_grassland,Passer montanus,-0.25188765543827574,-0.669172721880942,0.1709483093528636,FALSE
landcover_grassland,Phalacrocorax carbo,0.3785070064429168,-0.003811279476864668,0.7668601697134274,FALSE
landcover_grassland,Phasianus colchicus,-0.0674467500357348,-0.3920895748297454,0.2601198124138781,FALSE
landcover_grassland,Phoenicurus auroreus,6.457001157504949e-4,-0.34780095784788384,0.34154642829732595,FALSE
landcover_grassland,Phoenicurus fuliginosus,-0.43875923848424797,-1.029678121025229,0.09361593488179493,FALSE
landcover_grassland,Phylloscopus inornatus,0.46321715502957883,0.09284276274565324,0.8543222611225677,TRUE
landcover_grassland,Phylloscopus proregulus,0.31625923440032844,-0.2754603196050817,0.8611118354977623,FALSE
landcover_grassland,Pica serica,0.0478205757424023,-0.2524930446469099,0.3290474094008793,FALSE
landcover_grassland,Podiceps cristatus,0.2393699494389452,-0.3493963561930872,0.8301204427609225,FALSE
landcover_grassland,Pycnonotus sinensis,-0.4094786201577141,-0.7475083983769808,-0.09484904515141034,TRUE
landcover_grassland,Sinosuthora webbiana,-0.887668785921298,-1.2234879296848788,-0.5451145286322163,TRUE
landcover_grassland,Spilopelia chinensis,-0.11560968854790868,-0.4423133883147704,0.19990124982807878,FALSE
landcover_grassland,Spizixos semitorques,-0.4123309153692863,-0.7970579873850627,-0.029435747442343348,TRUE
landcover_grassland,Spodiopsar cineraceus,-0.09870792169826119,-0.5355948075913755,0.3217137359122165,FALSE
landcover_grassland,Streptopelia orientalis,0.22794915215813868,-0.08742786394851064,0.5835504595661836,FALSE
landcover_grassland,Tachybaptus ruficollis,0.17936930206002294,-0.13859614967393719,0.5413531724758889,FALSE
landcover_grassland,Tadorna ferruginea,0.033220045181008344,-0.4521371360090456,0.5114017836155631,FALSE
landcover_grassland,Tarsiger cyanurus,-0.1890925080388398,-0.5560791322587879,0.24959580644320578,FALSE
landcover_grassland,Tringa ochropus,0.15071912551685632,-0.22962045341514842,0.5327506252096834,FALSE
landcover_grassland,Turdus mandarinus,-0.15043382359018626,-0.5258066144866598,0.2383162170411584,FALSE
landcover_grassland,Upupa epops,-0.03511946454464962,-0.5616122507827482,0.5099276739151275,FALSE
landcover_grassland,Zosterops simplex,-0.34188656234534354,-0.9374717960115466,0.18112768474635194,FALSE
landcover_shrubs,Accipiter nisus,-0.12788830665104275,-0.7672938711930054,0.5617881226556758,FALSE
landcover_shrubs,Acridotheres cristatellus,0.02021259163762091,-0.37035820170716965,0.3286946334494392,FALSE
landcover_shrubs,Actitis hypoleucos,0.32632020327351935,-0.07046852389208622,0.9606453785799025,FALSE
landcover_shrubs,Aegithalos concinnus,-0.18308493327814981,-0.7116233473041855,0.2189231507388399,FALSE
landcover_shrubs,Alcedo atthis,-0.0020881863133485946,-0.30995781908690045,0.31576528351764394,FALSE
landcover_shrubs,Anas carolinensis,-0.1607552991566766,-0.36848757947488175,0.08789640070674176,FALSE
landcover_shrubs,Anas platyrhynchos,0.08686643444727865,-0.29530239404658754,0.6133013140856647,FALSE
landcover_shrubs,Anas zonorhyncha,-0.1568490215611312,-0.4474167539838312,0.16988132808803563,FALSE
landcover_shrubs,Anthus hodgsoni,0.27136081249427935,0.04926430486472512,0.5393872459817084,TRUE
landcover_shrubs,Ardea alba,0.4227564747755576,0.022728342159860505,1.1875124431222042,TRUE
landcover_shrubs,Ardea cinerea,-0.017142666242371072,-0.21687883550780748,0.23476114927188596,FALSE
landcover_shrubs,Ardeola bacchus,-0.10887941142196676,-0.36979669380281766,0.16782882866368903,FALSE
landcover_shrubs,Bubulcus coromandus,0.314377979536302,-0.014532826603057087,0.6310805498289982,FALSE
landcover_shrubs,Buteo japonicus,0.08841676292051434,-0.23921934146673007,0.55219523501709,FALSE
landcover_shrubs,Cecropis daurica,0.10251358301073879,-0.1849426084618326,0.4811462768841066,FALSE
landcover_shrubs,Chloris sinica,-0.012286418242336592,-0.34876807964986956,0.33744713172908236,FALSE
landcover_shrubs,Chroicocephalus ridibundus,-0.17704878079534211,-0.39775956606772156,0.04367915403410877,FALSE
landcover_shrubs,Columba livia,0.09448872151356098,-0.14770460938254046,0.4148419433335212,FALSE
landcover_shrubs,Copsychus saularis,0.004860599652647475,-0.5392835063929589,0.5143403465325908,FALSE
landcover_shrubs,Corvus corone,0.18999399051599258,-0.13345475279831903,0.7246932018088517,FALSE
landcover_shrubs,Corvus macrorhynchos,-0.09109641911434903,-0.2647816938525597,0.09143572900636894,FALSE
landcover_shrubs,Cuculus canorus,0.05118004119916031,-0.4430773209558153,0.5790715706713807,FALSE
landcover_shrubs,Cyanopica cyanus,-0.47244088213743185,-0.6903374814287768,-0.23127806406951382,TRUE
landcover_shrubs,Dendrocopos major,-0.0253585089550038,-0.35626275880045993,0.5035196389043225,FALSE
landcover_shrubs,Dicrurus macrocercus,-0.3400279561005993,-0.9082425334478603,0.07443566140814223,FALSE
landcover_shrubs,Egretta garzetta,0.0054086783669954445,-0.22664438809055037,0.299116951674636,FALSE
landcover_shrubs,Emberiza pusilla,0.021995058012304013,-0.34387553711303165,0.4418927222878365,FALSE
landcover_shrubs,Falco tinnunculus,0.13171102389122105,-0.2281522806586912,0.5967762384854164,FALSE
landcover_shrubs,Fulica atra,0.004475564078506256,-0.16655936729876802,0.20878419918168517,FALSE
landcover_shrubs,Gallinula chloropus,-0.1835077819223506,-0.5072691810157302,0.1479389084411033,FALSE
landcover_shrubs,Hirundo rustica,0.5533856898855236,0.07635786536110276,1.1551828297489206,TRUE
landcover_shrubs,Lanius cristatus,0.13522475025838276,-0.25668655445773925,0.5344988270452524,FALSE
landcover_shrubs,Lanius schach,0.17016897644230466,-0.09184877010220059,0.45636547374910635,FALSE
landcover_shrubs,Milvus migrans,0.22318746120760732,-0.03316919727990024,0.5860948084104347,FALSE
landcover_shrubs,Motacilla alba,0.1917609859899334,-0.16883600558841436,0.697761556318259,FALSE
landcover_shrubs,Motacilla cinerea,0.4138560722634788,-0.03199238860097349,0.9527258128817766,FALSE
landcover_shrubs,Nycticorax nycticorax,-0.22246105517391665,-0.5077749571143766,0.06284337038535054,FALSE
landcover_shrubs,Parus minor,-0.1023526058733917,-0.33326004804192205,0.15067381705832117,FALSE
landcover_shrubs,Passer montanus,0.15279330585202394,-0.31816471449039113,0.6533480176007948,FALSE
landcover_shrubs,Phalacrocorax carbo,0.1511401616302787,-0.11159403741743869,0.5111580236082255,FALSE
landcover_shrubs,Phasianus colchicus,-0.3956333914571688,-0.6499377771774726,-0.09900901175788525,TRUE
landcover_shrubs,Phoenicurus auroreus,0.15484654394071046,-0.10475583879043432,0.4907684285568791,FALSE
landcover_shrubs,Phoenicurus fuliginosus,-0.2692732729012415,-0.7012322936251525,0.1029538083667462,FALSE
landcover_shrubs,Phylloscopus inornatus,-0.09867612427473003,-0.5651426525308508,0.41847628255247515,FALSE
landcover_shrubs,Phylloscopus proregulus,-0.27752796125269424,-0.7673659222550024,0.2687894277007091,FALSE
landcover_shrubs,Pica serica,0.04332972669263253,-0.22464943770873766,0.30021646938691493,FALSE
landcover_shrubs,Podiceps cristatus,0.029032125356279817,-0.23783353295625403,0.47690157231735764,FALSE
landcover_shrubs,Pycnonotus sinensis,0.10025360035900258,-0.1700070439818891,0.39884633767506183,FALSE
landcover_shrubs,Sinosuthora webbiana,-0.0945905006784595,-0.41054937861711516,0.20191125322913217,FALSE
landcover_shrubs,Spilopelia chinensis,-0.21332129432150596,-0.5097196624566404,0.03576101122003271,FALSE
landcover_shrubs,Spizixos semitorques,-0.4830102193692336,-1.1055618891378107,-0.029152633630577483,TRUE
landcover_shrubs,Spodiopsar cineraceus,-0.3498073496871357,-0.7301864438955703,0.04532009760212416,FALSE
landcover_shrubs,Streptopelia orientalis,0.008781758964757322,-0.2872344906763291,0.33183506405222885,FALSE
landcover_shrubs,Tachybaptus ruficollis,-0.17525286854003774,-0.4342945839826018,0.13482142644418432,FALSE
landcover_shrubs,Tadorna ferruginea,0.07231921069943972,-0.21313893979541848,0.451216673406259,FALSE
landcover_shrubs,Tarsiger cyanurus,0.49884999117382556,0.16851180428086726,0.945392522510414,TRUE
landcover_shrubs,Tringa ochropus,-0.07277560090298382,-0.43238200403736105,0.33700105164353933,FALSE
landcover_shrubs,Turdus mandarinus,0.029091252972204322,-0.2872578467250293,0.38078845622571666,FALSE
landcover_shrubs,Upupa epops,0.07025938164742336,-0.33599660880574417,0.7193347844219985,FALSE
landcover_shrubs,Zosterops simplex,-0.06108803591029306,-0.5050251649887256,0.3181266019413195,FALSE
landcover_trees,Accipiter nisus,-0.3107021708250779,-0.9730407644501218,0.3626816827602113,FALSE
landcover_trees,Acridotheres cristatellus,-0.7433612741420036,-1.1336336271945484,-0.367229922655281,TRUE
landcover_trees,Actitis hypoleucos,0.15066982761682943,-0.3548464744380573,0.6564414904281786,FALSE
landcover_trees,Aegithalos concinnus,-0.8941877653795368,-1.486007274424185,-0.3732068063490953,TRUE
landcover_trees,Alcedo atthis,-0.7027606346012018,-1.1015979539588292,-0.2959787534759,TRUE
landcover_trees,Anas carolinensis,-0.4618056558679056,-0.8142877295095383,-0.11101449675209162,TRUE
landcover_trees,Anas platyrhynchos,-0.1117842723864043,-0.6512756788326673,0.4683480780264012,FALSE
landcover_trees,Anas zonorhyncha,-0.3980887372329512,-0.7798371504899613,-0.009407382357983593,TRUE
landcover_trees,Anthus hodgsoni,-0.21566133350776084,-0.5586860079327478,0.1286446065088987,FALSE
landcover_trees,Ardea alba,0.1314081270842865,-0.31647134470034965,0.633686878878815,FALSE
landcover_trees,Ardea cinerea,-0.09342639817425555,-0.4476360710385606,0.2603812788911872,FALSE
landcover_trees,Ardeola bacchus,-0.31869657007329766,-0.6515067999576151,0.04153509192681269,FALSE
landcover_trees,Bubulcus coromandus,-0.3578372788929329,-0.7121505898741887,0.05752410315603278,FALSE
landcover_trees,Buteo japonicus,-0.3380264736618936,-0.7794848301311608,0.22659094956711084,FALSE
landcover_trees,Cecropis daurica,-0.32239684649231104,-0.7417661290708429,0.06619816820861522,FALSE
landcover_trees,Chloris sinica,-0.17735815625746015,-0.6969956452925149,0.37768889306648235,FALSE
landcover_trees,Chroicocephalus ridibundus,-0.18432772795027116,-0.5437181968725524,0.1930333248178604,FALSE
landcover_trees,Columba livia,-0.11727272235545062,-0.41264604886154255,0.1571103133419855,FALSE
landcover_trees,Copsychus saularis,-0.7802391902328613,-1.4042918966604692,-0.2450965272874787,TRUE
landcover_trees,Corvus corone,-0.028503294581875425,-0.44069320122611977,0.4015000765889323,FALSE
landcover_trees,Corvus macrorhynchos,-0.15952645007633595,-0.40248338445112675,0.08084881085788145,FALSE
landcover_trees,Cuculus canorus,-0.35122623334556247,-0.9507110921499584,0.4610317281513738,FALSE
landcover_trees,Cyanopica cyanus,-0.7347246984159852,-1.1647366123646914,-0.31767025546480554,TRUE
landcover_trees,Dendrocopos major,-0.6944685492369699,-1.0745164761648882,-0.2991857289278157,TRUE
landcover_trees,Dicrurus macrocercus,-0.43113282298842726,-0.8444371309342363,0.030998311390073596,FALSE
landcover_trees,Egretta garzetta,-0.03134886182735704,-0.35690440265961054,0.2805170998312595,FALSE
landcover_trees,Emberiza pusilla,0.08910405720740312,-0.39219162781275135,0.6162873878865107,FALSE
landcover_trees,Falco tinnunculus,0.045945151118240594,-0.570860128021552,0.6816539449612771,FALSE
landcover_trees,Fulica atra,-0.663101489778707,-0.9991066991305477,-0.25924687998187135,TRUE
landcover_trees,Gallinula chloropus,-0.3073675052940063,-0.7236333040616817,0.10077058827064544,FALSE
landcover_trees,Hirundo rustica,0.21248306894279204,-0.226850922366105,0.6382844616897358,FALSE
landcover_trees,Lanius cristatus,-0.4007810895035784,-0.880043557121035,0.08237876382080556,FALSE
landcover_trees,Lanius schach,-1.0184700253427186,-1.4268097320308313,-0.6055794296365382,TRUE
landcover_trees,Milvus migrans,-0.13782434842164337,-0.4126182807938012,0.11952294059246577,FALSE
landcover_trees,Motacilla alba,-0.09002934401758342,-0.6608832670872303,0.41740843203433053,FALSE
landcover_trees,Motacilla cinerea,-0.2601542366462951,-0.6810854009797986,0.169357847062239,FALSE
landcover_trees,Nycticorax nycticorax,-0.1902127909991755,-0.5529112536349768,0.18349026644449762,FALSE
landcover_trees,Parus minor,0.03974048424983732,-0.2810993611445711,0.3583346304433722,FALSE
landcover_trees,Passer montanus,-0.05353840715205,-0.6368382979560099,0.6427970962467517,FALSE
landcover_trees,Phalacrocorax carbo,-0.3849152257217226,-0.8389885355660662,0.10508394923479246,FALSE
landcover_trees,Phasianus colchicus,-0.2542310123618373,-0.7484632625487144,0.31621543774737615,FALSE
landcover_trees,Phoenicurus auroreus,-0.10798542073536142,-0.6454395756394972,0.42432151243772986,FALSE
landcover_trees,Phoenicurus fuliginosus,-0.7698590441217301,-1.1990965110821512,-0.3890782708823114,TRUE
landcover_trees,Phylloscopus inornatus,-0.26952117222251687,-0.7439744065721166,0.158759709681603,FALSE
landcover_trees,Phylloscopus proregulus,-0.21178373454243293,-0.7575867913386758,0.3058172146651088,FALSE
landcover_trees,Pica serica,-0.21215438676323375,-0.5869393027970831,0.18059751955146724,FALSE
landcover_trees,Podiceps cristatus,-0.3994327929385776,-0.8233900062129531,0.07002690358919714,FALSE
landcover_trees,Pycnonotus sinensis,-0.5854686231317584,-0.9613849898452231,-0.19428467905239352,TRUE
landcover_trees,Sinosuthora webbiana,-0.03095644743540423,-0.44398943733984586,0.3568511069903607,FALSE
landcover_trees,Spilopelia chinensis,-0.421854363052523,-0.7515324395267592,-0.07605573422741854,TRUE
landcover_trees,Spizixos semitorques,-1.1892946124233639,-1.7492182743238445,-0.7140828651488473,TRUE
landcover_trees,Spodiopsar cineraceus,-0.4951141375984125,-1.0029923005726602,-0.03444198609329964,TRUE
landcover_trees,Streptopelia orientalis,-0.3048941128830239,-0.6435893318226582,0.03605202397200184,FALSE
landcover_trees,Tachybaptus ruficollis,-0.049509932743350776,-0.3980337429694937,0.25499016236263694,FALSE
landcover_trees,Tadorna ferruginea,-0.20134481382558092,-0.5609747069763559,0.19864343721845557,FALSE
landcover_trees,Tarsiger cyanurus,-0.541503635927421,-1.0276026356083694,-0.05891077127243835,TRUE
landcover_trees,Tringa ochropus,-0.464649664481514,-0.8834232284091414,-0.02535497343544968,TRUE
landcover_trees,Turdus mandarinus,-0.850396664477666,-1.1987792375056157,-0.49365834392028424,TRUE
landcover_trees,Upupa epops,-0.3459042928511152,-0.9080419734533614,0.22041455880881214,FALSE
landcover_trees,Zosterops simplex,-0.2511263317974664,-0.656447102168014,0.16280558624140673,FALSE
landcover_water,Accipiter nisus,-0.139345640097381,-0.4301428590255133,0.21363276952882437,FALSE
landcover_water,Acridotheres cristatellus,-0.13808042064148204,-0.3390090614031053,0.05093976416347498,FALSE
landcover_water,Actitis hypoleucos,-0.17289561386730667,-0.3951640763391352,0.14707865880432558,FALSE
landcover_water,Aegithalos concinnus,-0.23528293001761977,-0.5363788030223295,0.022468965883143392,FALSE
landcover_water,Alcedo atthis,-0.16416034752042044,-0.3629146267278528,0.08089722439227658,FALSE
landcover_water,Anas carolinensis,-0.24136691810458438,-0.4599056934554356,0.03424870177092036,FALSE
landcover_water,Anas platyrhynchos,-0.1313921806428473,-0.40186138613328204,0.2048891180674869,FALSE
landcover_water,Anas zonorhyncha,-0.20060039635532695,-0.38822128781923415,-0.007232669101145495,TRUE
landcover_water,Anthus hodgsoni,0.018405397423230566,-0.1692677197915814,0.255718087525964,FALSE
landcover_water,Ardea alba,0.07317154532313173,-0.16419640826183884,0.4085828802958157,FALSE
landcover_water,Ardea cinerea,-0.16457835316119127,-0.35102191009460343,0.09679277544096737,FALSE
landcover_water,Ardeola bacchus,-0.2017184591671649,-0.40330791350591033,-0.010199949321489248,TRUE
landcover_water,Bubulcus coromandus,-0.2750738428625271,-0.5108640704862422,-0.05277736076285125,TRUE
landcover_water,Buteo japonicus,-0.06632237594630429,-0.3411459881577523,0.28416840337807936,FALSE
landcover_water,Cecropis daurica,-0.09866209452148511,-0.2829697073018447,0.147748054728681,FALSE
landcover_water,Chloris sinica,-0.2858124738318384,-0.5699041825338365,5.565341312207737e-4,FALSE
landcover_water,Chroicocephalus ridibundus,-0.17847206952384795,-0.35181191019333635,-0.013274887009185426,TRUE
landcover_water,Columba livia,0.007772180723600836,-0.23863175795595015,0.33499641328872976,FALSE
landcover_water,Copsychus saularis,-0.15059687094977678,-0.4758773552013349,0.13502329309380717,FALSE
landcover_water,Corvus corone,-0.017157176639697933,-0.2056878539759356,0.24554919266375255,FALSE
landcover_water,Corvus macrorhynchos,-0.07740402636773444,-0.2110249145232274,0.08381082784218878,FALSE
landcover_water,Cuculus canorus,-0.1452507890584551,-0.49155957012087226,0.214105926824746,FALSE
landcover_water,Cyanopica cyanus,-0.29385912069331005,-0.4932801553827122,-0.0812980540993471,TRUE
landcover_water,Dendrocopos major,-0.28405913817068523,-0.4842931994326426,-0.04700282990149087,TRUE
landcover_water,Dicrurus macrocercus,-0.07311953602757994,-0.2646021642882083,0.15361586584663878,FALSE
landcover_water,Egretta garzetta,-0.10008510391777833,-0.26574668243759736,0.07385451398847973,FALSE
landcover_water,Emberiza pusilla,-0.1838969059365598,-0.41601382017864286,0.07883805725545434,FALSE
landcover_water,Falco tinnunculus,-0.004348142715990409,-0.2604874534118543,0.3101482448278664,FALSE
landcover_water,Fulica atra,-0.2246853284982591,-0.39527929970689535,-0.020113582705939936,TRUE
landcover_water,Gallinula chloropus,-0.053953290311024096,-0.25577130928195757,0.15220311338499878,FALSE
landcover_water,Hirundo rustica,0.15807038267223172,-0.0848246959928137,0.49483569404125693,FALSE
landcover_water,Lanius cristatus,-0.03273569584866452,-0.30809848090160774,0.2291583586667309,FALSE
landcover_water,Lanius schach,-0.2555788556200797,-0.4963585511410994,-0.060699577048371096,TRUE
landcover_water,Milvus migrans,0.03241060484808743,-0.15759357763301077,0.32805312657355695,FALSE
landcover_water,Motacilla alba,-0.06193182802742607,-0.31560013247158225,0.2672875351855646,FALSE
landcover_water,Motacilla cinerea,0.06408728714602828,-0.1829468529647901,0.3706058166953755,FALSE
landcover_water,Nycticorax nycticorax,-0.13327106962541085,-0.325948067945373,0.08678312433927304,FALSE
landcover_water,Parus minor,-0.03357747334797935,-0.23673128397889054,0.18971037602485513,FALSE
landcover_water,Passer montanus,-0.25078145748124697,-0.5383400706419831,0.11419249895018924,FALSE
landcover_water,Phalacrocorax carbo,-0.061621888190205,-0.26164207290440894,0.1937932661120178,FALSE
landcover_water,Phasianus colchicus,-0.152265645593371,-0.3622698601827047,0.1466340272021726,FALSE
landcover_water,Phoenicurus auroreus,-0.014797635084328424,-0.2703005535741269,0.27231681470692226,FALSE
landcover_water,Phoenicurus fuliginosus,-0.1425056330811927,-0.3626473274615514,0.03270975313491819,FALSE
landcover_water,Phylloscopus inornatus,-0.31364550915969003,-0.578036376596302,-0.061454363755124565,TRUE
landcover_water,Phylloscopus proregulus,-0.1589635737347078,-0.422233898648661,0.1583714728018136,FALSE
landcover_water,Pica serica,-0.14456000482173909,-0.32592227421562686,0.048069954200236784,FALSE
landcover_water,Podiceps cristatus,-0.17592498677519877,-0.4049423923637152,0.17501866189088533,FALSE
landcover_water,Pycnonotus sinensis,-0.2695871143928405,-0.4377914135880182,-0.10491345849156919,TRUE
landcover_water,Sinosuthora webbiana,-0.05239466250102082,-0.30004932975062704,0.22516940082496073,FALSE
landcover_water,Spilopelia chinensis,-0.10956350202399887,-0.2873027120799782,0.1350254195166073,FALSE
landcover_water,Spizixos semitorques,-0.2997410865039461,-0.5555690107256743,-0.08863711465420834,TRUE
landcover_water,Spodiopsar cineraceus,-0.20489012409938295,-0.45277369122301375,0.046369239529787484,FALSE
landcover_water,Streptopelia orientalis,-0.08218010686045851,-0.2878775834204582,0.176244951602185,FALSE
landcover_water,Tachybaptus ruficollis,0.06964064463319315,-0.13012522565498486,0.3038520466865105,FALSE
landcover_water,Tadorna ferruginea,-0.16672743720428768,-0.3439591147061026,0.03933259531263185,FALSE
landcover_water,Tarsiger cyanurus,-0.38346045938436285,-0.6989670870449087,0.06499163491369163,FALSE
landcover_water,Tringa ochropus,-0.007215872357907914,-0.27451748655010755,0.340347425442433,FALSE
landcover_water,Turdus mandarinus,-0.18982148058635406,-0.3844102019071429,-0.010796721424927257,TRUE
landcover_water,Upupa epops,-0.0753784122726711,-0.3747113204677205,0.25318944399398974,FALSE
landcover_water,Zosterops simplex,-0.15474848205181185,-0.35947091932866,0.03565656366748987,FALSE
npp_mean,Accipiter nisus,-0.028714348344167452,-0.7240132256827945,0.7014374025038377,FALSE
npp_mean,Acridotheres cristatellus,-0.23725028129041564,-0.6139212445523272,0.12716700880413861,FALSE
npp_mean,Actitis hypoleucos,-0.14882781082091814,-0.6490778486644307,0.3372826178631507,FALSE
npp_mean,Aegithalos concinnus,-0.05220783657821489,-0.5231295357698085,0.4409751267841905,FALSE
npp_mean,Alcedo atthis,0.06746481568753876,-0.3491294903593648,0.5578200941978934,FALSE
npp_mean,Anas carolinensis,0.156534748468665,-0.254256962064382,0.6441878729178119,FALSE
npp_mean,Anas platyrhynchos,-0.036594036352053466,-0.5925980904817992,0.530084748646426,FALSE
npp_mean,Anas zonorhyncha,0.11573376645056745,-0.35746208090297876,0.5709389324085677,FALSE
npp_mean,Anthus hodgsoni,0.14951654824317628,-0.24567478147860683,0.5377249743424259,FALSE
npp_mean,Ardea alba,0.11405769286279943,-0.439143809820239,0.6867426502917432,FALSE
npp_mean,Ardea cinerea,0.328840276925613,-0.04968992437539288,0.7434581166029247,FALSE
npp_mean,Ardeola bacchus,-0.1690916782277766,-0.5025025821990915,0.19745328052467287,FALSE
npp_mean,Bubulcus coromandus,0.04243359493796717,-0.3375230790483565,0.42490458142453713,FALSE
npp_mean,Buteo japonicus,0.2052855199447265,-0.34336143967461563,0.7386810387255605,FALSE
npp_mean,Cecropis daurica,-0.1866402367156498,-0.6725187639095455,0.29363761837255725,FALSE
npp_mean,Chloris sinica,0.3772862492071233,-0.25726548692019896,1.0609988546251068,FALSE
npp_mean,Chroicocephalus ridibundus,0.2738779592998126,-0.06611300378879766,0.6349190419804335,FALSE
npp_mean,Columba livia,-0.2692014730255874,-0.6534068753265081,0.08977886749548786,FALSE
npp_mean,Copsychus saularis,0.13256508268596623,-0.5176244081945733,0.7745038590873614,FALSE
npp_mean,Corvus corone,-0.007782258037857228,-0.4462091658581309,0.3925231442159237,FALSE
npp_mean,Corvus macrorhynchos,-0.24250201153172418,-0.5447125141939682,0.032459256853908436,FALSE
npp_mean,Cuculus canorus,-0.028437768718265272,-0.7801046020859066,0.9132007696409061,FALSE
npp_mean,Cyanopica cyanus,-0.35182028763970463,-0.9513771929339558,0.1869063221555808,FALSE
npp_mean,Dendrocopos major,-0.43818871089750777,-0.8968397139489108,0.05599073351602708,FALSE
npp_mean,Dicrurus macrocercus,-0.9266344496694953,-1.384328442909084,-0.494266806200928,TRUE
npp_mean,Egretta garzetta,-0.4129314674246693,-0.788050571650358,-0.03614005947755465,TRUE
npp_mean,Emberiza pusilla,-0.15280841728550992,-0.6776571086024523,0.3883924333149033,FALSE
npp_mean,Falco tinnunculus,0.014816710675237967,-0.49294785288787113,0.5741198228305235,FALSE
npp_mean,Fulica atra,0.15097663526017185,-0.23788476012315554,0.5396560081153765,FALSE
npp_mean,Gallinula chloropus,0.2943780922534158,-0.16772459615535817,0.7846334146312053,FALSE
npp_mean,Hirundo rustica,0.31361850348874065,-0.1538560013589817,0.7991343924486836,FALSE
npp_mean,Lanius cristatus,0.2822291841482989,-0.30157087219063616,0.9042678529764032,FALSE
npp_mean,Lanius schach,-0.23969094015886613,-0.5872348703980317,0.12324955155848874,FALSE
npp_mean,Milvus migrans,0.1753238044698116,-0.16287835109661908,0.5198137399156646,FALSE
npp_mean,Motacilla alba,-0.2119484783260693,-0.9450035356663544,0.4046496112682295,FALSE
npp_mean,Motacilla cinerea,-0.034136339910812136,-0.575138447652076,0.47785095458339066,FALSE
npp_mean,Nycticorax nycticorax,-0.13534211204887317,-0.5952937020049478,0.2686320140684855,FALSE
npp_mean,Parus minor,-0.6469864728377529,-1.032220422664151,-0.27683746372416285,TRUE
npp_mean,Passer montanus,0.08273063386897113,-0.7286876942454876,0.928944209800223,FALSE
npp_mean,Phalacrocorax carbo,0.49275286362816306,0.03931183977833974,1.0241878736205212,TRUE
npp_mean,Phasianus colchicus,0.2987096195930499,-0.2537955970813761,0.8795311854401916,FALSE
npp_mean,Phoenicurus auroreus,-0.19320843136414556,-0.7651501561921465,0.3978488918372935,FALSE
npp_mean,Phoenicurus fuliginosus,-0.279679222834538,-0.6229019746254718,0.09327891610091829,FALSE
npp_mean,Phylloscopus inornatus,-0.05912891254575081,-0.5597908813044628,0.44405450765485455,FALSE
npp_mean,Phylloscopus proregulus,0.1875236864987044,-0.38316769613586255,0.8639681581979071,FALSE
npp_mean,Pica serica,-0.19996887651091003,-0.7252988019164572,0.2871050053308005,FALSE
npp_mean,Podiceps cristatus,0.26247675389220826,-0.30063666178400494,0.8964205815188266,FALSE
npp_mean,Pycnonotus sinensis,-0.8272131592364085,-1.2264503577330128,-0.4318118359164723,TRUE
npp_mean,Sinosuthora webbiana,-1.6854656566164075,-2.2915119037837632,-1.094419459217396,TRUE
npp_mean,Spilopelia chinensis,-1.0285238694004721,-1.4203937689001416,-0.6452731257046582,TRUE
npp_mean,Spizixos semitorques,-0.1378976096705474,-0.5033939494890115,0.26023367205570236,FALSE
npp_mean,Spodiopsar cineraceus,-0.03145792067820515,-0.5834946095737417,0.5214158647042109,FALSE
npp_mean,Streptopelia orientalis,0.06266275862500467,-0.364433816692801,0.49534872705733035,FALSE
npp_mean,Tachybaptus ruficollis,-0.12202981744869922,-0.5406750283620728,0.2711838851848616,FALSE
npp_mean,Tadorna ferruginea,-0.00822677208571845,-0.38762191545124147,0.38226241433440455,FALSE
npp_mean,Tarsiger cyanurus,-0.07675841348015977,-0.5837162754179528,0.47191137492855845,FALSE
npp_mean,Tringa ochropus,-0.019868897261364482,-0.49428520660638275,0.5007744363893408,FALSE
npp_mean,Turdus mandarinus,-0.2862888790939032,-0.6363616804430868,0.051714460157245803,FALSE
npp_mean,Upupa epops,0.06466385720308657,-0.5255846460134022,0.7429203996569244,FALSE
npp_mean,Zosterops simplex,-0.8687147729832638,-1.3029384133401622,-0.4454211440653728,TRUE
texture_contrast,Accipiter nisus,0.06209577032727907,-0.37690535026619076,0.5529397859602108,FALSE
texture_contrast,Acridotheres cristatellus,-0.14191200680889424,-0.45477440959963866,0.1542522731847685,FALSE
texture_contrast,Actitis hypoleucos,0.2965610992741384,-0.03589083615404326,0.6914194684251174,FALSE
texture_contrast,Aegithalos concinnus,-0.09454477207140616,-0.5549936959786986,0.2803789992828982,FALSE
texture_contrast,Alcedo atthis,0.21332802588464705,-0.11279828503637318,0.5732133707346034,FALSE
texture_contrast,Anas carolinensis,0.1946668184872184,-0.04990271111198133,0.454126378626007,FALSE
texture_contrast,Anas platyrhynchos,0.174191997547801,-0.16191983134996707,0.5396625857110093,FALSE
texture_contrast,Anas zonorhyncha,0.12459500666713404,-0.13321614424253173,0.3776679667666616,FALSE
texture_contrast,Anthus hodgsoni,0.162380886427776,-0.09458215958206609,0.40739096320526536,FALSE
texture_contrast,Ardea alba,0.25288660063604795,-0.11321620645780617,0.6390104643016946,FALSE
texture_contrast,Ardea cinerea,0.12951060995860736,-0.12837628235541337,0.4370489001887572,FALSE
texture_contrast,Ardeola bacchus,0.22157858467478966,-0.05512982494960174,0.4952624903219982,FALSE
texture_contrast,Bubulcus coromandus,-0.03332481063615207,-0.39542124419106695,0.26051942344747203,FALSE
texture_contrast,Buteo japonicus,0.15585408996831426,-0.23018502955131614,0.5306504612537833,FALSE
texture_contrast,Cecropis daurica,0.0565952653267604,-0.24992395696283748,0.38197357525254927,FALSE
texture_contrast,Chloris sinica,-0.04340049110493057,-0.41180578253353683,0.3400830676334039,FALSE
texture_contrast,Chroicocephalus ridibundus,0.15349417029523132,-0.08597216414674982,0.4219344945175364,FALSE
texture_contrast,Columba livia,-0.03265816533464398,-0.27147927088602475,0.2172603710807428,FALSE
texture_contrast,Copsychus saularis,0.13810958935004586,-0.24901626932908522,0.5861732482562669,FALSE
texture_contrast,Corvus corone,0.2834665835494311,-0.05353236497577278,0.6800904183750174,FALSE
texture_contrast,Corvus macrorhynchos,0.12832258621825335,-0.05530833206071925,0.3094425477576819,FALSE
texture_contrast,Cuculus canorus,0.02596806176197466,-0.4971735083389247,0.49068724745868825,FALSE
texture_contrast,Cyanopica cyanus,0.2131491368717255,-0.06989738393256255,0.5061678307261612,FALSE
texture_contrast,Dendrocopos major,0.1917598408845457,-0.0940453437613874,0.5286638045280433,FALSE
texture_contrast,Dicrurus macrocercus,-0.08728871035803781,-0.4425633123856654,0.24234333501852043,FALSE
texture_contrast,Egretta garzetta,-0.08060494402113622,-0.3422123660435724,0.16723871774159643,FALSE
texture_contrast,Emberiza pusilla,0.004147720521676574,-0.3108134060956256,0.3238921462093761,FALSE
texture_contrast,Falco tinnunculus,0.16141166477478724,-0.23492992494254666,0.593089005811885,FALSE
texture_contrast,Fulica atra,0.098656215674021,-0.12791381436348184,0.3539067661409404,FALSE
texture_contrast,Gallinula chloropus,0.21529023846118653,-0.14405771813048726,0.5977366939620856,FALSE
texture_contrast,Hirundo rustica,0.18865814330283492,-0.15721517383308656,0.5713302519382661,FALSE
texture_contrast,Lanius cristatus,-0.06548338398259099,-0.414726025890008,0.2759184752091055,FALSE
texture_contrast,Lanius schach,-0.057057681069073884,-0.3658934516607122,0.22390033808347484,FALSE
texture_contrast,Milvus migrans,0.11475341393710556,-0.1505199460586858,0.3923362626307584,FALSE
texture_contrast,Motacilla alba,0.069839703028478,-0.2153536959798356,0.3824236952417931,FALSE
texture_contrast,Motacilla cinerea,0.23899894994321924,-0.07592392094174072,0.6093058798966691,FALSE
texture_contrast,Nycticorax nycticorax,0.01919299602451905,-0.26868411313148916,0.29730341407677885,FALSE
texture_contrast,Parus minor,0.03858622657191544,-0.1901470230917243,0.27808529653976655,FALSE
texture_contrast,Passer montanus,0.07356468879402883,-0.2649290098909235,0.44189368888574954,FALSE
texture_contrast,Phalacrocorax carbo,0.19787067432830574,-0.06272442435610348,0.5178376693639705,FALSE
texture_contrast,Phasianus colchicus,0.343872929312666,0.03155856694306687,0.7361457448879374,TRUE
texture_contrast,Phoenicurus auroreus,0.13517296377389929,-0.18560943334666283,0.5115711593309888,FALSE
texture_contrast,Phoenicurus fuliginosus,-0.04921160232180151,-0.3721671289173044,0.25751680699147655,FALSE
texture_contrast,Phylloscopus inornatus,0.18947284095631137,-0.168403902935376,0.5585719067230746,FALSE
texture_contrast,Phylloscopus proregulus,0.08562151024780454,-0.26592295704820806,0.4689114312523617,FALSE
texture_contrast,Pica serica,0.17991725479159063,-0.03563288314009771,0.4230448998790105,FALSE
texture_contrast,Podiceps cristatus,0.25432874420923507,-0.006803985334602913,0.6331684023831357,FALSE
texture_contrast,Pycnonotus sinensis,0.00625288513462804,-0.24394791496202617,0.27207387872822,FALSE
texture_contrast,Sinosuthora webbiana,-0.03639470285352819,-0.36051649322898405,0.273607837752441,FALSE
texture_contrast,Spilopelia chinensis,-0.14546481077860188,-0.4047702768221166,0.10980912276294735,FALSE
texture_contrast,Spizixos semitorques,-0.10570829329325702,-0.44508655724884816,0.1776819435221863,FALSE
texture_contrast,Spodiopsar cineraceus,-0.011140606123523304,-0.3945590690678692,0.3259677109649005,FALSE
texture_contrast,Streptopelia orientalis,0.3442240421941861,-0.013797518344106172,0.8054453655237603,FALSE
texture_contrast,Tachybaptus ruficollis,0.037581267819396066,-0.22095570721890667,0.3042411795111476,FALSE
texture_contrast,Tadorna ferruginea,0.0654730067498464,-0.1897464438174943,0.32238369433022385,FALSE
texture_contrast,Tarsiger cyanurus,-0.3221984970354292,-0.7850554328373311,0.06453560833300706,FALSE
texture_contrast,Tringa ochropus,0.14293317822332358,-0.11549826045554601,0.4736594819283626,FALSE
texture_contrast,Turdus mandarinus,-0.11474928064287734,-0.4149436831284492,0.15356981872207442,FALSE
texture_contrast,Upupa epops,-0.0824142214476558,-0.48489938593449144,0.42013560321123533,FALSE
texture_contrast,Zosterops simplex,-0.09060546431821169,-0.42050857017108056,0.2658789430457824,FALSE
year_scaled,Accipiter nisus,0.6231493865987139,0.22300238732012756,1.0485897433136273,TRUE
year_scaled,Acridotheres cristatellus,0.43435875661625095,0.06752242537153251,0.8317465354714741,TRUE
year_scaled,Actitis hypoleucos,0.4108920578417725,0.029059105074839164,0.8044989774206999,TRUE
year_scaled,Aegithalos concinnus,0.36400410626972707,0.05804818258325134,0.821866750053476,TRUE
year_scaled,Alcedo atthis,0.4551233275374474,0.17703029829738173,0.7878911673369682,TRUE
year_scaled,Anas carolinensis,0.4690533423918569,0.05828434303283389,0.7812042482648937,TRUE
year_scaled,Anas platyrhynchos,0.5663946551074154,0.1209480707688694,0.8953598244333981,TRUE
year_scaled,Anas zonorhyncha,0.5509164285639783,0.18895102837708883,0.9260756945054169,TRUE
year_scaled,Anthus hodgsoni,0.3101216342815468,-0.28211054854719647,0.9610972301208374,FALSE
year_scaled,Ardea alba,0.4645062972585987,0.1861974108202048,0.7430904668786931,TRUE
year_scaled,Ardea cinerea,0.587890100273878,0.2356194129681511,1.0040528266231663,TRUE
year_scaled,Ardeola bacchus,0.32480583687498704,-0.14806143825201978,0.683946247844756,FALSE
year_scaled,Bubulcus coromandus,0.3056600104839116,-0.19353463249784186,0.7866461901220428,FALSE
year_scaled,Buteo japonicus,0.5709842807293793,0.07171909843105653,1.0322478221543832,TRUE
year_scaled,Cecropis daurica,0.27569179678502664,-0.09153193876353599,0.6671746814879573,FALSE
year_scaled,Chloris sinica,0.43182665865416303,0.0941828394135201,0.8085978607050153,TRUE
year_scaled,Chroicocephalus ridibundus,0.548755792725947,0.1953020405653615,0.827749249775549,TRUE
year_scaled,Columba livia,0.22572219694467593,-0.6291237550294373,0.8196329046074127,FALSE
year_scaled,Copsychus saularis,0.47940070294533643,0.13569637667090173,0.7833111508826793,TRUE
year_scaled,Corvus corone,0.47062353058589146,0.13165489542067177,0.7580142332790458,TRUE
year_scaled,Corvus macrorhynchos,0.4002237991018784,0.03765858183646317,0.8095432617982234,TRUE
year_scaled,Cuculus canorus,0.7293219324177063,0.28089124901529705,1.2371290771398469,TRUE
year_scaled,Cyanopica cyanus,0.42901162874521614,0.11079757472467244,0.9113515916353583,TRUE
year_scaled,Dendrocopos major,0.35776902374440367,-0.10394313727906486,0.7675276828717181,FALSE
year_scaled,Dicrurus macrocercus,0.23901610790585753,-0.2639202548975362,0.7337458394425398,FALSE
year_scaled,Egretta garzetta,0.5471420676580674,0.16524091950786196,0.8389250624177379,TRUE
year_scaled,Emberiza pusilla,0.4068609897593113,0.04771258199935985,0.7781551451499606,TRUE
year_scaled,Falco tinnunculus,0.6159333149554859,0.19827219974194055,0.9616484075976408,TRUE
year_scaled,Fulica atra,0.6946357116082275,0.11021338795162419,1.1580664014120088,TRUE
year_scaled,Gallinula chloropus,0.657682086787552,0.2935324796738541,0.945177436086531,TRUE
year_scaled,Hirundo rustica,0.5392320038418743,0.2338448148396725,0.8508390901152243,TRUE
year_scaled,Lanius cristatus,0.35421126878125164,-0.08761799492484286,0.8137204180570499,FALSE
year_scaled,Lanius schach,0.5627638179494784,0.22619444274516254,0.8366797959245587,TRUE
year_scaled,Milvus migrans,0.3514274946900705,0.031755243692902384,0.6723830074540585,TRUE
year_scaled,Motacilla alba,0.47714965953102967,0.09417763101694734,0.970285880831963,TRUE
year_scaled,Motacilla cinerea,0.39676707421871293,-0.0574518502994437,0.7549528103120273,FALSE
year_scaled,Nycticorax nycticorax,0.5761300751289931,0.20687176414958924,0.9344187096913895,TRUE
year_scaled,Parus minor,0.4057867960538536,0.10430994313561773,0.7174866168058862,TRUE
year_scaled,Passer montanus,0.7783388451210825,0.4288464358875691,1.1522125228427047,TRUE
year_scaled,Phalacrocorax carbo,0.4881689765386131,0.19441425516714173,0.7754666620836701,TRUE
year_scaled,Phasianus colchicus,0.5879131165919437,0.2583370555909568,0.881602139798906,TRUE
year_scaled,Phoenicurus auroreus,0.4092333954529595,0.08235841554954632,0.7464374570194894,TRUE
year_scaled,Phoenicurus fuliginosus,0.4024173724438856,0.12601361384043722,0.6814606233716652,TRUE
year_scaled,Phylloscopus inornatus,0.5753962382764193,0.1507502669499617,0.9562378475110893,TRUE
year_scaled,Phylloscopus proregulus,0.4560711931974133,0.029889684799819086,0.8855426750070583,TRUE
year_scaled,Pica serica,0.8093923961028531,0.2734943203100484,1.2181812195680228,TRUE
year_scaled,Podiceps cristatus,0.5611002752091497,0.24901291187739288,0.8436745321130478,TRUE
year_scaled,Pycnonotus sinensis,0.5278004501500319,0.2372522440326031,0.8710927343689412,TRUE
year_scaled,Sinosuthora webbiana,0.5540060851463549,0.2771155015471065,0.8599705610209293,TRUE
year_scaled,Spilopelia chinensis,0.7741722710842553,0.4138923453591368,1.0640059202251755,TRUE
year_scaled,Spizixos semitorques,0.5093704637647569,0.2278419277827745,0.7762672170923985,TRUE
year_scaled,Spodiopsar cineraceus,0.7479150638934787,0.2526673194942298,1.2549035715531405,TRUE
year_scaled,Streptopelia orientalis,0.4976590012039943,0.1898241979902581,0.8128983226014304,TRUE
year_scaled,Tachybaptus ruficollis,0.6394955427889717,0.31660064997117,0.9784249989129805,TRUE
year_scaled,Tadorna ferruginea,0.5802935030202799,0.11580394595776192,0.9767500732629314,TRUE
year_scaled,Tarsiger cyanurus,0.4200254631108108,0.09115349068944191,0.7644782591700696,TRUE
year_scaled,Tringa ochropus,0.5342144783282438,0.17751449587983303,0.9089509292926456,TRUE
year_scaled,Turdus mandarinus,0.5687282551640014,0.29119525482697994,0.8429878285070481,TRUE
year_scaled,Upupa epops,0.5885611574877636,0.23339817731834517,0.9240993554008841,TRUE
year_scaled,Zosterops simplex,0.4696625194390018,0.14479660539846756,0.8437067221444895,TRUE
