species,n_grid_year_detections,n_blocks_detected,n_grids_detected
Passer montanus,6145,5,1104
Motacilla alba,5853,5,1077
Hirundo rustica,4682,5,986
Parus minor,4220,5,738
Pica serica,3845,5,760
Streptopelia orientalis,3711,5,852
Phoenicurus auroreus,3599,5,733
Spilopelia chinensis,3582,5,615
Falco tinnunculus,3565,5,932
Pycnonotus sinensis,3539,5,544
Egretta garzetta,3484,5,628
Tachybaptus ruficollis,3374,5,692
Upupa epops,3369,5,822
Ardea cinerea,3308,5,796
Alcedo atthis,3133,5,654
Lanius schach,3105,5,501
Anas platyrhynchos,3090,5,810
Phasianus colchicus,3017,5,732
Motacilla cinerea,2974,5,754
Cecropis daurica,2938,5,662
Chloris sinica,2898,5,652
Ardeola bacchus,2866,5,549
Anthus hodgsoni,2760,5,634
Ardea alba,2751,5,672
Gallinula chloropus,2685,5,615
Tadorna ferruginea,2643,5,733
Cuculus canorus,2588,5,767
Phalacrocorax carbo,2566,5,695
Turdus mandarinus,2549,5,469
Anas zonorhyncha,2527,5,603
Acridotheres cristatellus,2516,5,424
Corvus macrorhynchos,2472,5,653
Fulica atra,2471,5,687
Milvus migrans,2471,5,672
Actitis hypoleucos,2436,5,697
Podiceps cristatus,2415,5,652
Lanius cristatus,2382,5,666
Phoenicurus fuliginosus,2378,5,476
Zosterops simplex,2368,5,461
Copsychus saularis,2329,5,370
Sinosuthora webbiana,2328,5,461
Dicrurus macrocercus,2322,5,493
Nycticorax nycticorax,2321,5,517
Spodiopsar cineraceus,2278,5,579
Phylloscopus inornatus,2237,5,552
Cyanopica cyanus,2232,5,492
Chroicocephalus ridibundus,2226,5,596
Phylloscopus proregulus,2195,5,584
Emberiza pusilla,2162,5,580
Buteo japonicus,2145,5,655
Bubulcus coromandus,2106,5,485
Tringa ochropus,2099,5,633
Corvus corone,2090,5,659
Dendrocopos major,2077,5,545
Aegithalos concinnus,2068,5,384
Tarsiger cyanurus,2033,5,538
Columba livia,1990,5,553
Charadrius dubius,1972,5,593
Accipiter nisus,1969,5,637
Anas carolinensis,1965,5,570
Himantopus himantopus,1965,5,574
Spizixos semitorques,1911,5,340
Prinia inornata,1904,5,375
Phylloscopus fuscatus,1901,5,517
Emberiza spodocephala,1896,5,538
Sterna hirundo,1858,5,560
Picus canus,1817,5,519
Spodiopsar sericeus,1777,5,366
Saxicola stejnegeri,1744,5,477
Buteo hemilasius,1736,5,572
Garrulus glandarius,1690,5,443
Fringilla montifringilla,1689,5,531
Mergus merganser,1677,5,527
Columba rupestris,1661,5,500
Tringa nebularia,1659,5,441
Horornis fortipes,1637,5,353
Pomatorhinus ruficollis,1636,5,331
Myophonus caeruleus,1631,5,377
Pardaliparus venustulus,1629,5,383
Mareca strepera,1627,5,523
Passer cinnamomeus,1627,5,442
Eophona migratoria,1618,5,381
Emberiza elegans,1615,5,411
Streptopelia decaocto,1614,5,511
Pyrrhocorax pyrrhocorax,1597,5,424
Motacilla tschutschensis,1594,5,528
Pycnonotus xanthorrhous,1589,5,327
Tringa totanus,1572,5,452
Lonchura striata,1544,5,323
Falco peregrinus,1523,5,473
Pterorhinus sannio,1515,5,305
Tringa glareola,1486,5,475
Hypsipetes leucocephalus,1474,5,305
Carpodacus erythrinus,1465,5,463
Aythya ferina,1461,5,456
Charadrius alexandrinus,1452,5,375
Motacilla citreola,1448,5,523
Vanellus cinereus,1444,5,437
Delichon dasypus,1440,5,398
Vanellus vanellus,1439,5,474
Apus pacificus,1438,5,455
Falco subbuteo,1433,5,505
Urocissa erythroryncha,1433,5,403
Gallinago gallinago,1429,5,447
Chlidonias hybrida,1419,5,460
Lonchura punctulata,1385,5,297
Apus nipalensis,1379,5,338
Oriolus chinensis,1362,5,410
Eudynamys scolopaceus,1352,5,380
Spatula clypeata,1340,5,446
Ixos mcclellandii,1339,5,300
Falco amurensis,1322,5,437
Amaurornis phoenicurus,1319,5,343
Anthus richardi,1290,5,413
Periparus ater,1279,5,364
Mareca penelope,1273,5,404
Turdus eunomus,1271,5,377
Circus cyaneus,1267,5,478
Aythya fuligula,1257,5,424
Cuculus micropterus,1257,5,426
Apus apus,1252,5,404
Acrocephalus orientalis,1245,5,392
Ficedula albicilla,1244,5,423
Anas acuta,1235,5,423
Emberiza cioides,1230,5,410
Pernis ptilorhynchus,1229,5,418
Ixobrychus sinensis,1225,5,351
Alauda gulgula,1223,5,341
Aegithalos glaucogularis,1221,5,329
Abroscopus albogularis,1216,5,281
Monticola solitarius,1212,5,343
Recurvirostra avosetta,1204,5,359
Alauda arvensis,1199,5,414
Accipiter trivirgatus,1194,5,316
Lanius tephronotus,1189,5,278
Anthus spinoletta,1180,5,447
Aythya nyroca,1180,5,412
Phoenicurus ochruros,1179,5,333
Dicrurus hottentottus,1175,5,313
Tringa erythropus,1167,5,340
Leiothrix lutea,1155,5,262
Elanus caeruleus,1149,5,290
Mareca falcata,1137,5,373
Emberiza godlewskii,1136,5,304
Gyps himalayensis,1131,5,274
Tadorna tadorna,1124,5,356
Turdus naumanni,1119,5,373
Parus monticolus,1117,5,218
Dicrurus leucophaeus,1115,5,300
Platalea leucorodia,1100,5,348
Riparia riparia,1099,5,443
Enicurus leschenaulti,1095,5,276
Anser anser,1093,5,388
Bambusicola thoracicus,1072,5,232
Hemixos castanonotus,1072,5,218
Muscicapa sibirica,1070,5,352
Picumnus innominatus,1067,5,285
Aix galericulata,1065,5,368
Butorides striata,1063,5,334
Eremophila alpestris,1057,5,331
Saxicola maurus,1055,5,393
Pycnonotus jocosus,1052,5,197
Cisticola juncidis,1044,5,282
Circus spilonotus,1034,5,339
Culicicapa ceylonensis,1006,5,266
Turdus hortulorum,1000,5,289
Phoenicurus frontalis,997,5,247
Gracupica nigricollis,983,5,205
Lanius sphenocercus,979,5,339
Corvus corax,975,5,337
Dendrocitta formosae,972,5,231
Anthus rubescens,966,5,314
Cinclus pallasii,963,5,265
Pycnonotus aurigaster,959,5,191
Limosa limosa,952,5,287
Troglodytes troglodytes,943,5,302
Trochalopteron elliotii,938,5,186
Chlidonias leucopterus,936,5,323
Ceryle rudis,928,5,230
Tringa stagnatilis,926,5,274
Phylloscopus humei,922,5,278
Spatula querquedula,922,5,351
Phylloscopus borealis,919,5,319
Halcyon smyrnensis,914,5,213
Ardea purpurea,912,5,287
Pericrocotus solaris,911,5,238
Regulus regulus,900,5,269
Accipiter soloensis,894,5,267
Aquila chrysaetos,892,5,322
Emberiza tristrami,892,5,262
Larus argentatus,892,5,237
Ptyonoprogne rupestris,884,5,301
Riparia diluta,882,5,317
Psilopogon virens,881,5,238
Ardea intermedia,880,4,351
Picoides canicapillus,880,4,346
Accipiter gentilis,878,5,338
Accipiter virgatus,878,5,301
Calidris temminckii,877,5,316
Prinia flaviventris,877,5,184
Streptopelia tranquebarica,876,5,302
Eumyias thalassinus,875,5,230
Emberiza pallasi,870,5,285
Sitta europaea,868,5,284
Pandion haliaetus,858,5,291
Garrulax canorus,857,5,277
Saxicola ferreus,854,5,250
Aethopyga christinae,851,5,204
Orthotomus sutorius,851,5,160
Ficedula zanthopygia,848,5,275
Numenius arquata,848,5,225
Emberiza rustica,847,5,282
Ciconia nigra,838,5,361
Corvus frugilegus,838,5,340
Anthus roseatus,835,5,273
Athene noctua,835,5,294
Calidris alpina,833,5,199
Emberiza chrysophrys,833,5,260
Spinus spinus,831,5,298
Phoenicurus hodgsoni,830,5,236
Anser cygnoides,829,5,256
Bucephala clangula,829,5,304
Anser indicus,828,5,279
Netta rufina,826,5,314
Podiceps nigricollis,810,5,280
Pericrocotus ethologus,809,5,205
Centropus sinensis,803,5,174
Pluvialis fulva,799,5,244
Charadrius placidus,798,5,313
Eurystomus orientalis,797,5,227
Zosterops erythropleurus,797,5,268
Larus ichthyaetus,795,5,289
Sturnus vulgaris,793,5,319
Pterorhinus perspicillatus,792,4,234
Nucifraga caryocatactes,791,5,206
Halcyon pileata,789,5,277
Cyanoderma ruficeps,788,4,257
Phylloscopus claudiae,787,5,230
Caprimulgus jotaka,786,5,290
Spilornis cheela,783,5,231
Glaucidium cuculoides,782,5,243
Sternula albifrons,780,5,247
Larus brunnicephalus,779,5,289
Acrocephalus bistrigiceps,778,5,274
Jynx torquilla,773,5,294
Anser fabalis,769,5,293
Emberiza fucata,768,5,275
Megaceryle lugubris,764,5,222
Glaucidium brodiei,762,5,228
Butastur indicus,760,5,270
Remiz consobrinus,759,5,226
Cuculus poliocephalus,757,5,261
Larus vegae,751,4,316
Hierococcyx sparverioides,749,5,308
Pericrocotus cantonensis,745,5,246
Pseudopodoces humilis,744,5,180
Calidris ruficollis,735,5,195
Phylloscopus trochiloides,732,5,219
Luscinia svecica,728,5,275
Enicurus schistaceus,723,5,179
Phylloscopus coronatus,722,5,239
Poecile montanus,722,5,242
Turdus rubrocanus,722,5,167
Gypaetus barbatus,721,5,217
Muscicapa dauurica,720,5,314
Linaria flavirostris,717,5,206
Dendronanthus indicus,715,5,249
Cygnus cygnus,713,5,263
Passer domesticus,712,5,309
Cygnus columbianus,711,5,233
Prunella strophiata,708,5,155
Botaurus stellaris,704,5,258
Mergellus albellus,703,5,245
Circus melanoleucos,696,5,274
Otus sunia,695,5,246
Pericrocotus speciosus,695,5,173
Anthus cervinus,692,5,225
Accipiter gularis,689,5,241
Centropus bengalensis,685,5,230
Enicurus scouleri,685,5,181
Pluvialis squatarola,681,5,161
Dicaeum ignipectus,679,5,188
Coturnix japonica,678,5,222
Zoothera aurea,678,5,219
Alcippe hueti,677,5,141
Phoenicurus erythrogastrus,674,5,235
Turdus ruficollis,671,5,293
Alcippe davidi,670,5,200
Grus grus,661,5,249
Phylloscopus pulcher,656,5,147
Prunella fulvescens,653,5,207
Phylloscopus armandii,652,5,179
Corvus pectoralis,648,5,209
Larus crassirostris,647,5,125
Numenius phaeopus,639,5,156
Oenanthe isabellina,636,5,232
Pnoepyga pusilla,631,5,185
Calidris subminuta,629,5,220
Gelochelidon nilotica,629,5,196
Pyrgilauda ruficollis,629,5,157
Lanius tigrinus,626,5,233
Galerida cristata,624,5,264
Muscicapa griseisticta,618,5,189
Phoenicurus leucocephalus,610,4,257
Glareola maldivarum,607,5,199
Pica bottanensis,606,5,177
Turdus obscurus,603,5,199
Charadrius leschenaultii,600,5,172
Ciconia boyciana,599,5,203
Calidris ferruginea,597,5,207
Alaudala cheleensis,596,5,232
Poecile palustris,595,5,226
Aethopyga gouldiae,590,5,152
Blythipicus pyrrhotis,589,5,156
Anser albifrons,585,5,211
Phoenicurus schisticeps,585,5,132
Grus nigricollis,584,5,163
Turdus cardis,584,5,205
Turdus pallidus,578,5,159
Periparus rubidiventris,577,5,115
Pericrocotus divaricatus,575,5,223
Pyrrhula erythaca,575,5,122
Phylloscopus schwarzi,574,5,239
Ixobrychus cinnamomeus,568,5,212
Oenanthe deserti,565,5,248
Phylloscopus affinis,565,5,163
Prunella rubeculoides,565,5,151
Phylloscopus plumbeitarsus,563,5,215
Phylloscopus yunnanensis,561,5,157
Onychostruthus taczanowskii,558,5,157
Hydroprogne caspia,555,5,160
Xenus cinereus,555,5,144
Phylloscopus magnirostris,554,5,149
Lanius bucephalus,550,5,219
Cuculus saturatus,547,5,225
Anser serrirostris,545,5,203
Monticola rufiventris,545,5,162
Corvus dauuricus,544,4,292
Erpornis zantholeuca,538,5,135
Otocichla mupinensis,536,5,160
Paradoxornis gularis,535,5,146
Cyanoptila cyanomelana,533,5,171
Coccothraustes coccothraustes,527,5,229
Ficedula mugimaki,524,5,163
Turdus kessleri,522,5,112
Oenanthe pleschanka,518,5,209
Aquila nipalensis,516,5,236
Emberiza rutila,516,5,185
Larvivora sibilans,513,5,157
Calidris acuminata,512,5,149
Lophura nycthemera,509,5,131
Aviceda leuphotes,503,5,179
Horornis canturians,502,4,241
Hydrophasianus chirurgus,501,5,181
Larus canus,501,5,180
Carpodacus dubius,495,5,113
Cinclus cinclus,495,5,150
Carpodacus pulcherrimus,493,5,124
Mycerobas carnipes,493,5,129
Otus lettia,492,5,183
Aerodramus brevirostris,491,5,162
Hirundapus caudacutus,491,5,186
Sibirionetta formosa,488,5,204
Arenaria interpres,481,5,130
Phylloscopus subaffinis,481,5,170
Lalage melaschistos,476,4,208
Lophophanes dichrous,476,5,97
Tichodroma muraria,475,5,176
Horornis diphone,471,5,142
Phylloscopus tenellipes,471,5,169
Phylloscopus forresti,469,5,106
Staphida torqueola,467,5,176
Aythya baeri,466,5,189
Rhopophilus pekinensis,466,5,166
Ficedula erithacus,463,5,129
Emberiza leucocephalos,462,5,184
Leucosticte nemoricola,461,5,153
Lanius isabellinus,460,5,207
Phylloscopus ricketti,452,5,171
Oenanthe oenanthe,451,5,176
Sitta villosa,447,5,135
Calliope calliope,445,4,217
Numenius madagascariensis,444,5,108
Rallus indicus,441,5,180
Rhipidura albicollis,441,5,86
Aegypius monachus,440,5,197
Terpsiphone incei,440,5,197
Emberiza schoeniclus,439,5,176
Limosa lapponica,436,5,106
Delichon urbicum,434,5,197
Leptopoecile sophiae,434,5,118
Scolopax rusticola,434,5,186
Zapornia akool,434,5,160
Dendrocopos hyperythrus,433,5,156
Tarsiger rufilatus,432,5,103
Pica pica,429,5,187
Turdus atrogularis,429,5,217
Buteo refectus,428,5,134
Pyrrhocorax graculus,426,5,159
Urosphena squameiceps,424,5,144
Acridotheres tristis,423,5,157
Apus salimalii,422,5,107
Yuhina nigrimenta,420,5,116
Zosterops palpebrosus,418,5,104
Carpodacus sibiricus,416,5,185
Clamator coromandus,415,5,170
Loxia curvirostra,413,5,180
Sitta nagaensis,413,5,88
Rostratula benghalensis,411,5,170
Petronia petronia,410,5,129
Falco cherrug,409,4,236
Platalea minor,409,5,101
Bombycilla garrulus,408,5,207
Bombycilla japonica,406,5,167
Hieraaetus pennatus,405,5,174
Cacomantis merulinus,404,5,134
Carpodacus rubicilloides,403,5,118
Phylloscopus reguloides,401,5,109
Chloropsis hardwickii,400,5,104
Bubo bubo,399,5,201
Carpodacus waltoni,399,5,115
Ficedula strophiata,398,5,111
Calidris alba,392,5,101
Heterophasia desgodinsi,391,5,101
Eophona personata,390,5,158
Horornis acanthizoides,383,5,119
Calidris tenuirostris,381,5,83
Calidris falcinellus,380,5,107
Carpodacus vinaceus,377,5,97
Emberiza aureola,377,4,200
Falco columbarius,377,5,175
Parus major,377,5,139
Aegithalos caudatus,375,5,179
Myiomela leucura,374,5,116
Dendrocopos leucotos,373,5,151
Larus fuscus,373,5,106
Leucosticte brandti,373,5,131
Pteruthius aeralatus,372,5,90
Agropsar sturninus,371,5,167
Egretta eulophotes,371,5,87
Mergus serrator,371,5,122
Haematopus ostralegus,368,5,94
Haliaeetus albicilla,368,5,164
Tringa brevipes,368,5,97
Psilopogon faber,364,5,115
Mergus squamatus,358,5,142
Panurus biarmicus,356,5,134
Prunella collaris,356,5,138
Pterorhinus davidi,356,4,146
Aythya marila,355,5,138
Montifringilla adamsi,355,5,111
Certhia familiaris,354,5,150
Asio flammeus,352,5,159
Buteo rufinus,352,5,168
Pericrocotus brevirostris,352,5,95
Prinia superciliaris,350,5,105
Prunella montanella,347,5,150
Perdix hodgsoniae,344,5,108
Sturnia sinensis,343,5,94
Phylloscopus goodsoni,339,5,117
Calidris canutus,338,5,84
Nisaetus nipalensis,338,5,110
Chloropsis lazulina,337,5,139
Terpsiphone paradisi,337,5,124
Ithaginis cruentus,336,5,77
Ibidorhyncha struthersii,331,5,128
Columba leuconota,330,5,111
Cyanistes cyanus,330,5,121
Charadrius mongolus,329,4,131
Grus virgo,326,5,140
Chloris ambigua,325,5,80
Alectoris chukar,323,5,167
Asio otus,323,5,157
Pterorhinus pectoralis,323,5,129
Calidris pugnax,322,5,131
Larus relictus,321,5,96
Turdus merula,321,5,121
Lanius phoenicuroides,320,5,111
Sylviparus modestus,317,5,73
Emberiza yessoensis,316,5,119
Ictinaetus malaiensis,314,4,134
Aegithalos iouschistos,313,5,67
Chrysolophus pictus,313,5,101
Limnodromus semipalmatus,313,5,118
Phylloscopus maculipennis,313,5,77
Muscicapa ferruginea,307,5,104
Certhia hodgsoni,306,5,72
Poecile weigoldicus,305,5,73
Trochalopteron affine,305,5,69
Niltava sundara,303,5,86
Locustella lanceolata,302,5,117
Merops viridis,302,5,108
Falco naumanni,301,5,129
Fulvetta cinereiceps,301,5,70
Anthus godlewskii,300,5,150
Hypothymis azurea,297,5,76
Lioparus chrysotis,295,5,71
Turdus dissimilis,295,5,80
Monticola gularis,294,5,97
Harpactes erythrocephalus,292,5,73
Minla ignotincta,289,5,74
Ficedula tricolor,288,5,95
Ixobrychus eurhythmus,288,5,139
Phylloscopus castaniceps,288,4,128
Erythrogenys gravivox,287,3,136
Pteruthius xanthochlorus,287,5,96
Emberiza siemsseni,285,5,83
Phylloscopus ogilviegranti,285,5,98
Dryobates cathpharius,284,5,76
Carpodacus rubicilla,281,5,122
Niltava davidi,280,5,92
Sinosuthora alphonsiana,280,5,67
Calidris minuta,279,5,127
Gallinago stenura,278,5,143
Phalaropus lobatus,273,5,120
Garrulax monileger,272,5,79
Geokichla sibirica,272,5,106
Fringilla coelebs,271,5,111
Turdus boulboul,270,5,97
Grus vipio,269,5,94
Prunella immaculata,269,5,67
Melanocorypha maxima,267,5,86
Yuhina gularis,266,5,61
Cyornis hainanus,264,5,83
Enicurus maculatus,264,5,69
Fulvetta ruficapilla,264,5,74
Perdix dauurica,264,5,105
Calandrella acutirostris,262,5,92
Muscicapa muttui,262,5,114
Dicaeum minullum,261,5,101
Turdus viscivorus,261,5,78
Numenius minutus,259,5,94
Poecile superciliosus,259,5,65
Brachypteryx leucophris,257,5,83
Surniculus lugubris,257,5,125
Emberiza lathami,256,5,102
Cuculus optatus,254,5,120
Ficedula narcissina,254,5,86
Fulvetta vinipectus,254,5,55
Grus monacha,252,5,87
Ninox japonica,252,5,94
Carduelis carduelis,251,5,82
Pucrasia macrolopha,250,5,90
Syrrhaptes paradoxus,249,5,118
Geokichla citrina,248,5,89
Parayuhina diademata,246,4,89
Prinia hodgsonii,246,5,69
Strix nivicolum,246,5,104
Columba hodgsonii,243,5,61
Prinia striata,242,5,126
Psilopogon asiaticus,241,5,53
Saundersilarus saundersi,241,3,88
Tetraogallus tibetanus,240,5,85
Coracias garrulus,239,5,71
Montifringilla henrici,237,5,74
Niltava macgrigoriae,235,5,75
Actinodura cyanouroptera,234,3,97
Hypsipetes amaurotis,234,5,85
Gallinago megala,233,5,128
Passer ammodendri,232,5,109
Poecile hypermelaenus,232,5,85
Aegithalos fuliginosus,231,5,58
Cyornis whitei,231,5,68
Pterorhinus lanceolatus,231,3,94
Tarsiger chrysaeus,231,5,61
Chalcophaps indica,229,5,71
Horornis flavolivaceus,228,5,72
Paradoxornis guttaticollis,228,5,92
Carpodacus roseus,226,5,113
Cettia castaneocoronata,221,5,62
Dicrurus aeneus,219,5,51
Phylloscopus occisinensis,218,3,95
Anser erythropus,217,5,90
Arundinax aedon,217,3,146
Paradoxornis heudei,217,4,86
Pyrgilauda blanfordi,217,5,78
Tragopan temminckii,217,5,56
Cygnus olor,216,4,103
Dryocopus martius,216,5,85
Nettapus coromandelianus,216,4,105
Buteo lagopus,215,5,111
Monticola saxatilis,214,5,91
Phylloscopus kansuensis,214,5,65
Leptopoecile elegans,213,5,55
Chloris chloris,212,5,69
Otus spilocephalus,211,5,78
Rhodospiza obsoleta,211,5,102
Calandrella brachydactyla,209,5,101
Clanga clanga,208,4,118
Dicaeum cruentatum,206,5,50
Emberiza yunnanensis,206,3,114
Locustella luteoventris,206,5,76
Charadrius veredus,203,4,88
Grus japonensis,203,5,66
Aquila fasciata,202,5,104
Phylloscopus valentini,202,4,88
Aethopyga saturata,201,5,44
Anthus gustavi,201,5,72
Bucanetes mongolicus,201,5,95
Yuhina occipitalis,201,5,50
Crossoptilon crossoptilon,199,5,46
Larvivora cyane,199,4,107
Elachura formosa,198,4,58
Locustella mandelli,198,5,82
Micropternus brachyurus,198,5,57
Certhia himalayana,197,5,59
Erythrogenys swinhoei,197,4,87
Larus cachinnans,197,4,78
Accipiter badius,196,5,72
Aquila heliaca,196,5,104
Pelecanus crispus,196,5,73
Podiceps auritus,195,5,90
Artamus fuscus,194,5,61
Fulvetta striaticollis,191,5,46
Machlolophus spilonotus,191,4,66
Motacilla flava,191,5,73
Alcippe fratercula,190,5,40
Ixobrychus flavicollis,190,4,91
Spizixos canifrons,190,5,35
Arachnothera magna,189,5,38
Cephalopyrus flammiceps,188,5,57
Alophoixus pallidus,187,5,33
Merops apiaster,187,5,57
Podoces hendersoni,187,5,88
Pycnonotus cafer,187,5,38
Otis tarda,186,5,75
Anthus campestris,185,5,61
Tarsiger indicus,185,5,59
Ficedula hyperythra,184,5,63
Tringa guttifer,184,4,57
Buteo buteo,183,5,79
Linaria cannabina,183,5,62
Schoeniparus brunneus,182,3,99
Chrysolophus amherstiae,181,5,47
Aethopyga siparaja,180,5,46
Thalasseus bergii,180,5,49
Francolinus pintadeanus,179,5,71
Pastor roseus,179,5,73
Locustella davidi,178,5,69
Locustella thoracica,178,5,50
Merops philippinus,178,5,51
Procarduelis nipalensis,178,5,51
Cypsiurus balasiensis,177,5,39
Gallicrex cinerea,177,5,100
Charadrius atrifrons,176,3,101
Sitta przewalskii,176,5,43
Lanius giganteus,175,5,68
Luscinia megarhynchos,175,5,52
Columba oenas,174,5,69
Phylloscopus collybita,174,4,85
Acanthis flammea,173,4,103
Ianthocincla maxima,173,3,64
Terpsiphone atrocaudata,173,3,56
Yuhina flavicollis,173,5,42
Calcarius lapponicus,172,5,83
Pyrrhula nipalensis,172,5,65
Carpodacus davidianus,171,5,63
Helopsaltes certhiola,171,3,107
Ficedula elisae,170,5,56
Hemipus picatus,170,5,38
Crossoptilon auritum,165,5,41
Prinia rufescens,165,5,57
Dendrocopos darjellensis,164,5,40
Zoothera dixoni,164,5,47
Treron sphenurus,162,5,46
Mycerobas affinis,161,5,41
Spinus thibetanus,161,5,45
Carpodacus trifasciatus,160,5,39
Anthus trivialis,159,4,65
Aviceda jerdoni,159,4,71
Macropygia unchall,159,5,52
Luscinia phaenicuroides,158,4,70
Cyornis glaucicomans,156,5,58
Copsychus malabaricus,155,5,39
Lanius collurioides,155,5,51
Muscicapa striata,155,5,53
Pyrrhula pyrrhula,155,4,86
Tephrodornis virgatus,155,5,46
Pericrocotus roseus,154,5,50
Phylloscopus tephrocephalus,152,3,82
Sitta frontalis,152,5,33
Strix leptogrammica,152,4,58
Arborophila gingica,151,5,44
Zapornia fusca,151,5,104
Abroscopus superciliaris,150,5,37
Dryobates minor,149,4,73
Turdus maximus,149,5,60
Carpodacus puniceus,148,5,65
Melanocorypha mongolica,148,3,87
Phylloscopus intensior,148,5,45
Sterna sumatrana,148,5,47
Acrocephalus arundinaceus,147,5,49
Oriolus traillii,147,5,35
Picoides tridactylus,147,5,54
Melanochlora sultanea,145,5,31
Suthora verreauxi,145,5,39
Curruca curruca,144,3,84
Saxicola caprata,144,5,37
Calidris pygmaea,143,5,35
Dendrocopos leucopterus,143,5,58
Leucogeranus leucogeranus,143,4,70
Neosuthora davidiana,143,5,45
Serinus pusillus,141,5,62
Acrocephalus agricola,139,5,58
Alectoris magna,139,5,36
Calliope tschebaiewi,139,5,48
Cecropis striolata,139,5,48
Ficedula westermanni,139,5,41
Sinosuthora conspicillata,139,5,41
Onychoprion anaethetus,138,5,38
Anthus rufulus,137,5,63
Cettia brunnifrons,137,5,46
Phoenicurus erythronotus,136,5,66
Trochalopteron henrici,136,5,40
Charadrius dealbatus,134,3,66
Egretta sacra,134,5,41
Gallus gallus,134,5,44
Phalacrocorax capillatus,134,4,52
Pnoepyga albiventer,134,5,28
Pterorhinus chinensis,131,4,45
Circaetus gallicus,130,5,66
Tesia cyaniventer,129,5,36
Aethopyga nipalensis,128,5,36
Melanitta stejnegeri,127,5,61
Turdus chrysolaus,127,5,52
Phoenicurus alaschanicus,126,5,42
Sasia ochracea,126,4,36
Abroscopus schisticeps,125,5,31
Coracina macei,125,5,48
Curruca communis,125,3,55
Pterorhinus berthemyi,125,4,53
Phylloscopus soror,124,3,62
Conostoma aemodium,123,5,24
Urocynchramus pylzowi,123,5,42
Niltava grandis,122,5,31
Carpodacus subhimachalus,121,5,44
Phyllergates cucullatus,121,3,46
Syrmaticus ellioti,121,5,44
Phylloscopus emeiensis,120,5,36
Emberiza bruniceps,119,5,48
Lanius excubitor,119,5,62
Certhia tianquanensis,118,5,26
Ixobrychus minutus,117,4,41
Psarisomus dalhousiae,117,5,20
Riparia chinensis,117,5,30
Stachyris nigriceps,117,5,21
Turnix tanki,117,5,64
Lanius borealis,116,4,68
Dicaeum melanozanthum,115,5,45
Lanius collurio,115,5,44
Nyctyornis athertoni,115,5,24
Staphida castaniceps,115,5,34
Fulvetta manipurensis,114,5,33
Psilopogon franklinii,113,5,28
Treron sieboldii,113,4,54
Trochalopteron milnei,113,5,25
Ianthocincla lunulata,112,5,32
Turdus feae,112,5,28
Acrocephalus dumetorum,111,4,45
Ianthocincla ocellata,111,2,38
Phylloscopus intermedius,111,3,55
Rallus aquaticus,111,4,64
Ianthocincla cineracea,110,3,60
Carpodacus verreauxii,109,5,36
Larus schistisagus,109,5,55
Phoenicurus phoenicurus,109,4,48
Streptopelia turtur,109,5,45
Sturnia malabarica,109,5,37
Hemixos flavala,108,4,18
Carpodacus edwardsii,107,5,31
Emberiza cia,107,5,55
Grandala coelicolor,107,5,42
Pitta nympha,107,3,56
Pterorhinus albogularis,107,3,42
Tyto longimembris,107,5,48
Ficedula parva,106,5,50
Poecile davidi,106,5,26
Sitta himalayensis,106,5,34
Circus aeruginosus,105,5,63
Sterna dougallii,105,5,35
Sitta yunnanensis,104,5,34
Carpodacus lepidus,103,3,59
Cyanoptila cumatilis,103,4,43
Emberiza buchanani,103,5,44
Phylloscopus borealoides,103,3,41
Cisticola exilis,102,4,49
Locustella chengi,102,5,32
Pteruthius melanotis,102,5,26
Turdus albocinctus,102,5,30
Urocissa flavirostris,102,5,30
Zoothera dauma,102,5,46
Chrysococcyx maculatus,101,4,44
Iduna caligata,101,5,42
Lanius minor,101,5,38
Aethopyga ignicauda,100,5,30
Clangula hyemalis,100,5,59
Trochalopteron formosum,100,5,18
Actinodura egertoni,99,5,15
Chrysophlegma flavinucha,99,5,21
Cinnyris jugularis,99,4,29
Remiz coronatus,99,5,44
Tetrastes sewerzowi,99,5,24
Zoothera mollissima,99,5,32
Pycnonotus flavescens,98,5,18
Tragopan caboti,98,5,27
Cyornis brunneatus,97,3,52
Limnodromus scolopaceus,97,4,43
Prunella atrogularis,97,4,47
Zapornia pusilla,97,3,58
Picus chlorolophus,96,5,18
Porphyrio porphyrio,94,5,21
Thalasseus bernsteini,94,4,25
Plegadis falcinellus,93,4,70
Corvus monedula,92,2,47
Cyornis unicolor,92,5,36
Gallinago solitaria,92,5,51
Passer hispaniolensis,92,5,49
Caprimulgus affinis,91,4,37
Emberiza sulphurata,91,4,28
Oriolus oriolus,91,4,37
Cettia major,90,5,29
Dicrurus paradiseus,90,5,18
Emberiza hortulana,90,4,34
Phylloscopus examinandus,90,3,37
Pyrgilauda davidiana,90,5,23
Spilopelia senegalensis,90,5,41
Turdus pilaris,90,4,32
Curruca minula,89,2,59
Psilopogon haemacephalus,89,5,15
Acrocephalus concinens,88,4,58
Chlidonias niger,88,5,36
Dicrurus annectens,88,5,28
Dicrurus remifer,88,4,17
Haliaeetus leucoryphus,88,5,47
Caprimulgus europaeus,87,5,40
Timalia pileata,87,4,27
Carpodacus roborowskii,85,5,27
Cholornis unicolor,85,5,22
Pellorneum ruficeps,85,5,14
Suthora fulvifrons,85,5,22
Delichon nipalense,84,5,26
Heterophasia pulchella,84,5,19
Phylloscopus chloronotus,84,5,34
Rallina eurizonoides,84,3,52
Tetraophasis obscurus,84,5,21
Aegithina tiphia,83,5,14
Nipponia nippon,83,5,23
Tetraophasis szechenyii,83,5,22
Tetrastes bonasia,83,5,43
Locustella tacsanowskia,82,5,44
Mycerobas melanozanthos,82,5,35
Phaenicophaeus tristis,82,4,28
Serilophus lunatus,82,5,14
Calonectris leucomelas,81,5,41
Phylloscopus fuligiventer,81,5,28
Carpodacus thura,80,5,28
Otus scops,80,4,29
Rissa tridactyla,80,4,49
Emberiza citrinella,79,3,35
Lewinia striata,79,2,40
Anastomus oscitans,77,4,29
Curruca nisoria,77,3,43
Ducula badia,77,5,19
Sitta cinnamoventris,77,5,28
Dendrocygna javanica,76,4,30
Gavia stellata,76,5,32
Iduna rama,76,4,38
Iole propinqua,76,5,15
Moupinia poecilotis,76,5,24
Stachyris strialata,76,5,19
Aegithalos bonvaloti,74,3,39
Chrysomma sinense,74,4,16
Pterocles orientalis,74,5,30
Sinosuthora brunnea,74,5,16
Anas poecilorhyncha,73,5,19
Ketupa flavipes,73,5,28
Picoides kizuki,73,4,41
Schoeniparus dubius,73,3,40
Turnix suscitator,73,5,42
Alophoixus flaveolus,72,5,14
Tesia olivea,72,4,18
Brachypteryx sinensis,71,5,35
Ficedula superciliaris,71,5,29
Gavia arctica,71,5,39
Phylloscopus omeiensis,71,2,36
Carpodacus stoliczkae,70,5,19
Columba palumbus,69,4,28
Coturnix coturnix,69,5,30
Heterophasia picaoides,69,5,10
Prinia crinigera,69,5,25
Syrrhaptes tibetanus,69,5,38
Cettia cetti,68,4,26
Charadrius hiaticula,68,5,35
Megalurus palustris,68,5,20
Phoenicurus coeruleocephala,68,4,31
Ficedula sapphira,67,5,24
Leiothrix argentauris,67,3,25
Otus semitorques,67,4,42
Tarsiger albocoeruleus,67,4,41
Pellorneum tickelli,66,5,15
Strix uralensis,66,4,37
Urocissa whiteheadi,66,5,15
Alcippe poioicephala,65,5,14
Anthus sylvanus,65,5,45
Perisoreus internigrans,65,5,16
Calandrella dukhunensis,63,4,51
Emberiza koslowi,63,5,15
Trochalopteron erythrocephalum,63,5,16
Certhia nipalensis,62,4,18
Hierococcyx hyperythrus,62,3,41
Prunella himalayana,62,4,28
Gorsachius melanolophus,61,2,31
Oriolus tenuirostris,61,4,17
Porphyrio poliocephalus,61,2,20
Liocichla ripponi,60,5,10
Phylloscopus griseolus,60,4,38
Podoces biddulphi,60,5,28
Arachnothera longirostra,59,5,16
Bambusicola fytchii,59,5,21
Carpodacus sipahi,59,5,22
Garrulax maesi,59,5,26
Gecinulus grantia,59,4,20
Helopsaltes fasciolatus,59,4,42
Acridotheres grandis,58,5,21
Apus cooki,58,3,34
Dendrocopos atratus,58,4,12
Gorsachius magnificus,58,5,31
Larus hyperboreus,58,5,28
Lyrurus tetrix,58,3,27
Oriolus kundoo,58,3,31
Helopsaltes pryeri,57,3,29
Heterophasia gracilis,57,4,9
Phoenicopterus roseus,57,3,32
Acrocephalus scirpaceus,56,5,24
Anthus pratensis,56,4,34
Emberiza personata,56,4,38
Heterophasia capistrata,56,5,16
Pomatorhinus ochraceiceps,56,5,10
Treron curvirostra,56,5,18
Acrocephalus stentoreus,55,4,17
Agraphospiza rubescens,55,5,28
Fregata ariel,55,5,30
Orthotomus atrogularis,55,4,15
Pteruthius intermedius,55,5,20
Merops orientalis,54,4,17
Arborophila rufogularis,53,4,17
Crossoptilon harmani,53,5,18
Gracula religiosa,53,5,21
Hierococcyx nisicolor,53,2,37
Trochalopteron chrysopterum,53,5,11
Garrulax leucolophus,52,4,15
Oxyura leucocephala,52,4,23
Phylloscopus xanthoschistos,52,5,14
Podiceps grisegena,52,4,40
Psittiparus bakeri,52,4,9
Suthora nipalensis,52,5,13
Syrmaticus reevesii,52,4,19
Cacomantis sonneratii,51,4,15
Emberiza calandra,51,4,28
Ninox scutulata,51,5,26
Arborophila torqueola,50,5,17
Larus genei,50,4,31
Larvivora akahige,50,3,23
Acrocephalus tangorum,49,5,29
Chelidorhynx hypoxanthus,49,3,21
Cinnyris asiaticus,49,4,11
Hydrocoloeus minutus,49,5,34
Microhierax melanoleucos,49,5,11
Montifringilla nivalis,49,3,31
Pelecanus onocrotalus,49,4,27
Alcippe nipalensis,48,4,10
Chloropsis aurifrons,48,5,12
Emberiza jankowskii,48,5,20
Emberiza melanocephala,48,3,34
Lerwa lerwa,48,5,14
Locustella luscinioides,48,5,19
Carpodacus rhodochlamys,47,3,30
Cissa hypoleuca,47,5,10
Falco vespertinus,47,3,20
Vanellus duvaucelii,47,4,9
Acridotheres albocinctus,46,5,5
Bubo scandiacus,46,3,17
Crossoptilon mantchuricum,46,5,9
Hirundapus cochinchinensis,46,4,26
Larvivora brunnea,46,3,28
Lophura leucomelanos,46,4,11
Onychoprion aleuticus,46,3,25
Phylloscopus cantator,46,4,14
Trochalopteron squamatum,46,4,11
Burhinus oedicnemus,45,4,19
Chalcoparia singalensis,44,5,13
Enicurus immaculatus,44,5,14
Erithacus rubecula,44,4,24
Lophophorus impejanus,44,4,10
Tetraogallus himalayensis,44,4,26
Trochalopteron subunicolor,44,4,13
Agropsar philippensis,43,3,24
Anser caerulescens,43,3,20
Anthipes monileger,43,4,13
Bulweria bulwerii,43,3,24
Chloris spinoides,43,5,12
Lophophorus lhuysii,43,5,14
Psilopogon duvaucelii,43,5,11
Calidris melanotos,42,4,31
Glareola pratincola,42,4,18
Pinicola enucleator,42,4,24
Psittacula finschii,42,5,16
Pterorhinus waddelli,42,3,18
Actinodura waldeni,41,4,11
Carpodacus rodopeplus,41,5,15
Chleuasicus atrosuperciliaris,41,5,6
Corvus splendens,41,5,25
Cutia nipalensis,41,5,11
Gampsorhynchus rufulus,41,5,6
Pellorneum albiventre,41,4,12
Phalacrocorax pelagicus,41,4,10
Plectrophenax nivalis,41,4,18
Psittacula eupatria,41,4,15
Pteruthius rufiventer,41,5,12
Rubigula flaviventris,41,4,12
Treron apicauda,41,4,8
Caprimulgus macrurus,40,5,18
Coracias affinis,40,4,19
Hemiprocne coronata,40,5,10
Rhopophilus albosuperciliaris,40,2,30
Actinodura souliei,39,5,14
Certhia manipurensis,39,5,8
Circus pygargus,39,4,18
Pyrrhoplectes epauletta,39,4,11
Pyrrhula erythrocephala,39,3,10
Acanthis hornemanni,38,3,25
Dicaeum chrysorrheum,38,4,10
Indicator xanthonotus,38,4,12
Myzornis pyrrhoura,38,4,8
Niltava oatesi,38,5,21
Phylloscopus whistleri,38,3,15
Sinosuthora zappeyi,38,5,9
Falco severus,37,3,10
Ficedula hodgsoni,37,4,14
Leucosticte arctoa,37,3,14
Sittiparus varius,37,2,24
Vanellus indicus,37,5,8
Alcedo hercules,36,5,16
Carpodacus rodochroa,36,4,12
Lonchura atricapilla,36,4,16
Microcarbo niger,36,5,9
Trochalopteron lineatum,36,5,8
Napothera epilepidota,34,5,12
Phylloscopus burkii,34,3,22
Spelaeornis troglodytoides,34,5,13
Zoothera salimalii,34,4,13
Actinodura strigula,33,3,13
Anthracoceros albirostris,33,4,8
Arborophila brunneopectus,33,3,8
Cholornis paradoxus,33,3,15
Circus macrourus,33,4,16
Corvus cornix,33,2,26
Dendrocitta frontalis,33,4,7
Grus canadensis,33,4,16
Mixornis gularis,33,4,10
Phylloscopus hainanus,33,5,7
Prinia atrogularis,33,2,24
Psittacula derbiana,33,3,14
Zoothera marginata,33,5,8
Curruca nana,32,2,21
Hemitesia pallidipes,32,2,17
Hirundo smithii,32,4,8
Ianthocincla sukatschewi,32,3,12
Irena puella,32,5,9
Pericrocotus tegimae,32,2,20
Aerodramus fuciphagus,31,1,20
Branta bernicla,31,3,24
Heteroxenicus stellatus,31,5,14
Bambusicola sonorivox,30,2,19
Haliaeetus leucogaster,30,5,10
Locustella naevia,30,2,19
Mareca americana,30,2,19
Microcarbo pygmaeus,30,2,13
Pomatorhinus superciliaris,30,4,8
Sitta magna,30,5,12
Cissa chinensis,29,3,12
Hydrobates monorhis,29,2,18
Merops leschenaulti,29,5,7
Phylloscopus calciatilis,29,3,8
Phylloscopus xanthodryas,29,3,16
Tarsiger hyperythrus,29,4,12
Tickellia hodgsoni,29,5,11
Calliope pectoralis,28,3,19
Garrulax castanotis,28,5,6
Horornis brunnescens,28,2,10
Phylloscopus sindianus,28,3,16
Pterorhinus koslowi,28,2,8
Strix nebulosa,28,2,14
Aegithina lafresnayei,27,5,3
Arborophila ardens,27,5,4
Hirundo tahitica,27,2,13
Melanocorypha yeltoniensis,27,2,14
Ploceus philippinus,27,5,10
Stercorarius parasiticus,27,4,18
Aegolius funereus,26,4,13
Brachypteryx cruralis,26,2,12
Crex crex,26,4,14
Onychoprion fuscatus,26,3,18
Zosterops japonicus,26,2,15
Cyanoderma chrysaeum,25,2,9
Cyornis concretus,25,4,8
Ketupa zeylonensis,25,2,13
Otus brucei,25,3,15
Perisoreus infaustus,25,3,11
Psilopogon nuchalis,25,2,9
Sitta solangiae,25,5,3
Surnia ulula,25,2,9
Actinodura ramsayi,24,4,12
Calliope pectardens,24,2,13
Chrysocolaptes guttacristatus,24,4,8
Cochoa viridis,24,3,12
Helopsaltes ochotensis,24,3,16
Phylloscopus poliogenys,24,3,10
Temnurus temnurus,24,4,5
Turdus philomelos,24,4,8
Bubo nipalensis,23,4,9
Certhia discolor,23,3,6
Cochoa purpurea,23,4,11
Gracupica contra,23,5,5
Melanocorypha bimaculata,23,4,13
Melanocorypha calandra,23,2,8
Pomatorhinus musicus,23,2,10
Prunella koslowi,23,3,9
Syrmaticus humiae,23,4,10
Zoothera griseiceps,23,2,11
Columba pulchricollis,22,5,12
Gypsophila brevicaudata,22,4,6
Haliastur indus,22,3,17
Liocichla omeiensis,22,4,6
Picus squamatus,22,3,4
Polyplectron bicalcaratum,22,3,6
Stercorarius pomarinus,22,2,18
Turdus iliacus,22,2,10
Branta ruficollis,21,2,17
Gallinago nemoricola,21,5,5
Garrulax owstoni,21,3,16
Hydrornis soror,21,2,5
Psittacula alexandri,21,4,8
Ceyx erithaca,20,5,8
Chlamydotis macqueenii,20,3,10
Fulvetta ludlowi,20,3,6
Lymnocryptes minimus,20,4,15
Psittacula krameri,20,3,10
Pycnonotus leucogenys,20,3,6
Schoeniparus castaneceps,20,3,8
Stachyris nonggangensis,20,4,3
Acridotheres burmannicus,19,4,3
Amaurornis cinerea,19,2,7
Erythrogenys hypoleucos,19,2,8
Grammatoptila striata,19,3,7
Phalaropus fulicarius,19,3,14
Pterorhinus courtoisi,19,4,3
Pycnonotus taivanus,19,3,9
Coturnicops exquisitus,18,5,13
Cyornis rubeculoides,18,3,10
Glareola lactea,18,4,4
Gorsachius goisagi,18,3,16
Oriolus mellianus,18,4,5
Sterna aurantia,18,4,2
Treron phayrei,18,4,6
Zapornia paykullii,18,3,16
Arborophila rufipectus,17,4,7
Branta leucopsis,17,2,13
Haliaeetus pelagicus,17,2,6
Heterophasia auricularis,17,2,5
Hierococcyx varius,17,2,17
Liocichla phoenicea,17,3,6
Parayuhina bakeri,17,2,7
Sitta formosa,17,3,5
Tetrao urogalloides,17,3,7
Urocissa caerulea,17,2,7
Alcippe morrisonia,16,2,5
Amandava amandava,16,4,9
Anthreptes malacensis,16,3,5
Chrysococcyx xanthorhynchus,16,3,5
Curruca althaea,16,2,10
Cyornis poliogenys,16,4,7
Myophonus insularis,16,2,5
Pavo cristatus,16,4,8
Periparus rufonuchalis,16,3,9
Pitta sordida,16,4,5
Pomatorhinus ferruginosus,16,3,4
Rhyticeros undulatus,16,4,2
Thalasseus bengalensis,16,3,9
Trochalopteron morrisonianum,16,2,4
Batrachostomus hodgsoni,15,2,5
Buceros bicornis,15,3,5
Lagopus muta,15,2,5
Liocichla steerii,15,2,4
Loxia leucoptera,15,3,8
Pnoepyga immaculata,15,3,4
Sinosuthora przewalskii,15,4,4
Spelaeornis kinneari,15,3,5
Tarsiger johnstoniae,15,2,4
Yuhina brunneiceps,15,2,4
Zapornia bicolor,15,2,10
Acrocephalus schoenobaenus,14,3,6
Actinodura nipalensis,14,3,7
Aplonis panayensis,14,2,11
Calliope obscura,14,3,8
Carpodacus formosanus,14,2,4
Ficedula owstoni,14,3,9
Lophotriorchis kienerii,14,2,8
Lophura swinhoii,14,2,5
Microhierax caerulescens,14,3,2
Oriolus xanthornus,14,3,4
Regulus goodfellowi,14,3,4
Synoicus chinensis,14,3,9
Zoothera monticola,14,3,8
Branta canadensis,13,2,8
Garrulax taewanus,13,2,8
Harpactes wardi,13,4,5
Leioptila annectens,13,1,5
Niltava vivida,13,2,4
Pavo muticus,13,2,11
Perdix perdix,13,2,9
Psittacula roseata,13,2,4
Psittiparus ruficeps,13,3,2
Sula leucogaster,13,2,11
Thalasseus sandvicensis,13,2,7
Tyto javanica,13,1,8
Actinodura morrisoniana,12,2,4
Arborophila atrogularis,12,3,4
Ardenna tenuirostris,12,3,9
Cyanoderma pyrrhops,12,1,8
Dendrocopos macei,12,2,3
Harpactes oreskios,12,3,2
Lophophorus sclateri,12,4,8
Mulleripicus pulverulentus,12,2,3
Phylloscopus trochilus,12,2,12
Schoeniparus variegaticeps,12,2,5
Stercorarius longicaudus,12,2,9
Terpsiphone affinis,12,2,10
Tragopan satyra,12,3,4
Acridotheres javanicus,11,2,10
Acrocephalus melanopogon,11,2,7
Cinclidium frontale,11,3,3
Dicaeum agile,11,4,3
Erythrogenys erythrocnemis,11,2,4
Fulvetta formosana,11,2,4
Lagopus lagopus,11,1,6
Machlolophus holsti,11,2,4
Melanitta americana,11,3,10
Pnoepyga formosana,11,2,3
Syrmaticus mikado,11,2,3
Anous stolidus,10,1,10
Branta hutchinsii,10,2,7
Carpodacus grandis,10,1,10
Histrionicus histrionicus,10,2,9
Oenanthe picata,10,2,8
Phodilus badius,10,1,5
Phylloscopus sibilatrix,10,3,9
Sittiparus castaneoventris,10,2,3
Synthliboramphus antiquus,10,3,7
Tarsiger formosanus,10,2,5
Tetraogallus altaicus,10,1,6
Tetrax tetrax,10,2,4
Alaudala heinei,9,1,9
Arborophila crudigularis,9,2,3
Brachypteryx goodfellowi,9,2,4
Dryocopus javensis,9,2,7
Eudromias morinellus,9,2,3
Garrulax strepitans,9,3,3
Graminicola striatus,9,2,5
Halcyon coromanda,9,3,7
Leiopicus auriceps,9,1,4
Machlolophus xanthogenys,9,2,4
Saxicola insignis,9,1,9
Schoeniparus cinereus,9,2,2
Strix davidi,9,1,5
Carpodacus sillemi,8,1,4
Cercotrichas galactotes,8,2,4
Helopsaltes pleskei,8,1,8
Hirundapus giganteus,8,2,2
Larus glaucescens,8,3,8
Locustella alishanensis,8,2,4
Pterorhinus poecilorhynchus,8,2,3
Sula dactylatra,8,2,6
Sula sula,8,3,8
Treron bicinctus,8,1,5
Trochalopteron imbricatum,8,2,3
Zosterops meyeni,8,2,4
Alcurus striatus,7,2,2
Arborophila mandellii,7,2,4
Ardeola grayii,7,2,5
Brachyramphus perdix,7,3,4
Motacilla grandis,7,1,7
Mycteria leucocephala,7,1,7
Porzana porzana,7,2,5
Pterorhinus ruficeps,7,2,2
Ptyonoprogne concolor,7,3,4
Rhodopechys sanguineus,7,1,3
Stachyris humei,7,1,2
Sterna acuticauda,7,1,7
Treron formosae,7,2,3
Tropicoperdix chloropus,7,4,3
Aceros nipalensis,6,1,3
Ampeliceps coronatus,6,1,6
Ardenna pacifica,6,2,6
Brachypteryx hyperythra,6,1,2
Chloropsis cochinchinensis,6,2,6
Gavia adamsii,6,2,4
Geopelia striata,6,1,4
Napothera malacoptila,6,2,2
Ploceus manyar,6,2,2
Pluvialis apricaria,6,2,6
Pterorhinus ruficollis,6,2,3
Threskiornis melanocephalus,6,2,5
Brachypodius atriceps,5,1,5
Dendrocitta vagabunda,5,2,4
Dinopium javanense,5,3,3
Ducula aenea,5,3,3
Erythrogenys erythrogenys,5,2,4
Falco rusticolus,5,1,5
Fregata minor,5,3,5
Gampsorhynchus torquatus,5,2,4
Gavia pacifica,5,2,4
Glaucidium passerinum,5,2,4
Iduna pallida,5,1,5
Lanius vittatus,5,1,5
Macropygia ruficeps,5,2,4
Melanitta fusca,5,2,5
Pterorhinus caerulatus,5,1,2
Spelaeornis badeigularis,5,1,2
Turdus niveiceps,5,2,2
Turdus unicolor,5,3,3
Zapornia parva,5,1,4
Acrocephalus sorghophilus,4,3,2
Ardeola speciosa,4,1,4
Columba punicea,4,2,4
Euodice malabarica,4,1,4
Leptoptilos javanicus,4,2,4
Pelargopsis capensis,4,2,2
Phaethon lepturus,4,2,4
Polyplectron katsumatae,4,2,1
Psilopogon faiostrictus,4,1,3
Trochalopteron melanostigma,4,2,3
Calidris bairdii,3,1,3
Calidris subruficollis,3,2,3
Columba eversmanni,3,1,3
Cyanoderma ambiguum,3,1,3
Egretta picata,3,1,3
Estrilda melpoda,3,1,2
Ficedula hypoleuca,3,2,3
Gyps fulvus,3,1,3
Hydrobates leucorhous,3,1,3
Hydrornis nipalensis,3,2,2
Leucophaeus pipixcan,3,3,3
Lyncornis macrotis,3,1,3
Macropygia tenuirostris,3,2,1
Merops persicus,3,1,2
Mirafra javanica,3,2,3
Nisaetus cirrhatus,3,1,3
Nycticorax caledonicus,3,2,3
Otus elegans,3,2,1
Phaethon rubricauda,3,1,3
Phylloscopus ijimae,3,1,3
Remiz macronyx,3,1,2
Saxicola rubetra,3,1,3
Stachyris roberti,3,1,2
Sturnia pagodarum,3,2,3
Tachymarptis melba,3,3,2
Todiramphus chloris,3,2,2
Treron phoenicopterus,3,3,3
Tringa flavipes,3,1,3
Alcedo meninting,2,1,2
Anas luzonica,2,1,2
Aythya valisineria,2,1,2
Chroicocephalus novaehollandiae,2,1,2
Ciconia ciconia,2,1,2
Ciconia episcopus,2,2,2
Columba janthina,2,1,2
Erythrura prasina,2,1,1
Fregata andrewsi,2,2,2
Gallinago hardwickii,2,2,2
Glareola nordmanni,2,1,2
Ianthocincla bieti,2,1,2
Larvivora ruficeps,2,1,2
Lonchura oryzivora,2,2,2
Neophron percnopterus,2,2,2
Pelecanus philippensis,2,1,2
Phalacrocorax urile,2,1,2
Pitta moluccensis,2,2,2
Pomatorhinus schisticeps,2,2,2
Psittacula himalayana,2,1,1
Pterodroma hypoleuca,2,2,2
Ptilinopus leclancheri,2,1,2
Saxicola jerdoni,2,1,2
Tetrao urogallus,2,1,1
Anous minutus,1,1,1
Ardenna carneipes,1,1,1
Asarcornis scutulata,1,1,1
Aythya affinis,1,1,1
Aythya collaris,1,1,1
Butastur liventer,1,1,1
Calidris fuscicollis,1,1,1
Egretta novaehollandiae,1,1,1
Emberiza stewarti,1,1,1
Ficedula ruficauda,1,1,1
Geokichla wardii,1,1,1
Gygis alba,1,1,1
Gypsophila annamensis,1,1,1
Ianthocincla rufogularis,1,1,1
Kurochkinegramma hypogrammicum,1,1,1
Leucophaeus atricilla,1,1,1
Loriculus vernalis,1,1,1
Marmaronetta angustirostris,1,1,1
Monticola cinclorhyncha,1,1,1
Oceanites oceanicus,1,1,1
Pernis apivorus,1,1,1
Phoebastria albatrus,1,1,1
Phoebastria nigripes,1,1,1
Picus vittatus,1,1,1
Rallina fasciata,1,1,1
Sarcogyps calvus,1,1,1
Stercorarius maccormicki,1,1,1
Tragopan blythii,1,1,1
Treron seimundi,1,1,1
Turdus migratorius,1,1,1
Turnix sylvaticus,1,1,1
Vanellus leucurus,1,1,1
