species,block_id,block_label,mean_psi
Abroscopus albogularis,1,2000-2004,0.15120603830388257
Abroscopus albogularis,2,2005-2009,0.18276668937975468
Abroscopus albogularis,3,2010-2014,0.2312876249094752
Abroscopus albogularis,4,2015-2019,0.2735132493088458
Abroscopus albogularis,5,2020-2024,0.3159590077911462
Accipiter gentilis,1,2000-2004,0.7949373318517399
Accipiter gentilis,2,2005-2009,0.8101401398561242
Accipiter gentilis,3,2010-2014,0.8176228434054782
Accipiter gentilis,4,2015-2019,0.8400991018569974
Accipiter gentilis,5,2020-2024,0.8252374012682586
Accipiter nisus,1,2000-2004,0.7781907937250289
Accipiter nisus,2,2005-2009,0.8060220197591832
Accipiter nisus,3,2010-2014,0.8215638630751658
Accipiter nisus,4,2015-2019,0.8592326243081788
Accipiter nisus,5,2020-2024,0.9206521438262922
Accipiter soloensis,1,2000-2004,0.27329364110682725
Accipiter soloensis,2,2005-2009,0.539358184091309
Accipiter soloensis,3,2010-2014,0.521972803077298
Accipiter soloensis,4,2015-2019,0.43521464852348524
Accipiter soloensis,5,2020-2024,0.46575572306619295
Accipiter trivirgatus,1,2000-2004,0.1711048325404742
Accipiter trivirgatus,2,2005-2009,0.2777911062968819
Accipiter trivirgatus,3,2010-2014,0.35353970528329837
Accipiter trivirgatus,4,2015-2019,0.360596317482272
Accipiter trivirgatus,5,2020-2024,0.38552309555406644
Accipiter virgatus,1,2000-2004,0.3089394509064017
Accipiter virgatus,2,2005-2009,0.34454259449727953
Accipiter virgatus,3,2010-2014,0.35499359951031345
Accipiter virgatus,4,2015-2019,0.38087878986564105
Accipiter virgatus,5,2020-2024,0.4467757524465894
Acridotheres cristatellus,1,2000-2004,0.30959794311690897
Acridotheres cristatellus,2,2005-2009,0.33639018995627296
Acridotheres cristatellus,3,2010-2014,0.41410885305663847
Acridotheres cristatellus,4,2015-2019,0.42437920415022645
Acridotheres cristatellus,5,2020-2024,0.3978725376093419
Acrocephalus orientalis,1,2000-2004,0.4246455834609607
Acrocephalus orientalis,2,2005-2009,0.4714202883642728
Acrocephalus orientalis,3,2010-2014,0.5229793226686209
Acrocephalus orientalis,4,2015-2019,0.6031432716160444
Acrocephalus orientalis,5,2020-2024,0.6510723060122632
Actitis hypoleucos,1,2000-2004,0.8460480260110557
Actitis hypoleucos,2,2005-2009,0.7702034372837033
Actitis hypoleucos,3,2010-2014,0.8235971642630522
Actitis hypoleucos,4,2015-2019,0.8371551071849888
Actitis hypoleucos,5,2020-2024,0.9091992447679833
Aegithalos concinnus,1,2000-2004,0.2575221774039938
Aegithalos concinnus,2,2005-2009,0.2921802892106383
Aegithalos concinnus,3,2010-2014,0.32848928339180344
Aegithalos concinnus,4,2015-2019,0.3287050182660452
Aegithalos concinnus,5,2020-2024,0.3624309764412744
Aegithalos glaucogularis,1,2000-2004,0.2719925845559732
Aegithalos glaucogularis,2,2005-2009,0.28606703453926996
Aegithalos glaucogularis,3,2010-2014,0.34002046284614246
Aegithalos glaucogularis,4,2015-2019,0.3920275287797062
Aegithalos glaucogularis,5,2020-2024,0.4916243540384701
Aix galericulata,1,2000-2004,0.46910933796267873
Aix galericulata,2,2005-2009,0.5358717111767696
Aix galericulata,3,2010-2014,0.620148679932434
Aix galericulata,4,2015-2019,0.6822737439423107
Aix galericulata,5,2020-2024,0.703204471765709
Alauda arvensis,1,2000-2004,0.44716220763450515
Alauda arvensis,2,2005-2009,0.49014198712029006
Alauda arvensis,3,2010-2014,0.54590178142029
Alauda arvensis,4,2015-2019,0.6067209506438415
Alauda arvensis,5,2020-2024,0.7189605115685269
Alauda gulgula,1,2000-2004,0.605423169135935
Alauda gulgula,2,2005-2009,0.5086091280901756
Alauda gulgula,3,2010-2014,0.4020763117270155
Alauda gulgula,4,2015-2019,0.32416103068197744
Alauda gulgula,5,2020-2024,0.38569306087847555
Alcedo atthis,1,2000-2004,0.5567102936505921
Alcedo atthis,2,2005-2009,0.6108911350657621
Alcedo atthis,3,2010-2014,0.6784740563040754
Alcedo atthis,4,2015-2019,0.6853715513752182
Alcedo atthis,5,2020-2024,0.7017930472455626
Amaurornis phoenicurus,1,2000-2004,0.261105942837159
Amaurornis phoenicurus,2,2005-2009,0.28475449671166786
Amaurornis phoenicurus,3,2010-2014,0.31413400487010024
Amaurornis phoenicurus,4,2015-2019,0.3498423835865958
Amaurornis phoenicurus,5,2020-2024,0.3850342193889419
Anas acuta,1,2000-2004,0.46564308091780604
Anas acuta,2,2005-2009,0.5693552451573676
Anas acuta,3,2010-2014,0.4720853673736409
Anas acuta,4,2015-2019,0.5241298748282884
Anas acuta,5,2020-2024,0.7005291538244688
Anas carolinensis,1,2000-2004,0.6749875720720103
Anas carolinensis,2,2005-2009,0.6581761806275125
Anas carolinensis,3,2010-2014,0.6521576126190108
Anas carolinensis,4,2015-2019,0.7279013658206019
Anas carolinensis,5,2020-2024,0.8098122586182731
Anas platyrhynchos,1,2000-2004,0.6877956523796575
Anas platyrhynchos,2,2005-2009,0.725650465982843
Anas platyrhynchos,3,2010-2014,0.7412417941922455
Anas platyrhynchos,4,2015-2019,0.8245492420855753
Anas platyrhynchos,5,2020-2024,0.876179436677982
Anas zonorhyncha,1,2000-2004,0.43400632970703723
Anas zonorhyncha,2,2005-2009,0.49168061978728217
Anas zonorhyncha,3,2010-2014,0.5537728421933414
Anas zonorhyncha,4,2015-2019,0.617287723753758
Anas zonorhyncha,5,2020-2024,0.719136595753206
Anser anser,1,2000-2004,0.3870821986774042
Anser anser,2,2005-2009,0.4041647251537861
Anser anser,3,2010-2014,0.46943671942556187
Anser anser,4,2015-2019,0.5213727498947107
Anser anser,5,2020-2024,0.6103713136902751
Anthus hodgsoni,1,2000-2004,0.7123037795212679
Anthus hodgsoni,2,2005-2009,0.6684055062990519
Anthus hodgsoni,3,2010-2014,0.7436085923747863
Anthus hodgsoni,4,2015-2019,0.6384232219786012
Anthus hodgsoni,5,2020-2024,0.7258479057869963
Anthus richardi,1,2000-2004,0.643104741326483
Anthus richardi,2,2005-2009,0.6926807240083704
Anthus richardi,3,2010-2014,0.6541378861289878
Anthus richardi,4,2015-2019,0.6537392614399548
Anthus richardi,5,2020-2024,0.7041747319242486
Anthus rubescens,1,2000-2004,0.4338911758117635
Anthus rubescens,2,2005-2009,0.5288931085301999
Anthus rubescens,3,2010-2014,0.5442456157910499
Anthus rubescens,4,2015-2019,0.4941522813273255
Anthus rubescens,5,2020-2024,0.5797516890546324
Anthus spinoletta,1,2000-2004,0.7139459208658346
Anthus spinoletta,2,2005-2009,0.7135720628938462
Anthus spinoletta,3,2010-2014,0.7959913865039107
Anthus spinoletta,4,2015-2019,0.7772678208115665
Anthus spinoletta,5,2020-2024,0.8626648320852626
Apus apus,1,2000-2004,0.5880996849250414
Apus apus,2,2005-2009,0.5918908096254152
Apus apus,3,2010-2014,0.5872503698092917
Apus apus,4,2015-2019,0.5821232211139672
Apus apus,5,2020-2024,0.5915267834844019
Apus nipalensis,1,2000-2004,0.23092334849338325
Apus nipalensis,2,2005-2009,0.24610114715902007
Apus nipalensis,3,2010-2014,0.26571323489993215
Apus nipalensis,4,2015-2019,0.28220196081591004
Apus nipalensis,5,2020-2024,0.33906348960960575
Apus pacificus,1,2000-2004,0.8483268030685024
Apus pacificus,2,2005-2009,0.831587883724329
Apus pacificus,3,2010-2014,0.7448688187792888
Apus pacificus,4,2015-2019,0.7018041991360203
Apus pacificus,5,2020-2024,0.731477341470254
Aquila chrysaetos,1,2000-2004,0.6304107601454774
Aquila chrysaetos,2,2005-2009,0.5683493063518932
Aquila chrysaetos,3,2010-2014,0.5532304505511885
Aquila chrysaetos,4,2015-2019,0.49363630595721253
Aquila chrysaetos,5,2020-2024,0.49977062303302683
Ardea alba,1,2000-2004,0.5729987014968488
Ardea alba,2,2005-2009,0.6394692550295389
Ardea alba,3,2010-2014,0.6551957989951429
Ardea alba,4,2015-2019,0.736350474322817
Ardea alba,5,2020-2024,0.7826223960004048
Ardea cinerea,1,2000-2004,0.5660219800949169
Ardea cinerea,2,2005-2009,0.6191700763783551
Ardea cinerea,3,2010-2014,0.6905995812353818
Ardea cinerea,4,2015-2019,0.7622557486137789
Ardea cinerea,5,2020-2024,0.8504328770176826
Ardea intermedia,1,2000-2004,0.004709487529561523
Ardea intermedia,2,2005-2009,0.03132741725760603
Ardea intermedia,3,2010-2014,0.12541949115584852
Ardea intermedia,4,2015-2019,0.18546780573300148
Ardea intermedia,5,2020-2024,0.5997573401011593
Ardea purpurea,1,2000-2004,0.31263279381284
Ardea purpurea,2,2005-2009,0.37512727779056426
Ardea purpurea,3,2010-2014,0.4221209728797484
Ardea purpurea,4,2015-2019,0.458959019901688
Ardea purpurea,5,2020-2024,0.5242395285319709
Ardeola bacchus,1,2000-2004,0.5151498185754998
Ardeola bacchus,2,2005-2009,0.48866279209629726
Ardeola bacchus,3,2010-2014,0.5454130745696602
Ardeola bacchus,4,2015-2019,0.5593116725062717
Ardeola bacchus,5,2020-2024,0.5673140828834827
Aythya ferina,1,2000-2004,0.5545456033832676
Aythya ferina,2,2005-2009,0.5459903663225392
Aythya ferina,3,2010-2014,0.5333574920904888
Aythya ferina,4,2015-2019,0.5973306107193321
Aythya ferina,5,2020-2024,0.6943699325282064
Aythya fuligula,1,2000-2004,0.6194749647840297
Aythya fuligula,2,2005-2009,0.6591114550764444
Aythya fuligula,3,2010-2014,0.6075490139022149
Aythya fuligula,4,2015-2019,0.636895582320773
Aythya fuligula,5,2020-2024,0.7288252638045881
Aythya nyroca,1,2000-2004,0.3883646703853667
Aythya nyroca,2,2005-2009,0.49136456562898595
Aythya nyroca,3,2010-2014,0.4331295469556944
Aythya nyroca,4,2015-2019,0.5112656786357213
Aythya nyroca,5,2020-2024,0.6827690278395125
Bambusicola thoracicus,1,2000-2004,0.11333059763610531
Bambusicola thoracicus,2,2005-2009,0.14264557711784523
Bambusicola thoracicus,3,2010-2014,0.2078908896550457
Bambusicola thoracicus,4,2015-2019,0.19849948903171585
Bambusicola thoracicus,5,2020-2024,0.2373597691533122
Bubulcus coromandus,1,2000-2004,0.537756056593268
Bubulcus coromandus,2,2005-2009,0.5788613904036467
Bubulcus coromandus,3,2010-2014,0.5933644266893867
Bubulcus coromandus,4,2015-2019,0.5493841782313134
Bubulcus coromandus,5,2020-2024,0.5402832201956848
Buteo hemilasius,1,2000-2004,0.6768854014692319
Buteo hemilasius,2,2005-2009,0.6591415833676522
Buteo hemilasius,3,2010-2014,0.5783884985364981
Buteo hemilasius,4,2015-2019,0.5786972659566554
Buteo hemilasius,5,2020-2024,0.690189441584743
Buteo japonicus,1,2000-2004,0.8180254979861648
Buteo japonicus,2,2005-2009,0.7839369242349613
Buteo japonicus,3,2010-2014,0.734242935823592
Buteo japonicus,4,2015-2019,0.8028274496587533
Buteo japonicus,5,2020-2024,0.9352299725026072
Butorides striata,1,2000-2004,0.41974957593730977
Butorides striata,2,2005-2009,0.45346889549144165
Butorides striata,3,2010-2014,0.4843747449249647
Butorides striata,4,2015-2019,0.4834067834840798
Butorides striata,5,2020-2024,0.5342259200850462
Calidris temminckii,1,2000-2004,0.49008000760525383
Calidris temminckii,2,2005-2009,0.5335239191834218
Calidris temminckii,3,2010-2014,0.5495825624249389
Calidris temminckii,4,2015-2019,0.6631942101829414
Calidris temminckii,5,2020-2024,0.653050152305386
Carpodacus erythrinus,1,2000-2004,0.7327484337314019
Carpodacus erythrinus,2,2005-2009,0.7197448430134743
Carpodacus erythrinus,3,2010-2014,0.6908584302209538
Carpodacus erythrinus,4,2015-2019,0.6111527707583685
Carpodacus erythrinus,5,2020-2024,0.7053222042453023
Cecropis daurica,1,2000-2004,0.6769725294192418
Cecropis daurica,2,2005-2009,0.6236011335080963
Cecropis daurica,3,2010-2014,0.6817213406922349
Cecropis daurica,4,2015-2019,0.694581126727121
Cecropis daurica,5,2020-2024,0.7066555066243216
Ceryle rudis,1,2000-2004,0.11277649712863565
Ceryle rudis,2,2005-2009,0.14103559104661487
Ceryle rudis,3,2010-2014,0.19299210360934982
Ceryle rudis,4,2015-2019,0.19675365929252714
Ceryle rudis,5,2020-2024,0.2740130924157748
Charadrius alexandrinus,1,2000-2004,0.35004021657213513
Charadrius alexandrinus,2,2005-2009,0.3462742875330003
Charadrius alexandrinus,3,2010-2014,0.43684146196783513
Charadrius alexandrinus,4,2015-2019,0.43625118004655977
Charadrius alexandrinus,5,2020-2024,0.47535586343166214
Charadrius dubius,1,2000-2004,0.6071358643283619
Charadrius dubius,2,2005-2009,0.6624192029544768
Charadrius dubius,3,2010-2014,0.725904849974911
Charadrius dubius,4,2015-2019,0.7373915405029802
Charadrius dubius,5,2020-2024,0.7940970951553725
Chlidonias hybrida,1,2000-2004,0.3579377503832428
Chlidonias hybrida,2,2005-2009,0.44144943244897217
Chlidonias hybrida,3,2010-2014,0.5323013248590798
Chlidonias hybrida,4,2015-2019,0.6108991449819409
Chlidonias hybrida,5,2020-2024,0.7018852831594038
Chlidonias leucopterus,1,2000-2004,0.44034412675553314
Chlidonias leucopterus,2,2005-2009,0.43851978539638836
Chlidonias leucopterus,3,2010-2014,0.48740470284500437
Chlidonias leucopterus,4,2015-2019,0.5097375471459309
Chlidonias leucopterus,5,2020-2024,0.5636980091366396
Chloris sinica,1,2000-2004,0.46064624116141223
Chloris sinica,2,2005-2009,0.5128306172268012
Chloris sinica,3,2010-2014,0.6283945664780709
Chloris sinica,4,2015-2019,0.6538522875007131
Chloris sinica,5,2020-2024,0.7254814644713616
Chroicocephalus ridibundus,1,2000-2004,0.4312137972425881
Chroicocephalus ridibundus,2,2005-2009,0.5094638037650301
Chroicocephalus ridibundus,3,2010-2014,0.5696621129246765
Chroicocephalus ridibundus,4,2015-2019,0.6225994230165975
Chroicocephalus ridibundus,5,2020-2024,0.7024250457680756
Cinclus pallasii,1,2000-2004,0.24910329743855342
Cinclus pallasii,2,2005-2009,0.2531981586248235
Cinclus pallasii,3,2010-2014,0.2804363554269894
Cinclus pallasii,4,2015-2019,0.26609907361562546
Cinclus pallasii,5,2020-2024,0.2734113877635593
Circus cyaneus,1,2000-2004,0.6347417091873292
Circus cyaneus,2,2005-2009,0.6820441007386111
Circus cyaneus,3,2010-2014,0.6659334670033825
Circus cyaneus,4,2015-2019,0.7313801012802768
Circus cyaneus,5,2020-2024,0.823118344997798
Circus spilonotus,1,2000-2004,0.40394180521351575
Circus spilonotus,2,2005-2009,0.4263267158454944
Circus spilonotus,3,2010-2014,0.4028254905507983
Circus spilonotus,4,2015-2019,0.4567065723203719
Circus spilonotus,5,2020-2024,0.5690033479022288
Cisticola juncidis,1,2000-2004,0.45822179724763695
Cisticola juncidis,2,2005-2009,0.45458075836809436
Cisticola juncidis,3,2010-2014,0.45919516077782657
Cisticola juncidis,4,2015-2019,0.45747505545507966
Cisticola juncidis,5,2020-2024,0.4352879875719682
Columba livia,1,2000-2004,0.9726445222509189
Columba livia,2,2005-2009,0.9519006755269193
Columba livia,3,2010-2014,0.888928746520599
Columba livia,4,2015-2019,0.8715162464729862
Columba livia,5,2020-2024,0.5790446338894125
Columba rupestris,1,2000-2004,0.6155440444921797
Columba rupestris,2,2005-2009,0.5900062012849693
Columba rupestris,3,2010-2014,0.5135307071848056
Columba rupestris,4,2015-2019,0.5161445677849259
Columba rupestris,5,2020-2024,0.5854366658817989
Copsychus saularis,1,2000-2004,0.241527165771083
Copsychus saularis,2,2005-2009,0.25291359406578423
Copsychus saularis,3,2010-2014,0.2923643496978109
Copsychus saularis,4,2015-2019,0.30688138161205325
Copsychus saularis,5,2020-2024,0.32345131832401947
Corvus corax,1,2000-2004,0.36067859950402353
Corvus corax,2,2005-2009,0.29654238142192396
Corvus corax,3,2010-2014,0.31179791753709957
Corvus corax,4,2015-2019,0.28358845868091637
Corvus corax,5,2020-2024,0.34263379255967313
Corvus corone,1,2000-2004,0.5457173828758775
Corvus corone,2,2005-2009,0.5565512326944098
Corvus corone,3,2010-2014,0.558117126036694
Corvus corone,4,2015-2019,0.6196059929931249
Corvus corone,5,2020-2024,0.7317763652941374
Corvus macrorhynchos,1,2000-2004,0.536702856819586
Corvus macrorhynchos,2,2005-2009,0.5811041172768804
Corvus macrorhynchos,3,2010-2014,0.5056225830462555
Corvus macrorhynchos,4,2015-2019,0.5450345058059832
Corvus macrorhynchos,5,2020-2024,0.6809547550306891
Cuculus canorus,1,2000-2004,0.8202207400943885
Cuculus canorus,2,2005-2009,0.8324421374940207
Cuculus canorus,3,2010-2014,0.86127432797177
Cuculus canorus,4,2015-2019,0.8647984825158076
Cuculus canorus,5,2020-2024,0.9225142568909034
Cuculus micropterus,1,2000-2004,0.5051186497935732
Cuculus micropterus,2,2005-2009,0.4805543211525425
Cuculus micropterus,3,2010-2014,0.5528128162454039
Cuculus micropterus,4,2015-2019,0.563220336782084
Cuculus micropterus,5,2020-2024,0.7156800527670325
Culicicapa ceylonensis,1,2000-2004,0.20991690261689386
Culicicapa ceylonensis,2,2005-2009,0.24303602828259707
Culicicapa ceylonensis,3,2010-2014,0.2615175408667262
Culicicapa ceylonensis,4,2015-2019,0.22949654041324138
Culicicapa ceylonensis,5,2020-2024,0.2796902027319263
Cyanopica cyanus,1,2000-2004,0.4179823867462595
Cyanopica cyanus,2,2005-2009,0.4477619804677364
Cyanopica cyanus,3,2010-2014,0.4871714467224517
Cyanopica cyanus,4,2015-2019,0.5255596634123944
Cyanopica cyanus,5,2020-2024,0.5628475441012792
Delichon dasypus,1,2000-2004,0.6636950174743643
Delichon dasypus,2,2005-2009,0.523397361678698
Delichon dasypus,3,2010-2014,0.43642389367042256
Delichon dasypus,4,2015-2019,0.4513112272837463
Delichon dasypus,5,2020-2024,0.436430473245139
Dendrocitta formosae,1,2000-2004,0.13728351819503193
Dendrocitta formosae,2,2005-2009,0.1653320777861548
Dendrocitta formosae,3,2010-2014,0.19487676490496794
Dendrocitta formosae,4,2015-2019,0.21488641153974505
Dendrocitta formosae,5,2020-2024,0.24641461750051272
Dendrocopos major,1,2000-2004,0.6099639793720948
Dendrocopos major,2,2005-2009,0.6690299835946608
Dendrocopos major,3,2010-2014,0.6847054825516576
Dendrocopos major,4,2015-2019,0.6770071707012277
Dendrocopos major,5,2020-2024,0.7131541972790117
Dicrurus hottentottus,1,2000-2004,0.4723692092506455
Dicrurus hottentottus,2,2005-2009,0.5437821343398127
Dicrurus hottentottus,3,2010-2014,0.47184599921467874
Dicrurus hottentottus,4,2015-2019,0.42641551895644775
Dicrurus hottentottus,5,2020-2024,0.45054325267394607
Dicrurus leucophaeus,1,2000-2004,0.29181039928968006
Dicrurus leucophaeus,2,2005-2009,0.3211403546292629
Dicrurus leucophaeus,3,2010-2014,0.34430266704826423
Dicrurus leucophaeus,4,2015-2019,0.2982814292681551
Dicrurus leucophaeus,5,2020-2024,0.3851730386326933
Dicrurus macrocercus,1,2000-2004,0.5135291932091199
Dicrurus macrocercus,2,2005-2009,0.5566248958590906
Dicrurus macrocercus,3,2010-2014,0.5462821654461046
Dicrurus macrocercus,4,2015-2019,0.5256216748614154
Dicrurus macrocercus,5,2020-2024,0.526383657904518
Egretta garzetta,1,2000-2004,0.3950883499957233
Egretta garzetta,2,2005-2009,0.4653046113683187
Egretta garzetta,3,2010-2014,0.5076092781099732
Egretta garzetta,4,2015-2019,0.5384905486006922
Egretta garzetta,5,2020-2024,0.6021151194145409
Elanus caeruleus,1,2000-2004,0.12006327455985623
Elanus caeruleus,2,2005-2009,0.1399250324983312
Elanus caeruleus,3,2010-2014,0.18038041711142344
Elanus caeruleus,4,2015-2019,0.22452326566477426
Elanus caeruleus,5,2020-2024,0.3206520524634908
Emberiza cioides,1,2000-2004,0.46883337853326834
Emberiza cioides,2,2005-2009,0.5398172273563587
Emberiza cioides,3,2010-2014,0.605138875516762
Emberiza cioides,4,2015-2019,0.5664742454047835
Emberiza cioides,5,2020-2024,0.6382561720615594
Emberiza elegans,1,2000-2004,0.43751438848756813
Emberiza elegans,2,2005-2009,0.5999134471139163
Emberiza elegans,3,2010-2014,0.6172771091906735
Emberiza elegans,4,2015-2019,0.5265500852766746
Emberiza elegans,5,2020-2024,0.5909044777575838
Emberiza godlewskii,1,2000-2004,0.43962912552918176
Emberiza godlewskii,2,2005-2009,0.42242811559551957
Emberiza godlewskii,3,2010-2014,0.33087234933874354
Emberiza godlewskii,4,2015-2019,0.2878107307518629
Emberiza godlewskii,5,2020-2024,0.30238009043438685
Emberiza pusilla,1,2000-2004,0.4732273416803544
Emberiza pusilla,2,2005-2009,0.5624125947384802
Emberiza pusilla,3,2010-2014,0.5863204751060643
Emberiza pusilla,4,2015-2019,0.6129833555908876
Emberiza pusilla,5,2020-2024,0.7324762587890653
Emberiza spodocephala,1,2000-2004,0.491001959393866
Emberiza spodocephala,2,2005-2009,0.5334735741885743
Emberiza spodocephala,3,2010-2014,0.6511839086878006
Emberiza spodocephala,4,2015-2019,0.6418329234165903
Emberiza spodocephala,5,2020-2024,0.7403486691522874
Emberiza tristrami,1,2000-2004,0.3707153762438186
Emberiza tristrami,2,2005-2009,0.528408997940354
Emberiza tristrami,3,2010-2014,0.568908612576184
Emberiza tristrami,4,2015-2019,0.4559519201886985
Emberiza tristrami,5,2020-2024,0.4943029327854021
Enicurus leschenaulti,1,2000-2004,0.1964408532291599
Enicurus leschenaulti,2,2005-2009,0.24092092572826948
Enicurus leschenaulti,3,2010-2014,0.27376847933703796
Enicurus leschenaulti,4,2015-2019,0.2760832539759149
Enicurus leschenaulti,5,2020-2024,0.29321673994317005
Eophona migratoria,1,2000-2004,0.394272256498541
Eophona migratoria,2,2005-2009,0.40083216758078516
Eophona migratoria,3,2010-2014,0.439993365342705
Eophona migratoria,4,2015-2019,0.44217394307920493
Eophona migratoria,5,2020-2024,0.48728173609930453
Eremophila alpestris,1,2000-2004,0.3786893797812916
Eremophila alpestris,2,2005-2009,0.3209795678133107
Eremophila alpestris,3,2010-2014,0.2844628341859207
Eremophila alpestris,4,2015-2019,0.2752884638466892
Eremophila alpestris,5,2020-2024,0.32453707130146037
Eudynamys scolopaceus,1,2000-2004,0.2492608757157964
Eudynamys scolopaceus,2,2005-2009,0.29479717186085247
Eudynamys scolopaceus,3,2010-2014,0.40148350722752907
Eudynamys scolopaceus,4,2015-2019,0.45513196841266274
Eudynamys scolopaceus,5,2020-2024,0.49155611648330605
Falco amurensis,1,2000-2004,0.30483146909333364
Falco amurensis,2,2005-2009,0.36755910923651014
Falco amurensis,3,2010-2014,0.4205965000854288
Falco amurensis,4,2015-2019,0.49353083680954773
Falco amurensis,5,2020-2024,0.599090445513343
Falco peregrinus,1,2000-2004,0.680649987447885
Falco peregrinus,2,2005-2009,0.7083356979152429
Falco peregrinus,3,2010-2014,0.6978009504373375
Falco peregrinus,4,2015-2019,0.7408212650923738
Falco peregrinus,5,2020-2024,0.801775768486514
Falco subbuteo,1,2000-2004,0.6958752501838332
Falco subbuteo,2,2005-2009,0.7464717739107375
Falco subbuteo,3,2010-2014,0.7340092669331254
Falco subbuteo,4,2015-2019,0.7762446701893828
Falco subbuteo,5,2020-2024,0.8305847362741162
Falco tinnunculus,1,2000-2004,0.8070728081165514
Falco tinnunculus,2,2005-2009,0.8244953658469695
Falco tinnunculus,3,2010-2014,0.8709987840953287
Falco tinnunculus,4,2015-2019,0.9115680070573912
Falco tinnunculus,5,2020-2024,0.9423036379416089
Ficedula albicilla,1,2000-2004,0.8465984494618478
Ficedula albicilla,2,2005-2009,0.8362975356846132
Ficedula albicilla,3,2010-2014,0.7908542552719298
Ficedula albicilla,4,2015-2019,0.6449140859173546
Ficedula albicilla,5,2020-2024,0.8056304780639796
Fringilla montifringilla,1,2000-2004,0.5108239917324943
Fringilla montifringilla,2,2005-2009,0.6406730396816875
Fringilla montifringilla,3,2010-2014,0.715064881726706
Fringilla montifringilla,4,2015-2019,0.7742133722674528
Fringilla montifringilla,5,2020-2024,0.8511692935817392
Fulica atra,1,2000-2004,0.3615265943419636
Fulica atra,2,2005-2009,0.4341543451311683
Fulica atra,3,2010-2014,0.5175100120928576
Fulica atra,4,2015-2019,0.6961572855592515
Fulica atra,5,2020-2024,0.8277673228770741
Gallinago gallinago,1,2000-2004,0.5934026112331817
Gallinago gallinago,2,2005-2009,0.6797023616570073
Gallinago gallinago,3,2010-2014,0.702939698753321
Gallinago gallinago,4,2015-2019,0.662678369319892
Gallinago gallinago,5,2020-2024,0.7680033974143196
Gallinula chloropus,1,2000-2004,0.38272761612644335
Gallinula chloropus,2,2005-2009,0.4371552520056356
Gallinula chloropus,3,2010-2014,0.5576295175541854
Gallinula chloropus,4,2015-2019,0.6332731761895949
Gallinula chloropus,5,2020-2024,0.7303080485741215
Garrulus glandarius,1,2000-2004,0.40883972858480033
Garrulus glandarius,2,2005-2009,0.4128153097099383
Garrulus glandarius,3,2010-2014,0.4403907659499668
Garrulus glandarius,4,2015-2019,0.4655688375386957
Garrulus glandarius,5,2020-2024,0.49744379533854954
Gracupica nigricollis,1,2000-2004,0.12338650259172602
Gracupica nigricollis,2,2005-2009,0.1377519425036915
Gracupica nigricollis,3,2010-2014,0.16692400366003624
Gracupica nigricollis,4,2015-2019,0.19179380628613968
Gracupica nigricollis,5,2020-2024,0.21743103266757433
Gyps himalayensis,1,2000-2004,0.30407554115853724
Gyps himalayensis,2,2005-2009,0.2417303602708679
Gyps himalayensis,3,2010-2014,0.21301919015957874
Gyps himalayensis,4,2015-2019,0.20129892332215807
Gyps himalayensis,5,2020-2024,0.24512044069723082
Halcyon smyrnensis,1,2000-2004,0.15160935894161864
Halcyon smyrnensis,2,2005-2009,0.16385914349681008
Halcyon smyrnensis,3,2010-2014,0.1763631798030335
Halcyon smyrnensis,4,2015-2019,0.19387357423730353
Halcyon smyrnensis,5,2020-2024,0.21525032577567244
Hemixos castanonotus,1,2000-2004,0.10949814351456315
Hemixos castanonotus,2,2005-2009,0.1316479503814354
Hemixos castanonotus,3,2010-2014,0.1770023308330091
Hemixos castanonotus,4,2015-2019,0.19046228339342897
Hemixos castanonotus,5,2020-2024,0.22545168705711421
Himantopus himantopus,1,2000-2004,0.3840802559496852
Himantopus himantopus,2,2005-2009,0.44679411976717304
Himantopus himantopus,3,2010-2014,0.5398938576618483
Himantopus himantopus,4,2015-2019,0.6247630134989187
Himantopus himantopus,5,2020-2024,0.7198192824784408
Hirundo rustica,1,2000-2004,0.8094579144828175
Hirundo rustica,2,2005-2009,0.84821029412118
Hirundo rustica,3,2010-2014,0.8948236391436101
Hirundo rustica,4,2015-2019,0.9250353691077822
Hirundo rustica,5,2020-2024,0.9386644538183094
Horornis fortipes,1,2000-2004,0.24259570467482874
Horornis fortipes,2,2005-2009,0.29858721133931243
Horornis fortipes,3,2010-2014,0.35516520700102305
Horornis fortipes,4,2015-2019,0.3522365762454979
Horornis fortipes,5,2020-2024,0.3809381861465264
Hypsipetes leucocephalus,1,2000-2004,0.26794406775851554
Hypsipetes leucocephalus,2,2005-2009,0.2763230541986302
Hypsipetes leucocephalus,3,2010-2014,0.2886786815170451
Hypsipetes leucocephalus,4,2015-2019,0.2972751391604266
Hypsipetes leucocephalus,5,2020-2024,0.31485100582775133
Ixobrychus sinensis,1,2000-2004,0.36357320660061165
Ixobrychus sinensis,2,2005-2009,0.398158845902621
Ixobrychus sinensis,3,2010-2014,0.4829780753637528
Ixobrychus sinensis,4,2015-2019,0.5399015393503049
Ixobrychus sinensis,5,2020-2024,0.5831517850895134
Ixos mcclellandii,1,2000-2004,0.17625235559030408
Ixos mcclellandii,2,2005-2009,0.2089953432818101
Ixos mcclellandii,3,2010-2014,0.2538562280525369
Ixos mcclellandii,4,2015-2019,0.29406610919726306
Ixos mcclellandii,5,2020-2024,0.3217745018266995
Lanius cristatus,1,2000-2004,0.8488232791437336
Lanius cristatus,2,2005-2009,0.7867330130670391
Lanius cristatus,3,2010-2014,0.7979518538602925
Lanius cristatus,4,2015-2019,0.8029771538675152
Lanius cristatus,5,2020-2024,0.8458226968388105
Lanius schach,1,2000-2004,0.3130952231357208
Lanius schach,2,2005-2009,0.34367409157639683
Lanius schach,3,2010-2014,0.39248149206938193
Lanius schach,4,2015-2019,0.43343439839614967
Lanius schach,5,2020-2024,0.45817929782104305
Lanius sphenocercus,1,2000-2004,0.3861054278016872
Lanius sphenocercus,2,2005-2009,0.4396030137191205
Lanius sphenocercus,3,2010-2014,0.4463493948154824
Lanius sphenocercus,4,2015-2019,0.501509602657542
Lanius sphenocercus,5,2020-2024,0.6070563878454772
Lanius tephronotus,1,2000-2004,0.3490001444815533
Lanius tephronotus,2,2005-2009,0.3332015550319344
Lanius tephronotus,3,2010-2014,0.24281588729289524
Lanius tephronotus,4,2015-2019,0.20662357869336434
Lanius tephronotus,5,2020-2024,0.24883729892924952
Larus argentatus,1,2000-2004,0.2640225864786866
Larus argentatus,2,2005-2009,0.32317728421548425
Larus argentatus,3,2010-2014,0.33383536022855964
Larus argentatus,4,2015-2019,0.4056672830266666
Larus argentatus,5,2020-2024,0.30323292347668335
Leiothrix lutea,1,2000-2004,0.2334692651045289
Leiothrix lutea,2,2005-2009,0.27962352993845524
Leiothrix lutea,3,2010-2014,0.3090104562239274
Leiothrix lutea,4,2015-2019,0.2702785687544325
Leiothrix lutea,5,2020-2024,0.26858456977154477
Limosa limosa,1,2000-2004,0.3011731513183852
Limosa limosa,2,2005-2009,0.37805124326900535
Limosa limosa,3,2010-2014,0.3713007121759827
Limosa limosa,4,2015-2019,0.4108541807350146
Limosa limosa,5,2020-2024,0.43903758155687367
Lonchura punctulata,1,2000-2004,0.16700573279909275
Lonchura punctulata,2,2005-2009,0.18489149861948745
Lonchura punctulata,3,2010-2014,0.2424595188617119
Lonchura punctulata,4,2015-2019,0.26429889385201305
Lonchura punctulata,5,2020-2024,0.29935649653147733
Lonchura striata,1,2000-2004,0.21032565439588635
Lonchura striata,2,2005-2009,0.23888179111483346
Lonchura striata,3,2010-2014,0.29207201708944136
Lonchura striata,4,2015-2019,0.3199592246276488
Lonchura striata,5,2020-2024,0.33237660383821305
Mareca falcata,1,2000-2004,0.44890819821696376
Mareca falcata,2,2005-2009,0.47691120459364267
Mareca falcata,3,2010-2014,0.46155496030371235
Mareca falcata,4,2015-2019,0.5347674538497622
Mareca falcata,5,2020-2024,0.6608363619201595
Mareca penelope,1,2000-2004,0.6375544294103085
Mareca penelope,2,2005-2009,0.6139010694818268
Mareca penelope,3,2010-2014,0.5000415377482489
Mareca penelope,4,2015-2019,0.6202532863299941
Mareca penelope,5,2020-2024,0.6907458022552659
Mareca strepera,1,2000-2004,0.5856629288591186
Mareca strepera,2,2005-2009,0.5996096812677929
Mareca strepera,3,2010-2014,0.6065182052101338
Mareca strepera,4,2015-2019,0.6637695442342435
Mareca strepera,5,2020-2024,0.7560889285774512
Mergus merganser,1,2000-2004,0.7302276413492547
Mergus merganser,2,2005-2009,0.7429901035456984
Mergus merganser,3,2010-2014,0.721320128406431
Mergus merganser,4,2015-2019,0.7585550192657218
Mergus merganser,5,2020-2024,0.7873326731805977
Milvus migrans,1,2000-2004,0.676145167568223
Milvus migrans,2,2005-2009,0.6980031640823232
Milvus migrans,3,2010-2014,0.6955984056800696
Milvus migrans,4,2015-2019,0.7140658845747516
Milvus migrans,5,2020-2024,0.7813706152962537
Monticola solitarius,1,2000-2004,0.4413535335631855
Monticola solitarius,2,2005-2009,0.4809234768583785
Monticola solitarius,3,2010-2014,0.46672832789343227
Monticola solitarius,4,2015-2019,0.44251326918311845
Monticola solitarius,5,2020-2024,0.43137753443366533
Motacilla alba,1,2000-2004,0.9398366557306053
Motacilla alba,2,2005-2009,0.9650418729737471
Motacilla alba,3,2010-2014,0.9666696174849615
Motacilla alba,4,2015-2019,0.9645622214332756
Motacilla alba,5,2020-2024,0.9805628750427345
Motacilla cinerea,1,2000-2004,0.8202248704811944
Motacilla cinerea,2,2005-2009,0.8554704967892282
Motacilla cinerea,3,2010-2014,0.8700176514465138
Motacilla cinerea,4,2015-2019,0.8304703605843226
Motacilla cinerea,5,2020-2024,0.9081364109757692
Motacilla citreola,1,2000-2004,0.7302508162016956
Motacilla citreola,2,2005-2009,0.7073568574846566
Motacilla citreola,3,2010-2014,0.7024689709865806
Motacilla citreola,4,2015-2019,0.6571352453735407
Motacilla citreola,5,2020-2024,0.7939840867587233
Motacilla tschutschensis,1,2000-2004,0.699933308018308
Motacilla tschutschensis,2,2005-2009,0.7394616140502744
Motacilla tschutschensis,3,2010-2014,0.8010056193820666
Motacilla tschutschensis,4,2015-2019,0.7613819179379128
Motacilla tschutschensis,5,2020-2024,0.859197989871854
Muscicapa sibirica,1,2000-2004,0.8766273863599305
Muscicapa sibirica,2,2005-2009,0.7832155127103121
Muscicapa sibirica,3,2010-2014,0.8409754917958867
Muscicapa sibirica,4,2015-2019,0.5871313373144005
Muscicapa sibirica,5,2020-2024,0.6959961294468091
Myophonus caeruleus,1,2000-2004,0.3241793498540862
Myophonus caeruleus,2,2005-2009,0.3393492123253933
Myophonus caeruleus,3,2010-2014,0.3602949190158302
Myophonus caeruleus,4,2015-2019,0.3771370745957742
Myophonus caeruleus,5,2020-2024,0.4006905840653039
Nycticorax nycticorax,1,2000-2004,0.4141287489379792
Nycticorax nycticorax,2,2005-2009,0.4545526964612743
Nycticorax nycticorax,3,2010-2014,0.5386074552572211
Nycticorax nycticorax,4,2015-2019,0.5996334815668978
Nycticorax nycticorax,5,2020-2024,0.6222993059245274
Oriolus chinensis,1,2000-2004,0.5069831094130572
Oriolus chinensis,2,2005-2009,0.5102416534585223
Oriolus chinensis,3,2010-2014,0.6057323104537491
Oriolus chinensis,4,2015-2019,0.6024754146188798
Oriolus chinensis,5,2020-2024,0.6671153360690355
Pardaliparus venustulus,1,2000-2004,0.5240555437386111
Pardaliparus venustulus,2,2005-2009,0.5412124693689897
Pardaliparus venustulus,3,2010-2014,0.5726897100431102
Pardaliparus venustulus,4,2015-2019,0.4611750379636361
Pardaliparus venustulus,5,2020-2024,0.5094870356612118
Parus minor,1,2000-2004,0.5851098588218089
Parus minor,2,2005-2009,0.6123146650608128
Parus minor,3,2010-2014,0.643278854801562
Parus minor,4,2015-2019,0.6688277192428487
Parus minor,5,2020-2024,0.7050368647779963
Parus monticolus,1,2000-2004,0.16169993223861448
Parus monticolus,2,2005-2009,0.16301600202161926
Parus monticolus,3,2010-2014,0.17869750425801104
Parus monticolus,4,2015-2019,0.1687936692096127
Parus monticolus,5,2020-2024,0.19047225849131938
Passer cinnamomeus,1,2000-2004,0.3213809914964361
Passer cinnamomeus,2,2005-2009,0.45003849791427614
Passer cinnamomeus,3,2010-2014,0.39858635713718793
Passer cinnamomeus,4,2015-2019,0.4027915233613015
Passer cinnamomeus,5,2020-2024,0.4957451070497013
Passer montanus,1,2000-2004,0.9070572661646723
Passer montanus,2,2005-2009,0.939735504795419
Passer montanus,3,2010-2014,0.9710179059534837
Passer montanus,4,2015-2019,0.9840184128904765
Passer montanus,5,2020-2024,0.9867185329380632
Pericrocotus solaris,1,2000-2004,0.15785695433328373
Pericrocotus solaris,2,2005-2009,0.18769278209366186
Pericrocotus solaris,3,2010-2014,0.20993979962185685
Pericrocotus solaris,4,2015-2019,0.2437057165045405
Pericrocotus solaris,5,2020-2024,0.2754965982172324
Periparus ater,1,2000-2004,0.5187150883442676
Periparus ater,2,2005-2009,0.5611776461645684
Periparus ater,3,2010-2014,0.509354020020348
Periparus ater,4,2015-2019,0.561053327203847
Periparus ater,5,2020-2024,0.5338838517499643
Pernis ptilorhynchus,1,2000-2004,0.5653178767271201
Pernis ptilorhynchus,2,2005-2009,0.5753976901107877
Pernis ptilorhynchus,3,2010-2014,0.652147967360652
Pernis ptilorhynchus,4,2015-2019,0.6295592994597372
Pernis ptilorhynchus,5,2020-2024,0.7574201688764168
Phalacrocorax carbo,1,2000-2004,0.6313142714204493
Phalacrocorax carbo,2,2005-2009,0.6674656461455578
Phalacrocorax carbo,3,2010-2014,0.6987260923126661
Phalacrocorax carbo,4,2015-2019,0.7310332128692377
Phalacrocorax carbo,5,2020-2024,0.8182733344303632
Phasianus colchicus,1,2000-2004,0.5564235002013116
Phasianus colchicus,2,2005-2009,0.6719405409127513
Phasianus colchicus,3,2010-2014,0.7187112781782065
Phasianus colchicus,4,2015-2019,0.7403720041243071
Phasianus colchicus,5,2020-2024,0.8241832127539751
Phoenicurus auroreus,1,2000-2004,0.5855623006524416
Phoenicurus auroreus,2,2005-2009,0.6238250220725314
Phoenicurus auroreus,3,2010-2014,0.6600571080687665
Phoenicurus auroreus,4,2015-2019,0.6740458501704032
Phoenicurus auroreus,5,2020-2024,0.7506849979554283
Phoenicurus frontalis,1,2000-2004,0.3221877904003629
Phoenicurus frontalis,2,2005-2009,0.27955362709297665
Phoenicurus frontalis,3,2010-2014,0.2609284744597097
Phoenicurus frontalis,4,2015-2019,0.24836330690492534
Phoenicurus frontalis,5,2020-2024,0.24159076061088577
Phoenicurus fuliginosus,1,2000-2004,0.3215254950459427
Phoenicurus fuliginosus,2,2005-2009,0.3427906670190069
Phoenicurus fuliginosus,3,2010-2014,0.36837066223116066
Phoenicurus fuliginosus,4,2015-2019,0.3986071090937713
Phoenicurus fuliginosus,5,2020-2024,0.43908114387132563
Phoenicurus ochruros,1,2000-2004,0.3561007134342815
Phoenicurus ochruros,2,2005-2009,0.33539144861578374
Phoenicurus ochruros,3,2010-2014,0.2988891059710733
Phoenicurus ochruros,4,2015-2019,0.29333965756038977
Phoenicurus ochruros,5,2020-2024,0.31322084147037543
Phylloscopus borealis,1,2000-2004,0.7514658418393343
Phylloscopus borealis,2,2005-2009,0.7517393352792485
Phylloscopus borealis,3,2010-2014,0.7503361607343361
Phylloscopus borealis,4,2015-2019,0.7624874046598382
Phylloscopus borealis,5,2020-2024,0.7176375106376633
Phylloscopus fuscatus,1,2000-2004,0.7099082298167215
Phylloscopus fuscatus,2,2005-2009,0.672662674778692
Phylloscopus fuscatus,3,2010-2014,0.7248347812556256
Phylloscopus fuscatus,4,2015-2019,0.7129909072227075
Phylloscopus fuscatus,5,2020-2024,0.7619145441513359
Phylloscopus humei,1,2000-2004,0.657273650564883
Phylloscopus humei,2,2005-2009,0.5659155477360283
Phylloscopus humei,3,2010-2014,0.5976299360698334
Phylloscopus humei,4,2015-2019,0.5158508028020635
Phylloscopus humei,5,2020-2024,0.4950001380961326
Phylloscopus inornatus,1,2000-2004,0.48029905353575164
Phylloscopus inornatus,2,2005-2009,0.5236215760694299
Phylloscopus inornatus,3,2010-2014,0.5917006852165161
Phylloscopus inornatus,4,2015-2019,0.6340388643909358
Phylloscopus inornatus,5,2020-2024,0.7054386955245399
Phylloscopus proregulus,1,2000-2004,0.5643366911060277
Phylloscopus proregulus,2,2005-2009,0.5968518283737596
Phylloscopus proregulus,3,2010-2014,0.7066625804613141
Phylloscopus proregulus,4,2015-2019,0.6842832473811623
Phylloscopus proregulus,5,2020-2024,0.7713282690877534
Pica serica,1,2000-2004,0.38067840816023396
Pica serica,2,2005-2009,0.44991667678645575
Pica serica,3,2010-2014,0.5929990627399618
Pica serica,4,2015-2019,0.6798420678508355
Pica serica,5,2020-2024,0.7297752281366936
Picoides canicapillus,1,2000-2004,0.01730197172308993
Picoides canicapillus,2,2005-2009,0.04286821374057751
Picoides canicapillus,3,2010-2014,0.07946591272859362
Picoides canicapillus,4,2015-2019,0.1939826519487742
Picoides canicapillus,5,2020-2024,0.5282736653490345
Picumnus innominatus,1,2000-2004,0.23096965175738823
Picumnus innominatus,2,2005-2009,0.25023008867739205
Picumnus innominatus,3,2010-2014,0.2805526976288127
Picumnus innominatus,4,2015-2019,0.2958789864580516
Picumnus innominatus,5,2020-2024,0.3404929834132724
Picus canus,1,2000-2004,0.5840964099363488
Picus canus,2,2005-2009,0.6954261501880445
Picus canus,3,2010-2014,0.6860907936129611
Picus canus,4,2015-2019,0.677176442727796
Picus canus,5,2020-2024,0.7076260892855025
Platalea leucorodia,1,2000-2004,0.19261149371713845
Platalea leucorodia,2,2005-2009,0.2652699659494036
Platalea leucorodia,3,2010-2014,0.31382240013998086
Platalea leucorodia,4,2015-2019,0.34140672282806406
Platalea leucorodia,5,2020-2024,0.4904803114026858
Podiceps cristatus,1,2000-2004,0.5211812042206975
Podiceps cristatus,2,2005-2009,0.5769840390396153
Podiceps cristatus,3,2010-2014,0.5947170302035566
Podiceps cristatus,4,2015-2019,0.6812673715814422
Podiceps cristatus,5,2020-2024,0.7703938393259406
Pomatorhinus ruficollis,1,2000-2004,0.210438100168966
Pomatorhinus ruficollis,2,2005-2009,0.24190574564078468
Pomatorhinus ruficollis,3,2010-2014,0.25150937615918667
Pomatorhinus ruficollis,4,2015-2019,0.28125664332965095
Pomatorhinus ruficollis,5,2020-2024,0.3179899989580172
Prinia flaviventris,1,2000-2004,0.09141695772389098
Prinia flaviventris,2,2005-2009,0.10876528458042542
Prinia flaviventris,3,2010-2014,0.12787736404067768
Prinia flaviventris,4,2015-2019,0.1467124589874972
Prinia flaviventris,5,2020-2024,0.16926535467649725
Prinia inornata,1,2000-2004,0.17977210771543667
Prinia inornata,2,2005-2009,0.21390151528865087
Prinia inornata,3,2010-2014,0.267960313973509
Prinia inornata,4,2015-2019,0.30249691231922027
Prinia inornata,5,2020-2024,0.3644516234012493
Psilopogon virens,1,2000-2004,0.12681294929360326
Psilopogon virens,2,2005-2009,0.1479137120831671
Psilopogon virens,3,2010-2014,0.17976693010438247
Psilopogon virens,4,2015-2019,0.20298065660465348
Psilopogon virens,5,2020-2024,0.2506217420463119
Pterorhinus sannio,1,2000-2004,0.10154077243001056
Pterorhinus sannio,2,2005-2009,0.13662213952531357
Pterorhinus sannio,3,2010-2014,0.19242951571830577
Pterorhinus sannio,4,2015-2019,0.22699651143912766
Pterorhinus sannio,5,2020-2024,0.2751531613641749
Ptyonoprogne rupestris,1,2000-2004,0.5856076455366076
Ptyonoprogne rupestris,2,2005-2009,0.5128577218037419
Ptyonoprogne rupestris,3,2010-2014,0.4107120824755897
Ptyonoprogne rupestris,4,2015-2019,0.33902771760890765
Ptyonoprogne rupestris,5,2020-2024,0.3809301770250827
Pycnonotus aurigaster,1,2000-2004,0.0830327803934431
Pycnonotus aurigaster,2,2005-2009,0.09605222360512385
Pycnonotus aurigaster,3,2010-2014,0.11740931095308638
Pycnonotus aurigaster,4,2015-2019,0.12898150195086877
Pycnonotus aurigaster,5,2020-2024,0.1599561405804757
Pycnonotus jocosus,1,2000-2004,0.08899771424307441
Pycnonotus jocosus,2,2005-2009,0.10554643207269729
Pycnonotus jocosus,3,2010-2014,0.1212376674751936
Pycnonotus jocosus,4,2015-2019,0.13492533694437475
Pycnonotus jocosus,5,2020-2024,0.1554278064941804
Pycnonotus sinensis,1,2000-2004,0.35560854450879725
Pycnonotus sinensis,2,2005-2009,0.386912349123756
Pycnonotus sinensis,3,2010-2014,0.4480131170032867
Pycnonotus sinensis,4,2015-2019,0.4648243000210432
Pycnonotus sinensis,5,2020-2024,0.49151419765135734
Pycnonotus xanthorrhous,1,2000-2004,0.16459598576552864
Pycnonotus xanthorrhous,2,2005-2009,0.19407206751831343
Pycnonotus xanthorrhous,3,2010-2014,0.23214258583892544
Pycnonotus xanthorrhous,4,2015-2019,0.24307249512759282
Pycnonotus xanthorrhous,5,2020-2024,0.29028393162089344
Pyrrhocorax pyrrhocorax,1,2000-2004,0.42514715952985516
Pyrrhocorax pyrrhocorax,2,2005-2009,0.36989506957537854
Pyrrhocorax pyrrhocorax,3,2010-2014,0.32905188030239924
Pyrrhocorax pyrrhocorax,4,2015-2019,0.3294463964865843
Pyrrhocorax pyrrhocorax,5,2020-2024,0.3895624284613591
Recurvirostra avosetta,1,2000-2004,0.22951728628796575
Recurvirostra avosetta,2,2005-2009,0.2483190094061498
Recurvirostra avosetta,3,2010-2014,0.33569264746660843
Recurvirostra avosetta,4,2015-2019,0.3952595544729213
Recurvirostra avosetta,5,2020-2024,0.493044438029965
Regulus regulus,1,2000-2004,0.6448113890267764
Regulus regulus,2,2005-2009,0.6309524380585821
Regulus regulus,3,2010-2014,0.5894519388901169
Regulus regulus,4,2015-2019,0.5201559080691146
Regulus regulus,5,2020-2024,0.49551600238281146
Riparia diluta,1,2000-2004,0.4496249611116505
Riparia diluta,2,2005-2009,0.4021838255526586
Riparia diluta,3,2010-2014,0.388437590412193
Riparia diluta,4,2015-2019,0.4521145545758519
Riparia diluta,5,2020-2024,0.44990419522723823
Riparia riparia,1,2000-2004,0.5862570303761541
Riparia riparia,2,2005-2009,0.6100225187362139
Riparia riparia,3,2010-2014,0.671377785230322
Riparia riparia,4,2015-2019,0.7166658889933488
Riparia riparia,5,2020-2024,0.7843316033503603
Saxicola maurus,1,2000-2004,0.4167102673380573
Saxicola maurus,2,2005-2009,0.2957903302215795
Saxicola maurus,3,2010-2014,0.32750319537608646
Saxicola maurus,4,2015-2019,0.3441467318396146
Saxicola maurus,5,2020-2024,0.5753025248869428
Saxicola stejnegeri,1,2000-2004,0.2862778368139165
Saxicola stejnegeri,2,2005-2009,0.38804122719547424
Saxicola stejnegeri,3,2010-2014,0.5595576341527587
Saxicola stejnegeri,4,2015-2019,0.5360511491293444
Saxicola stejnegeri,5,2020-2024,0.6484358488797086
Sinosuthora webbiana,1,2000-2004,0.28997820653464185
Sinosuthora webbiana,2,2005-2009,0.33441452574603686
Sinosuthora webbiana,3,2010-2014,0.41244210197098125
Sinosuthora webbiana,4,2015-2019,0.4484526168201706
Sinosuthora webbiana,5,2020-2024,0.4906925315043689
Spatula clypeata,1,2000-2004,0.5828530163010042
Spatula clypeata,2,2005-2009,0.5705410738574413
Spatula clypeata,3,2010-2014,0.5367956942055544
Spatula clypeata,4,2015-2019,0.6326900723080829
Spatula clypeata,5,2020-2024,0.7439283650782413
Spatula querquedula,1,2000-2004,0.7374126279716219
Spatula querquedula,2,2005-2009,0.6819575929162439
Spatula querquedula,3,2010-2014,0.6007159942972728
Spatula querquedula,4,2015-2019,0.61985617063112
Spatula querquedula,5,2020-2024,0.7205090587986396
Spilopelia chinensis,1,2000-2004,0.34719180218523105
Spilopelia chinensis,2,2005-2009,0.4328854509279063
Spilopelia chinensis,3,2010-2014,0.49498982285395454
Spilopelia chinensis,4,2015-2019,0.5622372502217633
Spilopelia chinensis,5,2020-2024,0.5845785256935107
Spizixos semitorques,1,2000-2004,0.14359441822189267
Spizixos semitorques,2,2005-2009,0.185537279329874
Spizixos semitorques,3,2010-2014,0.24474941859171762
Spizixos semitorques,4,2015-2019,0.2675411733620832
Spizixos semitorques,5,2020-2024,0.3095728555223827
Spodiopsar cineraceus,1,2000-2004,0.37842143881162416
Spodiopsar cineraceus,2,2005-2009,0.5230637496110755
Spodiopsar cineraceus,3,2010-2014,0.6365961719818019
Spodiopsar cineraceus,4,2015-2019,0.7129675495941313
Spodiopsar cineraceus,5,2020-2024,0.7425436754796726
Spodiopsar sericeus,1,2000-2004,0.15822203030397364
Spodiopsar sericeus,2,2005-2009,0.2780798402427767
Spodiopsar sericeus,3,2010-2014,0.39015916924430194
Spodiopsar sericeus,4,2015-2019,0.379957406021108
Spodiopsar sericeus,5,2020-2024,0.4059463051287884
Sterna hirundo,1,2000-2004,0.5367246464331605
Sterna hirundo,2,2005-2009,0.5524403102125449
Sterna hirundo,3,2010-2014,0.558182059912749
Sterna hirundo,4,2015-2019,0.6055694873485399
Sterna hirundo,5,2020-2024,0.7011887561535896
Streptopelia decaocto,1,2000-2004,0.4466955344513174
Streptopelia decaocto,2,2005-2009,0.47458757712023325
Streptopelia decaocto,3,2010-2014,0.5082842763548994
Streptopelia decaocto,4,2015-2019,0.5439338248689164
Streptopelia decaocto,5,2020-2024,0.5909424413656325
Streptopelia orientalis,1,2000-2004,0.7713740559041592
Streptopelia orientalis,2,2005-2009,0.792390503840007
Streptopelia orientalis,3,2010-2014,0.8417299332975999
Streptopelia orientalis,4,2015-2019,0.8561953041277262
Streptopelia orientalis,5,2020-2024,0.9183976140935126
Tachybaptus ruficollis,1,2000-2004,0.433860734134011
Tachybaptus ruficollis,2,2005-2009,0.5536782753604632
Tachybaptus ruficollis,3,2010-2014,0.6034161630090198
Tachybaptus ruficollis,4,2015-2019,0.720920458344596
Tachybaptus ruficollis,5,2020-2024,0.740234136812383
Tadorna ferruginea,1,2000-2004,0.6224131795888099
Tadorna ferruginea,2,2005-2009,0.6529445900237473
Tadorna ferruginea,3,2010-2014,0.6649990354798317
Tadorna ferruginea,4,2015-2019,0.6887504177495819
Tadorna ferruginea,5,2020-2024,0.7861469140670612
Tadorna tadorna,1,2000-2004,0.36526027314217624
Tadorna tadorna,2,2005-2009,0.41468591825729634
Tadorna tadorna,3,2010-2014,0.44043957509012777
Tadorna tadorna,4,2015-2019,0.4689475850211811
Tadorna tadorna,5,2020-2024,0.5436298318159597
Tarsiger cyanurus,1,2000-2004,0.5727843038442215
Tarsiger cyanurus,2,2005-2009,0.5899755215848786
Tarsiger cyanurus,3,2010-2014,0.7114597010212969
Tarsiger cyanurus,4,2015-2019,0.6621619604230242
Tarsiger cyanurus,5,2020-2024,0.7231010997212625
Tringa erythropus,1,2000-2004,0.3293127114935267
Tringa erythropus,2,2005-2009,0.36170703571980795
Tringa erythropus,3,2010-2014,0.3953660090207363
Tringa erythropus,4,2015-2019,0.44255622259520544
Tringa erythropus,5,2020-2024,0.5005283326721846
Tringa glareola,1,2000-2004,0.6714466972069775
Tringa glareola,2,2005-2009,0.5670663775311368
Tringa glareola,3,2010-2014,0.67023727212592
Tringa glareola,4,2015-2019,0.6188251096732013
Tringa glareola,5,2020-2024,0.7571485497612598
Tringa nebularia,1,2000-2004,0.47485399239215514
Tringa nebularia,2,2005-2009,0.4881808673433216
Tringa nebularia,3,2010-2014,0.5546820349703875
Tringa nebularia,4,2015-2019,0.5410189402196317
Tringa nebularia,5,2020-2024,0.5815434845773858
Tringa ochropus,1,2000-2004,0.6867470661220237
Tringa ochropus,2,2005-2009,0.7990205746221731
Tringa ochropus,3,2010-2014,0.7785633248679881
Tringa ochropus,4,2015-2019,0.7645834477316383
Tringa ochropus,5,2020-2024,0.9072241295315742
Tringa stagnatilis,1,2000-2004,0.3008938105805431
Tringa stagnatilis,2,2005-2009,0.2829755446046857
Tringa stagnatilis,3,2010-2014,0.35442349881273427
Tringa stagnatilis,4,2015-2019,0.3611450445338982
Tringa stagnatilis,5,2020-2024,0.3928451670018058
Tringa totanus,1,2000-2004,0.4373125602791294
Tringa totanus,2,2005-2009,0.42840973798610454
Tringa totanus,3,2010-2014,0.4794726972904682
Tringa totanus,4,2015-2019,0.5224002632570304
Tringa totanus,5,2020-2024,0.5443116180050303
Trochalopteron elliotii,1,2000-2004,0.2195468370844799
Trochalopteron elliotii,2,2005-2009,0.18453346236423634
Trochalopteron elliotii,3,2010-2014,0.17365236966095057
Trochalopteron elliotii,4,2015-2019,0.15599165362179315
Trochalopteron elliotii,5,2020-2024,0.1649913506428767
Troglodytes troglodytes,1,2000-2004,0.5685182682409943
Troglodytes troglodytes,2,2005-2009,0.538110302635605
Troglodytes troglodytes,3,2010-2014,0.5291634048743705
Troglodytes troglodytes,4,2015-2019,0.5017343020374655
Troglodytes troglodytes,5,2020-2024,0.49844849988885603
Turdus eunomus,1,2000-2004,0.642180494667573
Turdus eunomus,2,2005-2009,0.6622011103591069
Turdus eunomus,3,2010-2014,0.6595500667257678
Turdus eunomus,4,2015-2019,0.6652306876759887
Turdus eunomus,5,2020-2024,0.7075312033263798
Turdus hortulorum,1,2000-2004,0.31370396439931786
Turdus hortulorum,2,2005-2009,0.384260161715376
Turdus hortulorum,3,2010-2014,0.4377660867899956
Turdus hortulorum,4,2015-2019,0.43758974217299706
Turdus hortulorum,5,2020-2024,0.4898151014635362
Turdus mandarinus,1,2000-2004,0.35195066891027926
Turdus mandarinus,2,2005-2009,0.39505558451618233
Turdus mandarinus,3,2010-2014,0.4498825781054929
Turdus mandarinus,4,2015-2019,0.46961239683117606
Turdus mandarinus,5,2020-2024,0.4883533812990245
Turdus naumanni,1,2000-2004,0.48588941668370345
Turdus naumanni,2,2005-2009,0.5109634491214194
Turdus naumanni,3,2010-2014,0.5739841042048759
Turdus naumanni,4,2015-2019,0.6042951596530786
Turdus naumanni,5,2020-2024,0.7007637383297343
Upupa epops,1,2000-2004,0.8209652762624768
Upupa epops,2,2005-2009,0.8531176665006244
Upupa epops,3,2010-2014,0.8581508025810106
Upupa epops,4,2015-2019,0.8797590032358643
Upupa epops,5,2020-2024,0.9045570258815747
Urocissa erythroryncha,1,2000-2004,0.032401550677862746
Urocissa erythroryncha,2,2005-2009,0.06338664169941716
Urocissa erythroryncha,3,2010-2014,0.1292883657129045
Urocissa erythroryncha,4,2015-2019,0.23866949463131293
Urocissa erythroryncha,5,2020-2024,0.459382446527903
Vanellus cinereus,1,2000-2004,0.24207690616583424
Vanellus cinereus,2,2005-2009,0.34163484477682005
Vanellus cinereus,3,2010-2014,0.4526028102565552
Vanellus cinereus,4,2015-2019,0.533107992691121
Vanellus cinereus,5,2020-2024,0.6224100994519346
Vanellus vanellus,1,2000-2004,0.40126432696057807
Vanellus vanellus,2,2005-2009,0.47388566453704056
Vanellus vanellus,3,2010-2014,0.47740052290597773
Vanellus vanellus,4,2015-2019,0.5312738505900724
Vanellus vanellus,5,2020-2024,0.6536479600049281
Zosterops simplex,1,2000-2004,0.3574388455276362
Zosterops simplex,2,2005-2009,0.34413979447010123
Zosterops simplex,3,2010-2014,0.42696708187185856
Zosterops simplex,4,2015-2019,0.4176302671299605
Zosterops simplex,5,2020-2024,0.47228342880656227
